# 2026-08-23T13:45:41.969Z
69385 page=1 fetchUrl=https://acm.timus.ru/status.aspx?space=1&author=69385&count=100&locale=en
69385 page=1 pageSubmissions=100
69385 page=1 submissionsAfterChallengeStart=100
69385 page=1 nextHref=status.aspx?space=1&amp;author=69385&amp;from=11241301
69385 page=1 next=/status.aspx?space=1&author=69385&from=11241301
69385 page=2 fetchUrl=https://acm.timus.ru/status.aspx?space=1&author=69385&from=11241301
69385 page=2 pageSubmissions=10
69385 page=2 submissionsAfterChallengeStart=10
69385 page=2 nextHref=status.aspx?space=1&amp;author=69385&amp;from=11240680
69385 page=2 next=/status.aspx?space=1&author=69385&from=11240680
69385 page=3 fetchUrl=https://acm.timus.ru/status.aspx?space=1&author=69385&from=11240680
69385 page=3 pageSubmissions=10
69385 page=3 submissionsAfterChallengeStart=10
69385 page=3 nextHref=status.aspx?space=1&amp;author=69385&amp;from=11240576
69385 page=3 next=/status.aspx?space=1&author=69385&from=11240576
69385 page=4 fetchUrl=https://acm.timus.ru/status.aspx?space=1&author=69385&from=11240576
69385 page=4 pageSubmissions=10
69385 page=4 submissionsAfterChallengeStart=5
69385 page=4 nextHref=status.aspx?space=1&amp;author=69385&amp;from=9460282
69385 page=4 next=
408257 page=1 fetchUrl=https://acm.timus.ru/status.aspx?space=1&author=408257&count=100&locale=en
408257 page=1 pageSubmissions=78
408257 page=1 submissionsAfterChallengeStart=78
408257 page=1 nextHref=
408257 page=1 next=
408279 page=1 fetchUrl=https://acm.timus.ru/status.aspx?space=1&author=408279&count=100&locale=en
408279 page=1 pageSubmissions=1
408279 page=1 submissionsAfterChallengeStart=1
408279 page=1 nextHref=
408279 page=1 next=
408277 page=1 fetchUrl=https://acm.timus.ru/status.aspx?space=1&author=408277&count=100&locale=en
408277 page=1 pageSubmissions=6
408277 page=1 submissionsAfterChallengeStart=6
408277 page=1 nextHref=
408277 page=1 next=
408280 page=1 fetchUrl=https://acm.timus.ru/status.aspx?space=1&author=408280&count=100&locale=en
408280 page=1 pageSubmissions=26
408280 page=1 submissionsAfterChallengeStart=26
408280 page=1 nextHref=
408280 page=1 next=
408281 page=1 fetchUrl=https://acm.timus.ru/status.aspx?space=1&author=408281&count=100&locale=en
408281 page=1 pageSubmissions=0
408281 page=1 submissionsAfterChallengeStart=0
408281 page=1 nextHref=
408281 page=1 next=
408282 page=1 fetchUrl=https://acm.timus.ru/status.aspx?space=1&author=408282&count=100&locale=en
408282 page=1 pageSubmissions=3
408282 page=1 submissionsAfterChallengeStart=3
408282 page=1 nextHref=
408282 page=1 next=
408283 page=1 fetchUrl=https://acm.timus.ru/status.aspx?space=1&author=408283&count=100&locale=en
408283 page=1 pageSubmissions=51
408283 page=1 submissionsAfterChallengeStart=51
408283 page=1 nextHref=
408283 page=1 next=
408292 page=1 fetchUrl=https://acm.timus.ru/status.aspx?space=1&author=408292&count=100&locale=en
408292 page=1 pageSubmissions=55
408292 page=1 submissionsAfterChallengeStart=55
408292 page=1 nextHref=
408292 page=1 next=
408293 page=1 fetchUrl=https://acm.timus.ru/status.aspx?space=1&author=408293&count=100&locale=en
408293 page=1 pageSubmissions=14
408293 page=1 submissionsAfterChallengeStart=14
408293 page=1 nextHref=
408293 page=1 next=
408296 page=1 fetchUrl=https://acm.timus.ru/status.aspx?space=1&author=408296&count=100&locale=en
408296 page=1 pageSubmissions=32
408296 page=1 submissionsAfterChallengeStart=32
408296 page=1 nextHref=
408296 page=1 next=
408294 page=1 fetchUrl=https://acm.timus.ru/status.aspx?space=1&author=408294&count=100&locale=en
408294 page=1 pageSubmissions=28
408294 page=1 submissionsAfterChallengeStart=28
408294 page=1 nextHref=
408294 page=1 next=
408298 page=1 fetchUrl=https://acm.timus.ru/status.aspx?space=1&author=408298&count=100&locale=en
408298 page=1 pageSubmissions=20
408298 page=1 submissionsAfterChallengeStart=20
408298 page=1 nextHref=
408298 page=1 next=
408303 page=1 fetchUrl=https://acm.timus.ru/status.aspx?space=1&author=408303&count=100&locale=en
408303 page=1 pageSubmissions=91
408303 page=1 submissionsAfterChallengeStart=91
408303 page=1 nextHref=
408303 page=1 next=
408307 page=1 fetchUrl=https://acm.timus.ru/status.aspx?space=1&author=408307&count=100&locale=en
408307 page=1 pageSubmissions=3
408307 page=1 submissionsAfterChallengeStart=3
408307 page=1 nextHref=
408307 page=1 next=
408311 page=1 fetchUrl=https://acm.timus.ru/status.aspx?space=1&author=408311&count=100&locale=en
408311 page=1 pageSubmissions=5
408311 page=1 submissionsAfterChallengeStart=5
408311 page=1 nextHref=
408311 page=1 next=
408323 page=1 fetchUrl=https://acm.timus.ru/status.aspx?space=1&author=408323&count=100&locale=en
408323 page=1 pageSubmissions=21
408323 page=1 submissionsAfterChallengeStart=21
408323 page=1 nextHref=
408323 page=1 next=
408301 page=1 fetchUrl=https://acm.timus.ru/status.aspx?space=1&author=408301&count=100&locale=en
408301 page=1 pageSubmissions=14
408301 page=1 submissionsAfterChallengeStart=14
408301 page=1 nextHref=
408301 page=1 next=
408326 page=1 fetchUrl=https://acm.timus.ru/status.aspx?space=1&author=408326&count=100&locale=en
408326 page=1 pageSubmissions=12
408326 page=1 submissionsAfterChallengeStart=12
408326 page=1 nextHref=
408326 page=1 next=
# 2026-08-23T13:47:45.949Z
69385 page=1 fetchUrl=https://acm.timus.ru/status.aspx?space=1&author=69385&count=100&locale=en
69385 page=1 pageSubmissions=100
69385 page=1 submissionsAfterChallengeStart=100
69385 page=1 nextHref=status.aspx?space=1&amp;author=69385&amp;from=11241301
69385 page=1 next=/status.aspx?space=1&author=69385&from=11241301
69385 page=2 fetchUrl=https://acm.timus.ru/status.aspx?space=1&author=69385&from=11241301
69385 page=2 pageSubmissions=10
69385 page=2 submissionsAfterChallengeStart=10
69385 page=2 nextHref=status.aspx?space=1&amp;author=69385&amp;from=11240680
69385 page=2 next=/status.aspx?space=1&author=69385&from=11240680
69385 page=3 fetchUrl=https://acm.timus.ru/status.aspx?space=1&author=69385&from=11240680
69385 page=3 pageSubmissions=10
69385 page=3 submissionsAfterChallengeStart=10
69385 page=3 nextHref=status.aspx?space=1&amp;author=69385&amp;from=11240576
69385 page=3 next=/status.aspx?space=1&author=69385&from=11240576
69385 page=4 fetchUrl=https://acm.timus.ru/status.aspx?space=1&author=69385&from=11240576
69385 page=4 pageSubmissions=10
69385 page=4 submissionsAfterChallengeStart=5
69385 page=4 nextHref=status.aspx?space=1&amp;author=69385&amp;from=9460282
69385 page=4 next=
408257 page=1 fetchUrl=https://acm.timus.ru/status.aspx?space=1&author=408257&count=100&locale=en
408257 page=1 pageSubmissions=78
408257 page=1 submissionsAfterChallengeStart=78
408257 page=1 nextHref=
408257 page=1 next=
408279 page=1 fetchUrl=https://acm.timus.ru/status.aspx?space=1&author=408279&count=100&locale=en
408279 page=1 pageSubmissions=1
408279 page=1 submissionsAfterChallengeStart=1
408279 page=1 nextHref=
408279 page=1 next=
408277 page=1 fetchUrl=https://acm.timus.ru/status.aspx?space=1&author=408277&count=100&locale=en
408277 page=1 pageSubmissions=6
408277 page=1 submissionsAfterChallengeStart=6
408277 page=1 nextHref=
408277 page=1 next=
408280 page=1 fetchUrl=https://acm.timus.ru/status.aspx?space=1&author=408280&count=100&locale=en
408280 page=1 pageSubmissions=26
408280 page=1 submissionsAfterChallengeStart=26
408280 page=1 nextHref=
408280 page=1 next=
408281 page=1 fetchUrl=https://acm.timus.ru/status.aspx?space=1&author=408281&count=100&locale=en
408281 page=1 pageSubmissions=0
408281 page=1 submissionsAfterChallengeStart=0
408281 page=1 nextHref=
408281 page=1 next=
408282 page=1 fetchUrl=https://acm.timus.ru/status.aspx?space=1&author=408282&count=100&locale=en
408282 page=1 pageSubmissions=3
408282 page=1 submissionsAfterChallengeStart=3
408282 page=1 nextHref=
408282 page=1 next=
408283 page=1 fetchUrl=https://acm.timus.ru/status.aspx?space=1&author=408283&count=100&locale=en
408283 page=1 pageSubmissions=51
408283 page=1 submissionsAfterChallengeStart=51
408283 page=1 nextHref=
408283 page=1 next=
408292 page=1 fetchUrl=https://acm.timus.ru/status.aspx?space=1&author=408292&count=100&locale=en
408292 page=1 pageSubmissions=55
408292 page=1 submissionsAfterChallengeStart=55
408292 page=1 nextHref=
408292 page=1 next=
408293 page=1 fetchUrl=https://acm.timus.ru/status.aspx?space=1&author=408293&count=100&locale=en
408293 page=1 pageSubmissions=14
408293 page=1 submissionsAfterChallengeStart=14
408293 page=1 nextHref=
408293 page=1 next=
408296 page=1 fetchUrl=https://acm.timus.ru/status.aspx?space=1&author=408296&count=100&locale=en
408296 page=1 pageSubmissions=32
408296 page=1 submissionsAfterChallengeStart=32
408296 page=1 nextHref=
408296 page=1 next=
408294 page=1 fetchUrl=https://acm.timus.ru/status.aspx?space=1&author=408294&count=100&locale=en
408294 page=1 pageSubmissions=28
408294 page=1 submissionsAfterChallengeStart=28
408294 page=1 nextHref=
408294 page=1 next=
408298 page=1 fetchUrl=https://acm.timus.ru/status.aspx?space=1&author=408298&count=100&locale=en
408298 page=1 pageSubmissions=20
408298 page=1 submissionsAfterChallengeStart=20
408298 page=1 nextHref=
408298 page=1 next=
408303 page=1 fetchUrl=https://acm.timus.ru/status.aspx?space=1&author=408303&count=100&locale=en
408303 page=1 pageSubmissions=91
408303 page=1 submissionsAfterChallengeStart=91
408303 page=1 nextHref=
408303 page=1 next=
408307 page=1 fetchUrl=https://acm.timus.ru/status.aspx?space=1&author=408307&count=100&locale=en
408307 page=1 pageSubmissions=3
408307 page=1 submissionsAfterChallengeStart=3
408307 page=1 nextHref=
408307 page=1 next=
408311 page=1 fetchUrl=https://acm.timus.ru/status.aspx?space=1&author=408311&count=100&locale=en
408311 page=1 pageSubmissions=5
408311 page=1 submissionsAfterChallengeStart=5
408311 page=1 nextHref=
408311 page=1 next=
408323 page=1 fetchUrl=https://acm.timus.ru/status.aspx?space=1&author=408323&count=100&locale=en
408323 page=1 pageSubmissions=21
408323 page=1 submissionsAfterChallengeStart=21
408323 page=1 nextHref=
408323 page=1 next=
408301 page=1 fetchUrl=https://acm.timus.ru/status.aspx?space=1&author=408301&count=100&locale=en
408301 page=1 pageSubmissions=14
408301 page=1 submissionsAfterChallengeStart=14
408301 page=1 nextHref=
408301 page=1 next=
408326 page=1 fetchUrl=https://acm.timus.ru/status.aspx?space=1&author=408326&count=100&locale=en
408326 page=1 pageSubmissions=12
408326 page=1 submissionsAfterChallengeStart=12
408326 page=1 nextHref=
408326 page=1 next=
# 2026-08-23T13:51:19.946Z
69385 page=1 fetchUrl=https://acm.timus.ru/status.aspx?space=1&author=69385&count=100&locale=en
69385 page=1 pageSubmissions=100
69385 page=1 submissionsAfterChallengeStart=100
69385 page=1 nextHref=status.aspx?space=1&amp;author=69385&amp;from=11241301
69385 page=1 next=/status.aspx?space=1&author=69385&from=11241301
69385 page=2 fetchUrl=https://acm.timus.ru/status.aspx?space=1&author=69385&from=11241301
69385 page=2 pageSubmissions=10
69385 page=2 submissionsAfterChallengeStart=10
69385 page=2 nextHref=status.aspx?space=1&amp;author=69385&amp;from=11240680
69385 page=2 next=/status.aspx?space=1&author=69385&from=11240680
69385 page=3 fetchUrl=https://acm.timus.ru/status.aspx?space=1&author=69385&from=11240680
69385 page=3 pageSubmissions=10
69385 page=3 submissionsAfterChallengeStart=10
69385 page=3 nextHref=status.aspx?space=1&amp;author=69385&amp;from=11240576
69385 page=3 next=/status.aspx?space=1&author=69385&from=11240576
69385 page=4 fetchUrl=https://acm.timus.ru/status.aspx?space=1&author=69385&from=11240576
69385 page=4 pageSubmissions=10
69385 page=4 submissionsAfterChallengeStart=5
69385 page=4 nextHref=status.aspx?space=1&amp;author=69385&amp;from=9460282
69385 page=4 next=
408257 page=1 fetchUrl=https://acm.timus.ru/status.aspx?space=1&author=408257&count=100&locale=en
408257 page=1 pageSubmissions=78
408257 page=1 submissionsAfterChallengeStart=78
408257 page=1 nextHref=
408257 page=1 next=
408279 page=1 fetchUrl=https://acm.timus.ru/status.aspx?space=1&author=408279&count=100&locale=en
408279 page=1 pageSubmissions=1
408279 page=1 submissionsAfterChallengeStart=1
408279 page=1 nextHref=
408279 page=1 next=
408277 page=1 fetchUrl=https://acm.timus.ru/status.aspx?space=1&author=408277&count=100&locale=en
408277 page=1 pageSubmissions=6
408277 page=1 submissionsAfterChallengeStart=6
408277 page=1 nextHref=
408277 page=1 next=
408280 page=1 fetchUrl=https://acm.timus.ru/status.aspx?space=1&author=408280&count=100&locale=en
408280 page=1 pageSubmissions=26
408280 page=1 submissionsAfterChallengeStart=26
408280 page=1 nextHref=
408280 page=1 next=
408281 page=1 fetchUrl=https://acm.timus.ru/status.aspx?space=1&author=408281&count=100&locale=en
408281 page=1 pageSubmissions=0
408281 page=1 submissionsAfterChallengeStart=0
408281 page=1 nextHref=
408281 page=1 next=
408282 page=1 fetchUrl=https://acm.timus.ru/status.aspx?space=1&author=408282&count=100&locale=en
408282 page=1 pageSubmissions=3
408282 page=1 submissionsAfterChallengeStart=3
408282 page=1 nextHref=
408282 page=1 next=
408283 page=1 fetchUrl=https://acm.timus.ru/status.aspx?space=1&author=408283&count=100&locale=en
408283 page=1 pageSubmissions=51
408283 page=1 submissionsAfterChallengeStart=51
408283 page=1 nextHref=
408283 page=1 next=
408292 page=1 fetchUrl=https://acm.timus.ru/status.aspx?space=1&author=408292&count=100&locale=en
408292 page=1 pageSubmissions=55
408292 page=1 submissionsAfterChallengeStart=55
408292 page=1 nextHref=
408292 page=1 next=
408293 page=1 fetchUrl=https://acm.timus.ru/status.aspx?space=1&author=408293&count=100&locale=en
408293 page=1 pageSubmissions=14
408293 page=1 submissionsAfterChallengeStart=14
408293 page=1 nextHref=
408293 page=1 next=
408296 page=1 fetchUrl=https://acm.timus.ru/status.aspx?space=1&author=408296&count=100&locale=en
408296 page=1 pageSubmissions=32
408296 page=1 submissionsAfterChallengeStart=32
408296 page=1 nextHref=
408296 page=1 next=
408294 page=1 fetchUrl=https://acm.timus.ru/status.aspx?space=1&author=408294&count=100&locale=en
408294 page=1 pageSubmissions=28
408294 page=1 submissionsAfterChallengeStart=28
408294 page=1 nextHref=
408294 page=1 next=
408298 page=1 fetchUrl=https://acm.timus.ru/status.aspx?space=1&author=408298&count=100&locale=en
408298 page=1 pageSubmissions=20
408298 page=1 submissionsAfterChallengeStart=20
408298 page=1 nextHref=
408298 page=1 next=
408303 page=1 fetchUrl=https://acm.timus.ru/status.aspx?space=1&author=408303&count=100&locale=en
408303 page=1 pageSubmissions=91
408303 page=1 submissionsAfterChallengeStart=91
408303 page=1 nextHref=
408303 page=1 next=
408307 page=1 fetchUrl=https://acm.timus.ru/status.aspx?space=1&author=408307&count=100&locale=en
408307 page=1 pageSubmissions=3
408307 page=1 submissionsAfterChallengeStart=3
408307 page=1 nextHref=
408307 page=1 next=
408311 page=1 fetchUrl=https://acm.timus.ru/status.aspx?space=1&author=408311&count=100&locale=en
408311 page=1 pageSubmissions=5
408311 page=1 submissionsAfterChallengeStart=5
408311 page=1 nextHref=
408311 page=1 next=
408323 page=1 fetchUrl=https://acm.timus.ru/status.aspx?space=1&author=408323&count=100&locale=en
408323 page=1 pageSubmissions=21
408323 page=1 submissionsAfterChallengeStart=21
408323 page=1 nextHref=
408323 page=1 next=
408301 page=1 fetchUrl=https://acm.timus.ru/status.aspx?space=1&author=408301&count=100&locale=en
408301 page=1 pageSubmissions=14
408301 page=1 submissionsAfterChallengeStart=14
408301 page=1 nextHref=
408301 page=1 next=
408326 page=1 fetchUrl=https://acm.timus.ru/status.aspx?space=1&author=408326&count=100&locale=en
408326 page=1 pageSubmissions=12
408326 page=1 submissionsAfterChallengeStart=12
408326 page=1 nextHref=
408326 page=1 next=
# 2026-08-23T13:54:57.444Z
69385 page=1 fetchUrl=https://acm.timus.ru/status.aspx?space=1&author=69385&count=100&locale=en
69385 page=1 pageSubmissions=100
69385 page=1 submissionsAfterChallengeStart=100
69385 page=1 nextHref=status.aspx?space=1&amp;author=69385&amp;from=11241301
69385 page=1 next=/status.aspx?space=1&author=69385&from=11241301
69385 page=2 fetchUrl=https://acm.timus.ru/status.aspx?space=1&author=69385&from=11241301
69385 page=2 pageSubmissions=10
69385 page=2 submissionsAfterChallengeStart=10
69385 page=2 nextHref=status.aspx?space=1&amp;author=69385&amp;from=11240680
69385 page=2 next=/status.aspx?space=1&author=69385&from=11240680
69385 page=3 fetchUrl=https://acm.timus.ru/status.aspx?space=1&author=69385&from=11240680
69385 page=3 pageSubmissions=10
69385 page=3 submissionsAfterChallengeStart=10
69385 page=3 nextHref=status.aspx?space=1&amp;author=69385&amp;from=11240576
69385 page=3 next=/status.aspx?space=1&author=69385&from=11240576
69385 page=4 fetchUrl=https://acm.timus.ru/status.aspx?space=1&author=69385&from=11240576
69385 page=4 pageSubmissions=10
69385 page=4 submissionsAfterChallengeStart=5
69385 page=4 nextHref=status.aspx?space=1&amp;author=69385&amp;from=9460282
69385 page=4 next=
408257 page=1 fetchUrl=https://acm.timus.ru/status.aspx?space=1&author=408257&count=100&locale=en
408257 page=1 pageSubmissions=78
408257 page=1 submissionsAfterChallengeStart=78
408257 page=1 nextHref=
408257 page=1 next=
408279 page=1 fetchUrl=https://acm.timus.ru/status.aspx?space=1&author=408279&count=100&locale=en
408279 page=1 pageSubmissions=1
408279 page=1 submissionsAfterChallengeStart=1
408279 page=1 nextHref=
408279 page=1 next=
408277 page=1 fetchUrl=https://acm.timus.ru/status.aspx?space=1&author=408277&count=100&locale=en
408277 page=1 pageSubmissions=6
408277 page=1 submissionsAfterChallengeStart=6
408277 page=1 nextHref=
408277 page=1 next=
408280 page=1 fetchUrl=https://acm.timus.ru/status.aspx?space=1&author=408280&count=100&locale=en
408280 page=1 pageSubmissions=26
408280 page=1 submissionsAfterChallengeStart=26
408280 page=1 nextHref=
408280 page=1 next=
408281 page=1 fetchUrl=https://acm.timus.ru/status.aspx?space=1&author=408281&count=100&locale=en
408281 page=1 pageSubmissions=0
408281 page=1 submissionsAfterChallengeStart=0
408281 page=1 nextHref=
408281 page=1 next=
408282 page=1 fetchUrl=https://acm.timus.ru/status.aspx?space=1&author=408282&count=100&locale=en
408282 page=1 pageSubmissions=3
408282 page=1 submissionsAfterChallengeStart=3
408282 page=1 nextHref=
408282 page=1 next=
408283 page=1 fetchUrl=https://acm.timus.ru/status.aspx?space=1&author=408283&count=100&locale=en
408283 page=1 pageSubmissions=51
408283 page=1 submissionsAfterChallengeStart=51
408283 page=1 nextHref=
408283 page=1 next=
408292 page=1 fetchUrl=https://acm.timus.ru/status.aspx?space=1&author=408292&count=100&locale=en
408292 page=1 pageSubmissions=55
408292 page=1 submissionsAfterChallengeStart=55
408292 page=1 nextHref=
408292 page=1 next=
408293 page=1 fetchUrl=https://acm.timus.ru/status.aspx?space=1&author=408293&count=100&locale=en
408293 page=1 pageSubmissions=14
408293 page=1 submissionsAfterChallengeStart=14
408293 page=1 nextHref=
408293 page=1 next=
408296 page=1 fetchUrl=https://acm.timus.ru/status.aspx?space=1&author=408296&count=100&locale=en
408296 page=1 pageSubmissions=32
408296 page=1 submissionsAfterChallengeStart=32
408296 page=1 nextHref=
408296 page=1 next=
408294 page=1 fetchUrl=https://acm.timus.ru/status.aspx?space=1&author=408294&count=100&locale=en
408294 page=1 pageSubmissions=28
408294 page=1 submissionsAfterChallengeStart=28
408294 page=1 nextHref=
408294 page=1 next=
408298 page=1 fetchUrl=https://acm.timus.ru/status.aspx?space=1&author=408298&count=100&locale=en
408298 page=1 pageSubmissions=20
408298 page=1 submissionsAfterChallengeStart=20
408298 page=1 nextHref=
408298 page=1 next=
408303 page=1 fetchUrl=https://acm.timus.ru/status.aspx?space=1&author=408303&count=100&locale=en
408303 page=1 pageSubmissions=91
408303 page=1 submissionsAfterChallengeStart=91
408303 page=1 nextHref=
408303 page=1 next=
408307 page=1 fetchUrl=https://acm.timus.ru/status.aspx?space=1&author=408307&count=100&locale=en
408307 page=1 pageSubmissions=3
408307 page=1 submissionsAfterChallengeStart=3
408307 page=1 nextHref=
408307 page=1 next=
408311 page=1 fetchUrl=https://acm.timus.ru/status.aspx?space=1&author=408311&count=100&locale=en
408311 page=1 pageSubmissions=5
408311 page=1 submissionsAfterChallengeStart=5
408311 page=1 nextHref=
408311 page=1 next=
408323 page=1 fetchUrl=https://acm.timus.ru/status.aspx?space=1&author=408323&count=100&locale=en
408323 page=1 pageSubmissions=21
408323 page=1 submissionsAfterChallengeStart=21
408323 page=1 nextHref=
408323 page=1 next=
408301 page=1 fetchUrl=https://acm.timus.ru/status.aspx?space=1&author=408301&count=100&locale=en
408301 page=1 pageSubmissions=14
408301 page=1 submissionsAfterChallengeStart=14
408301 page=1 nextHref=
408301 page=1 next=
408326 page=1 fetchUrl=https://acm.timus.ru/status.aspx?space=1&author=408326&count=100&locale=en
408326 page=1 pageSubmissions=12
408326 page=1 submissionsAfterChallengeStart=12
408326 page=1 nextHref=
408326 page=1 next=
# 2026-08-23T13:55:30.191Z
69385 page=1 fetchUrl=https://acm.timus.ru/status.aspx?space=1&author=69385&count=100&locale=en
69385 page=1 pageSubmissions=100
69385 page=1 submissionsAfterChallengeStart=100
69385 page=1 nextHref=status.aspx?space=1&amp;author=69385&amp;from=11241301
69385 page=1 next=/status.aspx?space=1&author=69385&from=11241301
69385 page=2 fetchUrl=https://acm.timus.ru/status.aspx?space=1&author=69385&from=11241301
69385 page=2 pageSubmissions=10
69385 page=2 submissionsAfterChallengeStart=10
69385 page=2 nextHref=status.aspx?space=1&amp;author=69385&amp;from=11240680
69385 page=2 next=/status.aspx?space=1&author=69385&from=11240680
69385 page=3 fetchUrl=https://acm.timus.ru/status.aspx?space=1&author=69385&from=11240680
69385 page=3 pageSubmissions=10
69385 page=3 submissionsAfterChallengeStart=10
69385 page=3 nextHref=status.aspx?space=1&amp;author=69385&amp;from=11240576
69385 page=3 next=/status.aspx?space=1&author=69385&from=11240576
69385 page=4 fetchUrl=https://acm.timus.ru/status.aspx?space=1&author=69385&from=11240576
69385 page=4 pageSubmissions=10
69385 page=4 submissionsAfterChallengeStart=5
69385 page=4 nextHref=status.aspx?space=1&amp;author=69385&amp;from=9460282
69385 page=4 next=
408257 page=1 fetchUrl=https://acm.timus.ru/status.aspx?space=1&author=408257&count=100&locale=en
408257 page=1 pageSubmissions=78
408257 page=1 submissionsAfterChallengeStart=78
408257 page=1 nextHref=
408257 page=1 next=
408279 page=1 fetchUrl=https://acm.timus.ru/status.aspx?space=1&author=408279&count=100&locale=en
408279 page=1 pageSubmissions=1
408279 page=1 submissionsAfterChallengeStart=1
408279 page=1 nextHref=
408279 page=1 next=
408277 page=1 fetchUrl=https://acm.timus.ru/status.aspx?space=1&author=408277&count=100&locale=en
408277 page=1 pageSubmissions=6
408277 page=1 submissionsAfterChallengeStart=6
408277 page=1 nextHref=
408277 page=1 next=
408280 page=1 fetchUrl=https://acm.timus.ru/status.aspx?space=1&author=408280&count=100&locale=en
408280 page=1 pageSubmissions=26
408280 page=1 submissionsAfterChallengeStart=26
408280 page=1 nextHref=
408280 page=1 next=
408281 page=1 fetchUrl=https://acm.timus.ru/status.aspx?space=1&author=408281&count=100&locale=en
408281 page=1 pageSubmissions=0
408281 page=1 submissionsAfterChallengeStart=0
408281 page=1 nextHref=
408281 page=1 next=
408282 page=1 fetchUrl=https://acm.timus.ru/status.aspx?space=1&author=408282&count=100&locale=en
408282 page=1 pageSubmissions=3
408282 page=1 submissionsAfterChallengeStart=3
408282 page=1 nextHref=
408282 page=1 next=
408283 page=1 fetchUrl=https://acm.timus.ru/status.aspx?space=1&author=408283&count=100&locale=en
408283 page=1 pageSubmissions=51
408283 page=1 submissionsAfterChallengeStart=51
408283 page=1 nextHref=
408283 page=1 next=
408292 page=1 fetchUrl=https://acm.timus.ru/status.aspx?space=1&author=408292&count=100&locale=en
408292 page=1 pageSubmissions=55
408292 page=1 submissionsAfterChallengeStart=55
408292 page=1 nextHref=
408292 page=1 next=
408293 page=1 fetchUrl=https://acm.timus.ru/status.aspx?space=1&author=408293&count=100&locale=en
408293 page=1 pageSubmissions=14
408293 page=1 submissionsAfterChallengeStart=14
408293 page=1 nextHref=
408293 page=1 next=
408296 page=1 fetchUrl=https://acm.timus.ru/status.aspx?space=1&author=408296&count=100&locale=en
408296 page=1 pageSubmissions=32
408296 page=1 submissionsAfterChallengeStart=32
408296 page=1 nextHref=
408296 page=1 next=
408294 page=1 fetchUrl=https://acm.timus.ru/status.aspx?space=1&author=408294&count=100&locale=en
408294 page=1 pageSubmissions=28
408294 page=1 submissionsAfterChallengeStart=28
408294 page=1 nextHref=
408294 page=1 next=
408298 page=1 fetchUrl=https://acm.timus.ru/status.aspx?space=1&author=408298&count=100&locale=en
408298 page=1 pageSubmissions=20
408298 page=1 submissionsAfterChallengeStart=20
408298 page=1 nextHref=
408298 page=1 next=
408303 page=1 fetchUrl=https://acm.timus.ru/status.aspx?space=1&author=408303&count=100&locale=en
408303 page=1 pageSubmissions=91
408303 page=1 submissionsAfterChallengeStart=91
408303 page=1 nextHref=
408303 page=1 next=
408307 page=1 fetchUrl=https://acm.timus.ru/status.aspx?space=1&author=408307&count=100&locale=en
408307 page=1 pageSubmissions=3
408307 page=1 submissionsAfterChallengeStart=3
408307 page=1 nextHref=
408307 page=1 next=
408311 page=1 fetchUrl=https://acm.timus.ru/status.aspx?space=1&author=408311&count=100&locale=en
408311 page=1 pageSubmissions=5
408311 page=1 submissionsAfterChallengeStart=5
408311 page=1 nextHref=
408311 page=1 next=
408323 page=1 fetchUrl=https://acm.timus.ru/status.aspx?space=1&author=408323&count=100&locale=en
408323 page=1 pageSubmissions=21
408323 page=1 submissionsAfterChallengeStart=21
408323 page=1 nextHref=
408323 page=1 next=
408301 page=1 fetchUrl=https://acm.timus.ru/status.aspx?space=1&author=408301&count=100&locale=en
408301 page=1 pageSubmissions=14
408301 page=1 submissionsAfterChallengeStart=14
408301 page=1 nextHref=
408301 page=1 next=
408326 page=1 fetchUrl=https://acm.timus.ru/status.aspx?space=1&author=408326&count=100&locale=en
408326 page=1 pageSubmissions=12
408326 page=1 submissionsAfterChallengeStart=12
408326 page=1 nextHref=
408326 page=1 next=
# 2026-08-23T13:58:00.007Z
69385 page=1 fetchUrl=https://acm.timus.ru/status.aspx?space=1&author=69385&count=100&locale=en
69385 page=1 pageSubmissions=100
69385 page=1 submissionsAfterChallengeStart=100
69385 page=1 nextHref=status.aspx?space=1&amp;author=69385&amp;from=11241301
69385 page=1 next=/status.aspx?space=1&author=69385&from=11241301
69385 page=2 fetchUrl=https://acm.timus.ru/status.aspx?space=1&author=69385&from=11241301
69385 page=2 pageSubmissions=10
69385 page=2 submissionsAfterChallengeStart=10
69385 page=2 nextHref=status.aspx?space=1&amp;author=69385&amp;from=11240680
69385 page=2 next=/status.aspx?space=1&author=69385&from=11240680
69385 page=3 fetchUrl=https://acm.timus.ru/status.aspx?space=1&author=69385&from=11240680
69385 page=3 pageSubmissions=10
69385 page=3 submissionsAfterChallengeStart=10
69385 page=3 nextHref=status.aspx?space=1&amp;author=69385&amp;from=11240576
69385 page=3 next=/status.aspx?space=1&author=69385&from=11240576
69385 page=4 fetchUrl=https://acm.timus.ru/status.aspx?space=1&author=69385&from=11240576
69385 page=4 pageSubmissions=10
69385 page=4 submissionsAfterChallengeStart=5
69385 page=4 nextHref=status.aspx?space=1&amp;author=69385&amp;from=9460282
69385 page=4 next=
408257 page=1 fetchUrl=https://acm.timus.ru/status.aspx?space=1&author=408257&count=100&locale=en
408257 page=1 pageSubmissions=78
408257 page=1 submissionsAfterChallengeStart=78
408257 page=1 nextHref=
408257 page=1 next=
408279 page=1 fetchUrl=https://acm.timus.ru/status.aspx?space=1&author=408279&count=100&locale=en
408279 page=1 pageSubmissions=1
408279 page=1 submissionsAfterChallengeStart=1
408279 page=1 nextHref=
408279 page=1 next=
408277 page=1 fetchUrl=https://acm.timus.ru/status.aspx?space=1&author=408277&count=100&locale=en
408277 page=1 pageSubmissions=6
408277 page=1 submissionsAfterChallengeStart=6
408277 page=1 nextHref=
408277 page=1 next=
408280 page=1 fetchUrl=https://acm.timus.ru/status.aspx?space=1&author=408280&count=100&locale=en
408280 page=1 pageSubmissions=26
408280 page=1 submissionsAfterChallengeStart=26
408280 page=1 nextHref=
408280 page=1 next=
408281 page=1 fetchUrl=https://acm.timus.ru/status.aspx?space=1&author=408281&count=100&locale=en
408281 page=1 pageSubmissions=0
408281 page=1 submissionsAfterChallengeStart=0
408281 page=1 nextHref=
408281 page=1 next=
408282 page=1 fetchUrl=https://acm.timus.ru/status.aspx?space=1&author=408282&count=100&locale=en
408282 page=1 pageSubmissions=3
408282 page=1 submissionsAfterChallengeStart=3
408282 page=1 nextHref=
408282 page=1 next=
408283 page=1 fetchUrl=https://acm.timus.ru/status.aspx?space=1&author=408283&count=100&locale=en
408283 page=1 pageSubmissions=51
408283 page=1 submissionsAfterChallengeStart=51
408283 page=1 nextHref=
408283 page=1 next=
408292 page=1 fetchUrl=https://acm.timus.ru/status.aspx?space=1&author=408292&count=100&locale=en
408292 page=1 pageSubmissions=55
408292 page=1 submissionsAfterChallengeStart=55
408292 page=1 nextHref=
408292 page=1 next=
408293 page=1 fetchUrl=https://acm.timus.ru/status.aspx?space=1&author=408293&count=100&locale=en
408293 page=1 pageSubmissions=14
408293 page=1 submissionsAfterChallengeStart=14
408293 page=1 nextHref=
408293 page=1 next=
408296 page=1 fetchUrl=https://acm.timus.ru/status.aspx?space=1&author=408296&count=100&locale=en
408296 page=1 pageSubmissions=32
408296 page=1 submissionsAfterChallengeStart=32
408296 page=1 nextHref=
408296 page=1 next=
408294 page=1 fetchUrl=https://acm.timus.ru/status.aspx?space=1&author=408294&count=100&locale=en
408294 page=1 pageSubmissions=28
408294 page=1 submissionsAfterChallengeStart=28
408294 page=1 nextHref=
408294 page=1 next=
408298 page=1 fetchUrl=https://acm.timus.ru/status.aspx?space=1&author=408298&count=100&locale=en
408298 page=1 pageSubmissions=20
408298 page=1 submissionsAfterChallengeStart=20
408298 page=1 nextHref=
408298 page=1 next=
408303 page=1 fetchUrl=https://acm.timus.ru/status.aspx?space=1&author=408303&count=100&locale=en
408303 page=1 pageSubmissions=91
408303 page=1 submissionsAfterChallengeStart=91
408303 page=1 nextHref=
408303 page=1 next=
408307 page=1 fetchUrl=https://acm.timus.ru/status.aspx?space=1&author=408307&count=100&locale=en
408307 page=1 pageSubmissions=3
408307 page=1 submissionsAfterChallengeStart=3
408307 page=1 nextHref=
408307 page=1 next=
408311 page=1 fetchUrl=https://acm.timus.ru/status.aspx?space=1&author=408311&count=100&locale=en
408311 page=1 pageSubmissions=5
408311 page=1 submissionsAfterChallengeStart=5
408311 page=1 nextHref=
408311 page=1 next=
408323 page=1 fetchUrl=https://acm.timus.ru/status.aspx?space=1&author=408323&count=100&locale=en
408323 page=1 pageSubmissions=21
408323 page=1 submissionsAfterChallengeStart=21
408323 page=1 nextHref=
408323 page=1 next=
408301 page=1 fetchUrl=https://acm.timus.ru/status.aspx?space=1&author=408301&count=100&locale=en
408301 page=1 pageSubmissions=14
408301 page=1 submissionsAfterChallengeStart=14
408301 page=1 nextHref=
408301 page=1 next=
408326 page=1 fetchUrl=https://acm.timus.ru/status.aspx?space=1&author=408326&count=100&locale=en
408326 page=1 pageSubmissions=12
408326 page=1 submissionsAfterChallengeStart=12
408326 page=1 nextHref=
408326 page=1 next=
# 2026-08-23T14:02:57.325Z
69385 page=1 fetchUrl=https://acm.timus.ru/status.aspx?space=1&author=69385&count=100&locale=en
69385 page=1 pageSubmissions=100
69385 page=1 submissionsAfterChallengeStart=100
69385 page=1 nextHref=status.aspx?space=1&amp;author=69385&amp;from=11241301
69385 page=1 next=/status.aspx?space=1&author=69385&from=11241301
69385 page=2 fetchUrl=https://acm.timus.ru/status.aspx?space=1&author=69385&from=11241301
69385 page=2 pageSubmissions=10
69385 page=2 submissionsAfterChallengeStart=10
69385 page=2 nextHref=status.aspx?space=1&amp;author=69385&amp;from=11240680
69385 page=2 next=/status.aspx?space=1&author=69385&from=11240680
69385 page=3 fetchUrl=https://acm.timus.ru/status.aspx?space=1&author=69385&from=11240680
69385 page=3 pageSubmissions=10
69385 page=3 submissionsAfterChallengeStart=10
69385 page=3 nextHref=status.aspx?space=1&amp;author=69385&amp;from=11240576
69385 page=3 next=/status.aspx?space=1&author=69385&from=11240576
69385 page=4 fetchUrl=https://acm.timus.ru/status.aspx?space=1&author=69385&from=11240576
69385 page=4 pageSubmissions=10
69385 page=4 submissionsAfterChallengeStart=5
69385 page=4 nextHref=status.aspx?space=1&amp;author=69385&amp;from=9460282
69385 page=4 next=
408257 page=1 fetchUrl=https://acm.timus.ru/status.aspx?space=1&author=408257&count=100&locale=en
408257 page=1 pageSubmissions=79
408257 page=1 submissionsAfterChallengeStart=79
408257 page=1 nextHref=
408257 page=1 next=
408279 page=1 fetchUrl=https://acm.timus.ru/status.aspx?space=1&author=408279&count=100&locale=en
408279 page=1 pageSubmissions=1
408279 page=1 submissionsAfterChallengeStart=1
408279 page=1 nextHref=
408279 page=1 next=
408277 page=1 fetchUrl=https://acm.timus.ru/status.aspx?space=1&author=408277&count=100&locale=en
408277 page=1 pageSubmissions=6
408277 page=1 submissionsAfterChallengeStart=6
408277 page=1 nextHref=
408277 page=1 next=
408280 page=1 fetchUrl=https://acm.timus.ru/status.aspx?space=1&author=408280&count=100&locale=en
408280 page=1 pageSubmissions=26
408280 page=1 submissionsAfterChallengeStart=26
408280 page=1 nextHref=
408280 page=1 next=
408281 page=1 fetchUrl=https://acm.timus.ru/status.aspx?space=1&author=408281&count=100&locale=en
408281 page=1 pageSubmissions=0
408281 page=1 submissionsAfterChallengeStart=0
408281 page=1 nextHref=
408281 page=1 next=
408282 page=1 fetchUrl=https://acm.timus.ru/status.aspx?space=1&author=408282&count=100&locale=en
408282 page=1 pageSubmissions=3
408282 page=1 submissionsAfterChallengeStart=3
408282 page=1 nextHref=
408282 page=1 next=
408283 page=1 fetchUrl=https://acm.timus.ru/status.aspx?space=1&author=408283&count=100&locale=en
408283 page=1 pageSubmissions=51
408283 page=1 submissionsAfterChallengeStart=51
408283 page=1 nextHref=
408283 page=1 next=
408292 page=1 fetchUrl=https://acm.timus.ru/status.aspx?space=1&author=408292&count=100&locale=en
408292 page=1 pageSubmissions=55
408292 page=1 submissionsAfterChallengeStart=55
408292 page=1 nextHref=
408292 page=1 next=
408293 page=1 fetchUrl=https://acm.timus.ru/status.aspx?space=1&author=408293&count=100&locale=en
408293 page=1 pageSubmissions=14
408293 page=1 submissionsAfterChallengeStart=14
408293 page=1 nextHref=
408293 page=1 next=
408296 page=1 fetchUrl=https://acm.timus.ru/status.aspx?space=1&author=408296&count=100&locale=en
408296 page=1 pageSubmissions=32
408296 page=1 submissionsAfterChallengeStart=32
408296 page=1 nextHref=
408296 page=1 next=
408294 page=1 fetchUrl=https://acm.timus.ru/status.aspx?space=1&author=408294&count=100&locale=en
408294 page=1 pageSubmissions=28
408294 page=1 submissionsAfterChallengeStart=28
408294 page=1 nextHref=
408294 page=1 next=
408298 page=1 fetchUrl=https://acm.timus.ru/status.aspx?space=1&author=408298&count=100&locale=en
408298 page=1 pageSubmissions=20
408298 page=1 submissionsAfterChallengeStart=20
408298 page=1 nextHref=
408298 page=1 next=
408303 page=1 fetchUrl=https://acm.timus.ru/status.aspx?space=1&author=408303&count=100&locale=en
408303 page=1 pageSubmissions=91
408303 page=1 submissionsAfterChallengeStart=91
408303 page=1 nextHref=
408303 page=1 next=
408307 page=1 fetchUrl=https://acm.timus.ru/status.aspx?space=1&author=408307&count=100&locale=en
408307 page=1 pageSubmissions=3
408307 page=1 submissionsAfterChallengeStart=3
408307 page=1 nextHref=
408307 page=1 next=
408311 page=1 fetchUrl=https://acm.timus.ru/status.aspx?space=1&author=408311&count=100&locale=en
408311 page=1 pageSubmissions=5
408311 page=1 submissionsAfterChallengeStart=5
408311 page=1 nextHref=
408311 page=1 next=
408323 page=1 fetchUrl=https://acm.timus.ru/status.aspx?space=1&author=408323&count=100&locale=en
408323 page=1 pageSubmissions=21
408323 page=1 submissionsAfterChallengeStart=21
408323 page=1 nextHref=
408323 page=1 next=
408301 page=1 fetchUrl=https://acm.timus.ru/status.aspx?space=1&author=408301&count=100&locale=en
408301 page=1 pageSubmissions=14
408301 page=1 submissionsAfterChallengeStart=14
408301 page=1 nextHref=
408301 page=1 next=
408326 page=1 fetchUrl=https://acm.timus.ru/status.aspx?space=1&author=408326&count=100&locale=en
408326 page=1 pageSubmissions=12
408326 page=1 submissionsAfterChallengeStart=12
408326 page=1 nextHref=
408326 page=1 next=
# 2026-08-23T14:07:57.154Z
69385 page=1 fetchUrl=https://acm.timus.ru/status.aspx?space=1&author=69385&count=100&locale=en
69385 page=1 pageSubmissions=100
69385 page=1 submissionsAfterChallengeStart=100
69385 page=1 nextHref=status.aspx?space=1&amp;author=69385&amp;from=11241301
69385 page=1 next=/status.aspx?space=1&author=69385&from=11241301
69385 page=2 fetchUrl=https://acm.timus.ru/status.aspx?space=1&author=69385&from=11241301
69385 page=2 pageSubmissions=10
69385 page=2 submissionsAfterChallengeStart=10
69385 page=2 nextHref=status.aspx?space=1&amp;author=69385&amp;from=11240680
69385 page=2 next=/status.aspx?space=1&author=69385&from=11240680
69385 page=3 fetchUrl=https://acm.timus.ru/status.aspx?space=1&author=69385&from=11240680
69385 page=3 pageSubmissions=10
69385 page=3 submissionsAfterChallengeStart=10
69385 page=3 nextHref=status.aspx?space=1&amp;author=69385&amp;from=11240576
69385 page=3 next=/status.aspx?space=1&author=69385&from=11240576
69385 page=4 fetchUrl=https://acm.timus.ru/status.aspx?space=1&author=69385&from=11240576
69385 page=4 pageSubmissions=10
69385 page=4 submissionsAfterChallengeStart=5
69385 page=4 nextHref=status.aspx?space=1&amp;author=69385&amp;from=9460282
69385 page=4 next=
408257 page=1 fetchUrl=https://acm.timus.ru/status.aspx?space=1&author=408257&count=100&locale=en
408257 page=1 pageSubmissions=79
408257 page=1 submissionsAfterChallengeStart=79
408257 page=1 nextHref=
408257 page=1 next=
408279 page=1 fetchUrl=https://acm.timus.ru/status.aspx?space=1&author=408279&count=100&locale=en
408279 page=1 pageSubmissions=1
408279 page=1 submissionsAfterChallengeStart=1
408279 page=1 nextHref=
408279 page=1 next=
408277 page=1 fetchUrl=https://acm.timus.ru/status.aspx?space=1&author=408277&count=100&locale=en
408277 page=1 pageSubmissions=6
408277 page=1 submissionsAfterChallengeStart=6
408277 page=1 nextHref=
408277 page=1 next=
408280 page=1 fetchUrl=https://acm.timus.ru/status.aspx?space=1&author=408280&count=100&locale=en
408280 page=1 pageSubmissions=26
408280 page=1 submissionsAfterChallengeStart=26
408280 page=1 nextHref=
408280 page=1 next=
408281 page=1 fetchUrl=https://acm.timus.ru/status.aspx?space=1&author=408281&count=100&locale=en
408281 page=1 pageSubmissions=0
408281 page=1 submissionsAfterChallengeStart=0
408281 page=1 nextHref=
408281 page=1 next=
408282 page=1 fetchUrl=https://acm.timus.ru/status.aspx?space=1&author=408282&count=100&locale=en
408282 page=1 pageSubmissions=3
408282 page=1 submissionsAfterChallengeStart=3
408282 page=1 nextHref=
408282 page=1 next=
408283 page=1 fetchUrl=https://acm.timus.ru/status.aspx?space=1&author=408283&count=100&locale=en
408283 page=1 pageSubmissions=51
408283 page=1 submissionsAfterChallengeStart=51
408283 page=1 nextHref=
408283 page=1 next=
408292 page=1 fetchUrl=https://acm.timus.ru/status.aspx?space=1&author=408292&count=100&locale=en
408292 page=1 pageSubmissions=55
408292 page=1 submissionsAfterChallengeStart=55
408292 page=1 nextHref=
408292 page=1 next=
408293 page=1 fetchUrl=https://acm.timus.ru/status.aspx?space=1&author=408293&count=100&locale=en
408293 page=1 pageSubmissions=14
408293 page=1 submissionsAfterChallengeStart=14
408293 page=1 nextHref=
408293 page=1 next=
408296 page=1 fetchUrl=https://acm.timus.ru/status.aspx?space=1&author=408296&count=100&locale=en
408296 page=1 pageSubmissions=32
408296 page=1 submissionsAfterChallengeStart=32
408296 page=1 nextHref=
408296 page=1 next=
408294 page=1 fetchUrl=https://acm.timus.ru/status.aspx?space=1&author=408294&count=100&locale=en
408294 page=1 pageSubmissions=28
408294 page=1 submissionsAfterChallengeStart=28
408294 page=1 nextHref=
408294 page=1 next=
408298 page=1 fetchUrl=https://acm.timus.ru/status.aspx?space=1&author=408298&count=100&locale=en
408298 page=1 pageSubmissions=20
408298 page=1 submissionsAfterChallengeStart=20
408298 page=1 nextHref=
408298 page=1 next=
408303 page=1 fetchUrl=https://acm.timus.ru/status.aspx?space=1&author=408303&count=100&locale=en
408303 page=1 pageSubmissions=91
408303 page=1 submissionsAfterChallengeStart=91
408303 page=1 nextHref=
408303 page=1 next=
408307 page=1 fetchUrl=https://acm.timus.ru/status.aspx?space=1&author=408307&count=100&locale=en
408307 page=1 pageSubmissions=3
408307 page=1 submissionsAfterChallengeStart=3
408307 page=1 nextHref=
408307 page=1 next=
408311 page=1 fetchUrl=https://acm.timus.ru/status.aspx?space=1&author=408311&count=100&locale=en
408311 page=1 pageSubmissions=5
408311 page=1 submissionsAfterChallengeStart=5
408311 page=1 nextHref=
408311 page=1 next=
408323 page=1 fetchUrl=https://acm.timus.ru/status.aspx?space=1&author=408323&count=100&locale=en
408323 page=1 pageSubmissions=21
408323 page=1 submissionsAfterChallengeStart=21
408323 page=1 nextHref=
408323 page=1 next=
408301 page=1 fetchUrl=https://acm.timus.ru/status.aspx?space=1&author=408301&count=100&locale=en
408301 page=1 pageSubmissions=14
408301 page=1 submissionsAfterChallengeStart=14
408301 page=1 nextHref=
408301 page=1 next=
408326 page=1 fetchUrl=https://acm.timus.ru/status.aspx?space=1&author=408326&count=100&locale=en
408326 page=1 pageSubmissions=12
408326 page=1 submissionsAfterChallengeStart=12
408326 page=1 nextHref=
408326 page=1 next=
# 2026-08-23T14:13:00.013Z
69385 page=1 fetchUrl=https://acm.timus.ru/status.aspx?space=1&author=69385&count=100&locale=en
69385 page=1 pageSubmissions=100
69385 page=1 submissionsAfterChallengeStart=100
69385 page=1 nextHref=status.aspx?space=1&amp;author=69385&amp;from=11241301
69385 page=1 next=/status.aspx?space=1&author=69385&from=11241301
69385 page=2 fetchUrl=https://acm.timus.ru/status.aspx?space=1&author=69385&from=11241301
69385 page=2 pageSubmissions=10
69385 page=2 submissionsAfterChallengeStart=10
69385 page=2 nextHref=status.aspx?space=1&amp;author=69385&amp;from=11240680
69385 page=2 next=/status.aspx?space=1&author=69385&from=11240680
69385 page=3 fetchUrl=https://acm.timus.ru/status.aspx?space=1&author=69385&from=11240680
69385 page=3 pageSubmissions=10
69385 page=3 submissionsAfterChallengeStart=10
69385 page=3 nextHref=status.aspx?space=1&amp;author=69385&amp;from=11240576
69385 page=3 next=/status.aspx?space=1&author=69385&from=11240576
69385 page=4 fetchUrl=https://acm.timus.ru/status.aspx?space=1&author=69385&from=11240576
69385 page=4 pageSubmissions=10
69385 page=4 submissionsAfterChallengeStart=5
69385 page=4 nextHref=status.aspx?space=1&amp;author=69385&amp;from=9460282
69385 page=4 next=
408257 page=1 fetchUrl=https://acm.timus.ru/status.aspx?space=1&author=408257&count=100&locale=en
408257 page=1 pageSubmissions=79
408257 page=1 submissionsAfterChallengeStart=79
408257 page=1 nextHref=
408257 page=1 next=
408279 page=1 fetchUrl=https://acm.timus.ru/status.aspx?space=1&author=408279&count=100&locale=en
408279 page=1 pageSubmissions=1
408279 page=1 submissionsAfterChallengeStart=1
408279 page=1 nextHref=
408279 page=1 next=
408277 page=1 fetchUrl=https://acm.timus.ru/status.aspx?space=1&author=408277&count=100&locale=en
408277 page=1 pageSubmissions=6
408277 page=1 submissionsAfterChallengeStart=6
408277 page=1 nextHref=
408277 page=1 next=
408280 page=1 fetchUrl=https://acm.timus.ru/status.aspx?space=1&author=408280&count=100&locale=en
408280 page=1 pageSubmissions=26
408280 page=1 submissionsAfterChallengeStart=26
408280 page=1 nextHref=
408280 page=1 next=
408281 page=1 fetchUrl=https://acm.timus.ru/status.aspx?space=1&author=408281&count=100&locale=en
408281 page=1 pageSubmissions=0
408281 page=1 submissionsAfterChallengeStart=0
408281 page=1 nextHref=
408281 page=1 next=
408282 page=1 fetchUrl=https://acm.timus.ru/status.aspx?space=1&author=408282&count=100&locale=en
408282 page=1 pageSubmissions=3
408282 page=1 submissionsAfterChallengeStart=3
408282 page=1 nextHref=
408282 page=1 next=
408283 page=1 fetchUrl=https://acm.timus.ru/status.aspx?space=1&author=408283&count=100&locale=en
408283 page=1 pageSubmissions=51
408283 page=1 submissionsAfterChallengeStart=51
408283 page=1 nextHref=
408283 page=1 next=
408292 page=1 fetchUrl=https://acm.timus.ru/status.aspx?space=1&author=408292&count=100&locale=en
408292 page=1 pageSubmissions=55
408292 page=1 submissionsAfterChallengeStart=55
408292 page=1 nextHref=
408292 page=1 next=
408293 page=1 fetchUrl=https://acm.timus.ru/status.aspx?space=1&author=408293&count=100&locale=en
408293 page=1 pageSubmissions=14
408293 page=1 submissionsAfterChallengeStart=14
408293 page=1 nextHref=
408293 page=1 next=
408296 page=1 fetchUrl=https://acm.timus.ru/status.aspx?space=1&author=408296&count=100&locale=en
408296 page=1 pageSubmissions=32
408296 page=1 submissionsAfterChallengeStart=32
408296 page=1 nextHref=
408296 page=1 next=
408294 page=1 fetchUrl=https://acm.timus.ru/status.aspx?space=1&author=408294&count=100&locale=en
408294 page=1 pageSubmissions=28
408294 page=1 submissionsAfterChallengeStart=28
408294 page=1 nextHref=
408294 page=1 next=
408298 page=1 fetchUrl=https://acm.timus.ru/status.aspx?space=1&author=408298&count=100&locale=en
408298 page=1 pageSubmissions=20
408298 page=1 submissionsAfterChallengeStart=20
408298 page=1 nextHref=
408298 page=1 next=
408303 page=1 fetchUrl=https://acm.timus.ru/status.aspx?space=1&author=408303&count=100&locale=en
408303 page=1 pageSubmissions=91
408303 page=1 submissionsAfterChallengeStart=91
408303 page=1 nextHref=
408303 page=1 next=
408307 page=1 fetchUrl=https://acm.timus.ru/status.aspx?space=1&author=408307&count=100&locale=en
408307 page=1 pageSubmissions=3
408307 page=1 submissionsAfterChallengeStart=3
408307 page=1 nextHref=
408307 page=1 next=
408311 page=1 fetchUrl=https://acm.timus.ru/status.aspx?space=1&author=408311&count=100&locale=en
408311 page=1 pageSubmissions=5
408311 page=1 submissionsAfterChallengeStart=5
408311 page=1 nextHref=
408311 page=1 next=
408323 page=1 fetchUrl=https://acm.timus.ru/status.aspx?space=1&author=408323&count=100&locale=en
408323 page=1 pageSubmissions=21
408323 page=1 submissionsAfterChallengeStart=21
408323 page=1 nextHref=
408323 page=1 next=
408301 page=1 fetchUrl=https://acm.timus.ru/status.aspx?space=1&author=408301&count=100&locale=en
408301 page=1 pageSubmissions=14
408301 page=1 submissionsAfterChallengeStart=14
408301 page=1 nextHref=
408301 page=1 next=
408326 page=1 fetchUrl=https://acm.timus.ru/status.aspx?space=1&author=408326&count=100&locale=en
408326 page=1 pageSubmissions=12
408326 page=1 submissionsAfterChallengeStart=12
408326 page=1 nextHref=
408326 page=1 next=
# 2026-08-23T14:17:26.120Z
69385 page=1 fetchUrl=https://acm.timus.ru/status.aspx?space=1&author=69385&count=100&locale=en
69385 page=1 pageSubmissions=100
69385 page=1 submissionsAfterChallengeStart=100
69385 page=1 nextHref=status.aspx?space=1&amp;author=69385&amp;from=11241301
69385 page=1 next=/status.aspx?space=1&author=69385&from=11241301
69385 page=2 fetchUrl=https://acm.timus.ru/status.aspx?space=1&author=69385&from=11241301
69385 page=2 pageSubmissions=10
69385 page=2 submissionsAfterChallengeStart=10
69385 page=2 nextHref=status.aspx?space=1&amp;author=69385&amp;from=11240680
69385 page=2 next=/status.aspx?space=1&author=69385&from=11240680
69385 page=3 fetchUrl=https://acm.timus.ru/status.aspx?space=1&author=69385&from=11240680
69385 page=3 pageSubmissions=10
69385 page=3 submissionsAfterChallengeStart=10
69385 page=3 nextHref=status.aspx?space=1&amp;author=69385&amp;from=11240576
69385 page=3 next=/status.aspx?space=1&author=69385&from=11240576
69385 page=4 fetchUrl=https://acm.timus.ru/status.aspx?space=1&author=69385&from=11240576
69385 page=4 pageSubmissions=10
69385 page=4 submissionsAfterChallengeStart=5
69385 page=4 nextHref=status.aspx?space=1&amp;author=69385&amp;from=9460282
69385 page=4 next=
408257 page=1 fetchUrl=https://acm.timus.ru/status.aspx?space=1&author=408257&count=100&locale=en
408257 page=1 pageSubmissions=79
408257 page=1 submissionsAfterChallengeStart=79
408257 page=1 nextHref=
408257 page=1 next=
408279 page=1 fetchUrl=https://acm.timus.ru/status.aspx?space=1&author=408279&count=100&locale=en
408279 page=1 pageSubmissions=1
408279 page=1 submissionsAfterChallengeStart=1
408279 page=1 nextHref=
408279 page=1 next=
408277 page=1 fetchUrl=https://acm.timus.ru/status.aspx?space=1&author=408277&count=100&locale=en
408277 page=1 pageSubmissions=6
408277 page=1 submissionsAfterChallengeStart=6
408277 page=1 nextHref=
408277 page=1 next=
408280 page=1 fetchUrl=https://acm.timus.ru/status.aspx?space=1&author=408280&count=100&locale=en
408280 page=1 pageSubmissions=26
408280 page=1 submissionsAfterChallengeStart=26
408280 page=1 nextHref=
408280 page=1 next=
408281 page=1 fetchUrl=https://acm.timus.ru/status.aspx?space=1&author=408281&count=100&locale=en
408281 page=1 pageSubmissions=0
408281 page=1 submissionsAfterChallengeStart=0
408281 page=1 nextHref=
408281 page=1 next=
408282 page=1 fetchUrl=https://acm.timus.ru/status.aspx?space=1&author=408282&count=100&locale=en
408282 page=1 pageSubmissions=3
408282 page=1 submissionsAfterChallengeStart=3
408282 page=1 nextHref=
408282 page=1 next=
408283 page=1 fetchUrl=https://acm.timus.ru/status.aspx?space=1&author=408283&count=100&locale=en
408283 page=1 pageSubmissions=51
408283 page=1 submissionsAfterChallengeStart=51
408283 page=1 nextHref=
408283 page=1 next=
408292 page=1 fetchUrl=https://acm.timus.ru/status.aspx?space=1&author=408292&count=100&locale=en
408292 page=1 pageSubmissions=55
408292 page=1 submissionsAfterChallengeStart=55
408292 page=1 nextHref=
408292 page=1 next=
408293 page=1 fetchUrl=https://acm.timus.ru/status.aspx?space=1&author=408293&count=100&locale=en
408293 page=1 pageSubmissions=14
408293 page=1 submissionsAfterChallengeStart=14
408293 page=1 nextHref=
408293 page=1 next=
408296 page=1 fetchUrl=https://acm.timus.ru/status.aspx?space=1&author=408296&count=100&locale=en
408296 page=1 pageSubmissions=32
408296 page=1 submissionsAfterChallengeStart=32
408296 page=1 nextHref=
408296 page=1 next=
408294 page=1 fetchUrl=https://acm.timus.ru/status.aspx?space=1&author=408294&count=100&locale=en
408294 page=1 pageSubmissions=28
408294 page=1 submissionsAfterChallengeStart=28
408294 page=1 nextHref=
408294 page=1 next=
408298 page=1 fetchUrl=https://acm.timus.ru/status.aspx?space=1&author=408298&count=100&locale=en
408298 page=1 pageSubmissions=20
408298 page=1 submissionsAfterChallengeStart=20
408298 page=1 nextHref=
408298 page=1 next=
408303 page=1 fetchUrl=https://acm.timus.ru/status.aspx?space=1&author=408303&count=100&locale=en
408303 page=1 pageSubmissions=91
408303 page=1 submissionsAfterChallengeStart=91
408303 page=1 nextHref=
408303 page=1 next=
408307 page=1 fetchUrl=https://acm.timus.ru/status.aspx?space=1&author=408307&count=100&locale=en
408307 page=1 pageSubmissions=3
408307 page=1 submissionsAfterChallengeStart=3
408307 page=1 nextHref=
408307 page=1 next=
408311 page=1 fetchUrl=https://acm.timus.ru/status.aspx?space=1&author=408311&count=100&locale=en
408311 page=1 pageSubmissions=5
408311 page=1 submissionsAfterChallengeStart=5
408311 page=1 nextHref=
408311 page=1 next=
408323 page=1 fetchUrl=https://acm.timus.ru/status.aspx?space=1&author=408323&count=100&locale=en
408323 page=1 pageSubmissions=21
408323 page=1 submissionsAfterChallengeStart=21
408323 page=1 nextHref=
408323 page=1 next=
408301 page=1 fetchUrl=https://acm.timus.ru/status.aspx?space=1&author=408301&count=100&locale=en
408301 page=1 pageSubmissions=14
408301 page=1 submissionsAfterChallengeStart=14
408301 page=1 nextHref=
408301 page=1 next=
408326 page=1 fetchUrl=https://acm.timus.ru/status.aspx?space=1&author=408326&count=100&locale=en
408326 page=1 pageSubmissions=12
408326 page=1 submissionsAfterChallengeStart=12
408326 page=1 nextHref=
408326 page=1 next=
# 2026-08-23T14:17:58.536Z
69385 page=1 fetchUrl=https://acm.timus.ru/status.aspx?space=1&author=69385&count=100&locale=en
69385 page=1 pageSubmissions=100
69385 page=1 submissionsAfterChallengeStart=100
69385 page=1 nextHref=status.aspx?space=1&amp;author=69385&amp;from=11241301
69385 page=1 next=/status.aspx?space=1&author=69385&from=11241301
69385 page=2 fetchUrl=https://acm.timus.ru/status.aspx?space=1&author=69385&from=11241301
69385 page=2 pageSubmissions=10
69385 page=2 submissionsAfterChallengeStart=10
69385 page=2 nextHref=status.aspx?space=1&amp;author=69385&amp;from=11240680
69385 page=2 next=/status.aspx?space=1&author=69385&from=11240680
69385 page=3 fetchUrl=https://acm.timus.ru/status.aspx?space=1&author=69385&from=11240680
69385 page=3 pageSubmissions=10
69385 page=3 submissionsAfterChallengeStart=10
69385 page=3 nextHref=status.aspx?space=1&amp;author=69385&amp;from=11240576
69385 page=3 next=/status.aspx?space=1&author=69385&from=11240576
69385 page=4 fetchUrl=https://acm.timus.ru/status.aspx?space=1&author=69385&from=11240576
69385 page=4 pageSubmissions=10
69385 page=4 submissionsAfterChallengeStart=5
69385 page=4 nextHref=status.aspx?space=1&amp;author=69385&amp;from=9460282
69385 page=4 next=
408257 page=1 fetchUrl=https://acm.timus.ru/status.aspx?space=1&author=408257&count=100&locale=en
408257 page=1 pageSubmissions=79
408257 page=1 submissionsAfterChallengeStart=79
408257 page=1 nextHref=
408257 page=1 next=
408279 page=1 fetchUrl=https://acm.timus.ru/status.aspx?space=1&author=408279&count=100&locale=en
408279 page=1 pageSubmissions=1
408279 page=1 submissionsAfterChallengeStart=1
408279 page=1 nextHref=
408279 page=1 next=
408277 page=1 fetchUrl=https://acm.timus.ru/status.aspx?space=1&author=408277&count=100&locale=en
408277 page=1 pageSubmissions=6
408277 page=1 submissionsAfterChallengeStart=6
408277 page=1 nextHref=
408277 page=1 next=
408280 page=1 fetchUrl=https://acm.timus.ru/status.aspx?space=1&author=408280&count=100&locale=en
408280 page=1 pageSubmissions=26
408280 page=1 submissionsAfterChallengeStart=26
408280 page=1 nextHref=
408280 page=1 next=
408281 page=1 fetchUrl=https://acm.timus.ru/status.aspx?space=1&author=408281&count=100&locale=en
408281 page=1 pageSubmissions=0
408281 page=1 submissionsAfterChallengeStart=0
408281 page=1 nextHref=
408281 page=1 next=
408282 page=1 fetchUrl=https://acm.timus.ru/status.aspx?space=1&author=408282&count=100&locale=en
408282 page=1 pageSubmissions=3
408282 page=1 submissionsAfterChallengeStart=3
408282 page=1 nextHref=
408282 page=1 next=
408283 page=1 fetchUrl=https://acm.timus.ru/status.aspx?space=1&author=408283&count=100&locale=en
408283 page=1 pageSubmissions=51
408283 page=1 submissionsAfterChallengeStart=51
408283 page=1 nextHref=
408283 page=1 next=
408292 page=1 fetchUrl=https://acm.timus.ru/status.aspx?space=1&author=408292&count=100&locale=en
408292 page=1 pageSubmissions=55
408292 page=1 submissionsAfterChallengeStart=55
408292 page=1 nextHref=
408292 page=1 next=
408293 page=1 fetchUrl=https://acm.timus.ru/status.aspx?space=1&author=408293&count=100&locale=en
408293 page=1 pageSubmissions=14
408293 page=1 submissionsAfterChallengeStart=14
408293 page=1 nextHref=
408293 page=1 next=
408296 page=1 fetchUrl=https://acm.timus.ru/status.aspx?space=1&author=408296&count=100&locale=en
408296 page=1 pageSubmissions=32
408296 page=1 submissionsAfterChallengeStart=32
408296 page=1 nextHref=
408296 page=1 next=
408294 page=1 fetchUrl=https://acm.timus.ru/status.aspx?space=1&author=408294&count=100&locale=en
408294 page=1 pageSubmissions=28
408294 page=1 submissionsAfterChallengeStart=28
408294 page=1 nextHref=
408294 page=1 next=
408298 page=1 fetchUrl=https://acm.timus.ru/status.aspx?space=1&author=408298&count=100&locale=en
408298 page=1 pageSubmissions=20
408298 page=1 submissionsAfterChallengeStart=20
408298 page=1 nextHref=
408298 page=1 next=
408303 page=1 fetchUrl=https://acm.timus.ru/status.aspx?space=1&author=408303&count=100&locale=en
408303 page=1 pageSubmissions=91
408303 page=1 submissionsAfterChallengeStart=91
408303 page=1 nextHref=
408303 page=1 next=
408307 page=1 fetchUrl=https://acm.timus.ru/status.aspx?space=1&author=408307&count=100&locale=en
408307 page=1 pageSubmissions=3
408307 page=1 submissionsAfterChallengeStart=3
408307 page=1 nextHref=
408307 page=1 next=
408311 page=1 fetchUrl=https://acm.timus.ru/status.aspx?space=1&author=408311&count=100&locale=en
408311 page=1 pageSubmissions=5
408311 page=1 submissionsAfterChallengeStart=5
408311 page=1 nextHref=
408311 page=1 next=
408323 page=1 fetchUrl=https://acm.timus.ru/status.aspx?space=1&author=408323&count=100&locale=en
408323 page=1 pageSubmissions=21
408323 page=1 submissionsAfterChallengeStart=21
408323 page=1 nextHref=
408323 page=1 next=
408301 page=1 fetchUrl=https://acm.timus.ru/status.aspx?space=1&author=408301&count=100&locale=en
408301 page=1 pageSubmissions=14
408301 page=1 submissionsAfterChallengeStart=14
408301 page=1 nextHref=
408301 page=1 next=
408326 page=1 fetchUrl=https://acm.timus.ru/status.aspx?space=1&author=408326&count=100&locale=en
408326 page=1 pageSubmissions=12
408326 page=1 submissionsAfterChallengeStart=12
408326 page=1 nextHref=
408326 page=1 next=
# 2026-08-23T14:22:56.270Z
69385 page=1 fetchUrl=https://acm.timus.ru/status.aspx?space=1&author=69385&count=100&locale=en
69385 page=1 pageSubmissions=100
69385 page=1 submissionsAfterChallengeStart=100
69385 page=1 nextHref=status.aspx?space=1&amp;author=69385&amp;from=11241301
69385 page=1 next=/status.aspx?space=1&author=69385&from=11241301
69385 page=2 fetchUrl=https://acm.timus.ru/status.aspx?space=1&author=69385&from=11241301
69385 page=2 pageSubmissions=10
69385 page=2 submissionsAfterChallengeStart=10
69385 page=2 nextHref=status.aspx?space=1&amp;author=69385&amp;from=11240680
69385 page=2 next=/status.aspx?space=1&author=69385&from=11240680
69385 page=3 fetchUrl=https://acm.timus.ru/status.aspx?space=1&author=69385&from=11240680
69385 page=3 pageSubmissions=10
69385 page=3 submissionsAfterChallengeStart=10
69385 page=3 nextHref=status.aspx?space=1&amp;author=69385&amp;from=11240576
69385 page=3 next=/status.aspx?space=1&author=69385&from=11240576
69385 page=4 fetchUrl=https://acm.timus.ru/status.aspx?space=1&author=69385&from=11240576
69385 page=4 pageSubmissions=10
69385 page=4 submissionsAfterChallengeStart=5
69385 page=4 nextHref=status.aspx?space=1&amp;author=69385&amp;from=9460282
69385 page=4 next=
408257 page=1 fetchUrl=https://acm.timus.ru/status.aspx?space=1&author=408257&count=100&locale=en
408257 page=1 pageSubmissions=79
408257 page=1 submissionsAfterChallengeStart=79
408257 page=1 nextHref=
408257 page=1 next=
408279 page=1 fetchUrl=https://acm.timus.ru/status.aspx?space=1&author=408279&count=100&locale=en
408279 page=1 pageSubmissions=1
408279 page=1 submissionsAfterChallengeStart=1
408279 page=1 nextHref=
408279 page=1 next=
408277 page=1 fetchUrl=https://acm.timus.ru/status.aspx?space=1&author=408277&count=100&locale=en
408277 page=1 pageSubmissions=6
408277 page=1 submissionsAfterChallengeStart=6
408277 page=1 nextHref=
408277 page=1 next=
408280 page=1 fetchUrl=https://acm.timus.ru/status.aspx?space=1&author=408280&count=100&locale=en
408280 page=1 pageSubmissions=26
408280 page=1 submissionsAfterChallengeStart=26
408280 page=1 nextHref=
408280 page=1 next=
408281 page=1 fetchUrl=https://acm.timus.ru/status.aspx?space=1&author=408281&count=100&locale=en
408281 page=1 pageSubmissions=0
408281 page=1 submissionsAfterChallengeStart=0
408281 page=1 nextHref=
408281 page=1 next=
408282 page=1 fetchUrl=https://acm.timus.ru/status.aspx?space=1&author=408282&count=100&locale=en
408282 page=1 pageSubmissions=3
408282 page=1 submissionsAfterChallengeStart=3
408282 page=1 nextHref=
408282 page=1 next=
408283 page=1 fetchUrl=https://acm.timus.ru/status.aspx?space=1&author=408283&count=100&locale=en
408283 page=1 pageSubmissions=51
408283 page=1 submissionsAfterChallengeStart=51
408283 page=1 nextHref=
408283 page=1 next=
408292 page=1 fetchUrl=https://acm.timus.ru/status.aspx?space=1&author=408292&count=100&locale=en
408292 page=1 pageSubmissions=55
408292 page=1 submissionsAfterChallengeStart=55
408292 page=1 nextHref=
408292 page=1 next=
408293 page=1 fetchUrl=https://acm.timus.ru/status.aspx?space=1&author=408293&count=100&locale=en
408293 page=1 pageSubmissions=14
408293 page=1 submissionsAfterChallengeStart=14
408293 page=1 nextHref=
408293 page=1 next=
408296 page=1 fetchUrl=https://acm.timus.ru/status.aspx?space=1&author=408296&count=100&locale=en
408296 page=1 pageSubmissions=32
408296 page=1 submissionsAfterChallengeStart=32
408296 page=1 nextHref=
408296 page=1 next=
408294 page=1 fetchUrl=https://acm.timus.ru/status.aspx?space=1&author=408294&count=100&locale=en
408294 page=1 pageSubmissions=28
408294 page=1 submissionsAfterChallengeStart=28
408294 page=1 nextHref=
408294 page=1 next=
408298 page=1 fetchUrl=https://acm.timus.ru/status.aspx?space=1&author=408298&count=100&locale=en
408298 page=1 pageSubmissions=20
408298 page=1 submissionsAfterChallengeStart=20
408298 page=1 nextHref=
408298 page=1 next=
408303 page=1 fetchUrl=https://acm.timus.ru/status.aspx?space=1&author=408303&count=100&locale=en
408303 page=1 pageSubmissions=91
408303 page=1 submissionsAfterChallengeStart=91
408303 page=1 nextHref=
408303 page=1 next=
408307 page=1 fetchUrl=https://acm.timus.ru/status.aspx?space=1&author=408307&count=100&locale=en
408307 page=1 pageSubmissions=3
408307 page=1 submissionsAfterChallengeStart=3
408307 page=1 nextHref=
408307 page=1 next=
408311 page=1 fetchUrl=https://acm.timus.ru/status.aspx?space=1&author=408311&count=100&locale=en
408311 page=1 pageSubmissions=5
408311 page=1 submissionsAfterChallengeStart=5
408311 page=1 nextHref=
408311 page=1 next=
408323 page=1 fetchUrl=https://acm.timus.ru/status.aspx?space=1&author=408323&count=100&locale=en
408323 page=1 pageSubmissions=21
408323 page=1 submissionsAfterChallengeStart=21
408323 page=1 nextHref=
408323 page=1 next=
408301 page=1 fetchUrl=https://acm.timus.ru/status.aspx?space=1&author=408301&count=100&locale=en
408301 page=1 pageSubmissions=14
408301 page=1 submissionsAfterChallengeStart=14
408301 page=1 nextHref=
408301 page=1 next=
408326 page=1 fetchUrl=https://acm.timus.ru/status.aspx?space=1&author=408326&count=100&locale=en
408326 page=1 pageSubmissions=12
408326 page=1 submissionsAfterChallengeStart=12
408326 page=1 nextHref=
408326 page=1 next=
# 2026-08-23T14:27:52.388Z
69385 page=1 fetchUrl=https://acm.timus.ru/status.aspx?space=1&author=69385&count=100&locale=en
69385 page=1 pageSubmissions=100
69385 page=1 submissionsAfterChallengeStart=100
69385 page=1 nextHref=status.aspx?space=1&amp;author=69385&amp;from=11241301
69385 page=1 next=/status.aspx?space=1&author=69385&from=11241301
69385 page=2 fetchUrl=https://acm.timus.ru/status.aspx?space=1&author=69385&from=11241301
69385 page=2 pageSubmissions=10
69385 page=2 submissionsAfterChallengeStart=10
69385 page=2 nextHref=status.aspx?space=1&amp;author=69385&amp;from=11240680
69385 page=2 next=/status.aspx?space=1&author=69385&from=11240680
69385 page=3 fetchUrl=https://acm.timus.ru/status.aspx?space=1&author=69385&from=11240680
69385 page=3 pageSubmissions=10
69385 page=3 submissionsAfterChallengeStart=10
69385 page=3 nextHref=status.aspx?space=1&amp;author=69385&amp;from=11240576
69385 page=3 next=/status.aspx?space=1&author=69385&from=11240576
69385 page=4 fetchUrl=https://acm.timus.ru/status.aspx?space=1&author=69385&from=11240576
69385 page=4 pageSubmissions=10
69385 page=4 submissionsAfterChallengeStart=5
69385 page=4 nextHref=status.aspx?space=1&amp;author=69385&amp;from=9460282
69385 page=4 next=
408257 page=1 fetchUrl=https://acm.timus.ru/status.aspx?space=1&author=408257&count=100&locale=en
408257 page=1 pageSubmissions=79
408257 page=1 submissionsAfterChallengeStart=79
408257 page=1 nextHref=
408257 page=1 next=
408279 page=1 fetchUrl=https://acm.timus.ru/status.aspx?space=1&author=408279&count=100&locale=en
408279 page=1 pageSubmissions=1
408279 page=1 submissionsAfterChallengeStart=1
408279 page=1 nextHref=
408279 page=1 next=
408277 page=1 fetchUrl=https://acm.timus.ru/status.aspx?space=1&author=408277&count=100&locale=en
408277 page=1 pageSubmissions=6
408277 page=1 submissionsAfterChallengeStart=6
408277 page=1 nextHref=
408277 page=1 next=
408280 page=1 fetchUrl=https://acm.timus.ru/status.aspx?space=1&author=408280&count=100&locale=en
408280 page=1 pageSubmissions=26
408280 page=1 submissionsAfterChallengeStart=26
408280 page=1 nextHref=
408280 page=1 next=
408281 page=1 fetchUrl=https://acm.timus.ru/status.aspx?space=1&author=408281&count=100&locale=en
408281 page=1 pageSubmissions=0
408281 page=1 submissionsAfterChallengeStart=0
408281 page=1 nextHref=
408281 page=1 next=
408282 page=1 fetchUrl=https://acm.timus.ru/status.aspx?space=1&author=408282&count=100&locale=en
408282 page=1 pageSubmissions=3
408282 page=1 submissionsAfterChallengeStart=3
408282 page=1 nextHref=
408282 page=1 next=
408283 page=1 fetchUrl=https://acm.timus.ru/status.aspx?space=1&author=408283&count=100&locale=en
408283 page=1 pageSubmissions=51
408283 page=1 submissionsAfterChallengeStart=51
408283 page=1 nextHref=
408283 page=1 next=
408292 page=1 fetchUrl=https://acm.timus.ru/status.aspx?space=1&author=408292&count=100&locale=en
408292 page=1 pageSubmissions=55
408292 page=1 submissionsAfterChallengeStart=55
408292 page=1 nextHref=
408292 page=1 next=
408293 page=1 fetchUrl=https://acm.timus.ru/status.aspx?space=1&author=408293&count=100&locale=en
408293 page=1 pageSubmissions=14
408293 page=1 submissionsAfterChallengeStart=14
408293 page=1 nextHref=
408293 page=1 next=
408296 page=1 fetchUrl=https://acm.timus.ru/status.aspx?space=1&author=408296&count=100&locale=en
408296 page=1 pageSubmissions=32
408296 page=1 submissionsAfterChallengeStart=32
408296 page=1 nextHref=
408296 page=1 next=
408294 page=1 fetchUrl=https://acm.timus.ru/status.aspx?space=1&author=408294&count=100&locale=en
408294 page=1 pageSubmissions=28
408294 page=1 submissionsAfterChallengeStart=28
408294 page=1 nextHref=
408294 page=1 next=
408298 page=1 fetchUrl=https://acm.timus.ru/status.aspx?space=1&author=408298&count=100&locale=en
408298 page=1 pageSubmissions=20
408298 page=1 submissionsAfterChallengeStart=20
408298 page=1 nextHref=
408298 page=1 next=
408303 page=1 fetchUrl=https://acm.timus.ru/status.aspx?space=1&author=408303&count=100&locale=en
408303 page=1 pageSubmissions=91
408303 page=1 submissionsAfterChallengeStart=91
408303 page=1 nextHref=
408303 page=1 next=
408307 page=1 fetchUrl=https://acm.timus.ru/status.aspx?space=1&author=408307&count=100&locale=en
408307 page=1 pageSubmissions=3
408307 page=1 submissionsAfterChallengeStart=3
408307 page=1 nextHref=
408307 page=1 next=
408311 page=1 fetchUrl=https://acm.timus.ru/status.aspx?space=1&author=408311&count=100&locale=en
408311 page=1 pageSubmissions=5
408311 page=1 submissionsAfterChallengeStart=5
408311 page=1 nextHref=
408311 page=1 next=
408323 page=1 fetchUrl=https://acm.timus.ru/status.aspx?space=1&author=408323&count=100&locale=en
408323 page=1 pageSubmissions=21
408323 page=1 submissionsAfterChallengeStart=21
408323 page=1 nextHref=
408323 page=1 next=
408301 page=1 fetchUrl=https://acm.timus.ru/status.aspx?space=1&author=408301&count=100&locale=en
408301 page=1 pageSubmissions=14
408301 page=1 submissionsAfterChallengeStart=14
408301 page=1 nextHref=
408301 page=1 next=
408326 page=1 fetchUrl=https://acm.timus.ru/status.aspx?space=1&author=408326&count=100&locale=en
408326 page=1 pageSubmissions=12
408326 page=1 submissionsAfterChallengeStart=12
408326 page=1 nextHref=
408326 page=1 next=
# 2026-08-23T14:32:56.742Z
69385 page=1 fetchUrl=https://acm.timus.ru/status.aspx?space=1&author=69385&count=100&locale=en
69385 page=1 pageSubmissions=100
69385 page=1 submissionsAfterChallengeStart=100
69385 page=1 nextHref=status.aspx?space=1&amp;author=69385&amp;from=11241301
69385 page=1 next=/status.aspx?space=1&author=69385&from=11241301
69385 page=2 fetchUrl=https://acm.timus.ru/status.aspx?space=1&author=69385&from=11241301
69385 page=2 pageSubmissions=10
69385 page=2 submissionsAfterChallengeStart=10
69385 page=2 nextHref=status.aspx?space=1&amp;author=69385&amp;from=11240680
69385 page=2 next=/status.aspx?space=1&author=69385&from=11240680
69385 page=3 fetchUrl=https://acm.timus.ru/status.aspx?space=1&author=69385&from=11240680
69385 page=3 pageSubmissions=10
69385 page=3 submissionsAfterChallengeStart=10
69385 page=3 nextHref=status.aspx?space=1&amp;author=69385&amp;from=11240576
69385 page=3 next=/status.aspx?space=1&author=69385&from=11240576
69385 page=4 fetchUrl=https://acm.timus.ru/status.aspx?space=1&author=69385&from=11240576
69385 page=4 pageSubmissions=10
69385 page=4 submissionsAfterChallengeStart=5
69385 page=4 nextHref=status.aspx?space=1&amp;author=69385&amp;from=9460282
69385 page=4 next=
408257 page=1 fetchUrl=https://acm.timus.ru/status.aspx?space=1&author=408257&count=100&locale=en
408257 page=1 pageSubmissions=79
408257 page=1 submissionsAfterChallengeStart=79
408257 page=1 nextHref=
408257 page=1 next=
408279 page=1 fetchUrl=https://acm.timus.ru/status.aspx?space=1&author=408279&count=100&locale=en
408279 page=1 pageSubmissions=1
408279 page=1 submissionsAfterChallengeStart=1
408279 page=1 nextHref=
408279 page=1 next=
408277 page=1 fetchUrl=https://acm.timus.ru/status.aspx?space=1&author=408277&count=100&locale=en
408277 page=1 pageSubmissions=6
408277 page=1 submissionsAfterChallengeStart=6
408277 page=1 nextHref=
408277 page=1 next=
408280 page=1 fetchUrl=https://acm.timus.ru/status.aspx?space=1&author=408280&count=100&locale=en
408280 page=1 pageSubmissions=26
408280 page=1 submissionsAfterChallengeStart=26
408280 page=1 nextHref=
408280 page=1 next=
408281 page=1 fetchUrl=https://acm.timus.ru/status.aspx?space=1&author=408281&count=100&locale=en
408281 page=1 pageSubmissions=0
408281 page=1 submissionsAfterChallengeStart=0
408281 page=1 nextHref=
408281 page=1 next=
408282 page=1 fetchUrl=https://acm.timus.ru/status.aspx?space=1&author=408282&count=100&locale=en
408282 page=1 pageSubmissions=3
408282 page=1 submissionsAfterChallengeStart=3
408282 page=1 nextHref=
408282 page=1 next=
408283 page=1 fetchUrl=https://acm.timus.ru/status.aspx?space=1&author=408283&count=100&locale=en
408283 page=1 pageSubmissions=51
408283 page=1 submissionsAfterChallengeStart=51
408283 page=1 nextHref=
408283 page=1 next=
408292 page=1 fetchUrl=https://acm.timus.ru/status.aspx?space=1&author=408292&count=100&locale=en
408292 page=1 pageSubmissions=55
408292 page=1 submissionsAfterChallengeStart=55
408292 page=1 nextHref=
408292 page=1 next=
408293 page=1 fetchUrl=https://acm.timus.ru/status.aspx?space=1&author=408293&count=100&locale=en
408293 page=1 pageSubmissions=14
408293 page=1 submissionsAfterChallengeStart=14
408293 page=1 nextHref=
408293 page=1 next=
408296 page=1 fetchUrl=https://acm.timus.ru/status.aspx?space=1&author=408296&count=100&locale=en
408296 page=1 pageSubmissions=32
408296 page=1 submissionsAfterChallengeStart=32
408296 page=1 nextHref=
408296 page=1 next=
408294 page=1 fetchUrl=https://acm.timus.ru/status.aspx?space=1&author=408294&count=100&locale=en
408294 page=1 pageSubmissions=28
408294 page=1 submissionsAfterChallengeStart=28
408294 page=1 nextHref=
408294 page=1 next=
408298 page=1 fetchUrl=https://acm.timus.ru/status.aspx?space=1&author=408298&count=100&locale=en
408298 page=1 pageSubmissions=20
408298 page=1 submissionsAfterChallengeStart=20
408298 page=1 nextHref=
408298 page=1 next=
408303 page=1 fetchUrl=https://acm.timus.ru/status.aspx?space=1&author=408303&count=100&locale=en
408303 page=1 pageSubmissions=91
408303 page=1 submissionsAfterChallengeStart=91
408303 page=1 nextHref=
408303 page=1 next=
408307 page=1 fetchUrl=https://acm.timus.ru/status.aspx?space=1&author=408307&count=100&locale=en
408307 page=1 pageSubmissions=3
408307 page=1 submissionsAfterChallengeStart=3
408307 page=1 nextHref=
408307 page=1 next=
408311 page=1 fetchUrl=https://acm.timus.ru/status.aspx?space=1&author=408311&count=100&locale=en
408311 page=1 pageSubmissions=5
408311 page=1 submissionsAfterChallengeStart=5
408311 page=1 nextHref=
408311 page=1 next=
408323 page=1 fetchUrl=https://acm.timus.ru/status.aspx?space=1&author=408323&count=100&locale=en
408323 page=1 pageSubmissions=21
408323 page=1 submissionsAfterChallengeStart=21
408323 page=1 nextHref=
408323 page=1 next=
408301 page=1 fetchUrl=https://acm.timus.ru/status.aspx?space=1&author=408301&count=100&locale=en
408301 page=1 pageSubmissions=14
408301 page=1 submissionsAfterChallengeStart=14
408301 page=1 nextHref=
408301 page=1 next=
408326 page=1 fetchUrl=https://acm.timus.ru/status.aspx?space=1&author=408326&count=100&locale=en
408326 page=1 pageSubmissions=12
408326 page=1 submissionsAfterChallengeStart=12
408326 page=1 nextHref=
408326 page=1 next=
# 2026-08-23T14:37:54.344Z
69385 page=1 fetchUrl=https://acm.timus.ru/status.aspx?space=1&author=69385&count=100&locale=en
69385 page=1 pageSubmissions=100
69385 page=1 submissionsAfterChallengeStart=100
69385 page=1 nextHref=status.aspx?space=1&amp;author=69385&amp;from=11241301
69385 page=1 next=/status.aspx?space=1&author=69385&from=11241301
69385 page=2 fetchUrl=https://acm.timus.ru/status.aspx?space=1&author=69385&from=11241301
69385 page=2 pageSubmissions=10
69385 page=2 submissionsAfterChallengeStart=10
69385 page=2 nextHref=status.aspx?space=1&amp;author=69385&amp;from=11240680
69385 page=2 next=/status.aspx?space=1&author=69385&from=11240680
69385 page=3 fetchUrl=https://acm.timus.ru/status.aspx?space=1&author=69385&from=11240680
69385 page=3 pageSubmissions=10
69385 page=3 submissionsAfterChallengeStart=10
69385 page=3 nextHref=status.aspx?space=1&amp;author=69385&amp;from=11240576
69385 page=3 next=/status.aspx?space=1&author=69385&from=11240576
69385 page=4 fetchUrl=https://acm.timus.ru/status.aspx?space=1&author=69385&from=11240576
69385 page=4 pageSubmissions=10
69385 page=4 submissionsAfterChallengeStart=5
69385 page=4 nextHref=status.aspx?space=1&amp;author=69385&amp;from=9460282
69385 page=4 next=
408257 page=1 fetchUrl=https://acm.timus.ru/status.aspx?space=1&author=408257&count=100&locale=en
408257 page=1 pageSubmissions=79
408257 page=1 submissionsAfterChallengeStart=79
408257 page=1 nextHref=
408257 page=1 next=
408279 page=1 fetchUrl=https://acm.timus.ru/status.aspx?space=1&author=408279&count=100&locale=en
408279 page=1 pageSubmissions=1
408279 page=1 submissionsAfterChallengeStart=1
408279 page=1 nextHref=
408279 page=1 next=
408277 page=1 fetchUrl=https://acm.timus.ru/status.aspx?space=1&author=408277&count=100&locale=en
408277 page=1 pageSubmissions=6
408277 page=1 submissionsAfterChallengeStart=6
408277 page=1 nextHref=
408277 page=1 next=
408280 page=1 fetchUrl=https://acm.timus.ru/status.aspx?space=1&author=408280&count=100&locale=en
408280 page=1 pageSubmissions=26
408280 page=1 submissionsAfterChallengeStart=26
408280 page=1 nextHref=
408280 page=1 next=
408281 page=1 fetchUrl=https://acm.timus.ru/status.aspx?space=1&author=408281&count=100&locale=en
408281 page=1 pageSubmissions=0
408281 page=1 submissionsAfterChallengeStart=0
408281 page=1 nextHref=
408281 page=1 next=
408282 page=1 fetchUrl=https://acm.timus.ru/status.aspx?space=1&author=408282&count=100&locale=en
408282 page=1 pageSubmissions=3
408282 page=1 submissionsAfterChallengeStart=3
408282 page=1 nextHref=
408282 page=1 next=
408283 page=1 fetchUrl=https://acm.timus.ru/status.aspx?space=1&author=408283&count=100&locale=en
408283 page=1 pageSubmissions=51
408283 page=1 submissionsAfterChallengeStart=51
408283 page=1 nextHref=
408283 page=1 next=
408292 page=1 fetchUrl=https://acm.timus.ru/status.aspx?space=1&author=408292&count=100&locale=en
408292 page=1 pageSubmissions=55
408292 page=1 submissionsAfterChallengeStart=55
408292 page=1 nextHref=
408292 page=1 next=
408293 page=1 fetchUrl=https://acm.timus.ru/status.aspx?space=1&author=408293&count=100&locale=en
408293 page=1 pageSubmissions=14
408293 page=1 submissionsAfterChallengeStart=14
408293 page=1 nextHref=
408293 page=1 next=
408296 page=1 fetchUrl=https://acm.timus.ru/status.aspx?space=1&author=408296&count=100&locale=en
408296 page=1 pageSubmissions=32
408296 page=1 submissionsAfterChallengeStart=32
408296 page=1 nextHref=
408296 page=1 next=
408294 page=1 fetchUrl=https://acm.timus.ru/status.aspx?space=1&author=408294&count=100&locale=en
408294 page=1 pageSubmissions=28
408294 page=1 submissionsAfterChallengeStart=28
408294 page=1 nextHref=
408294 page=1 next=
408298 page=1 fetchUrl=https://acm.timus.ru/status.aspx?space=1&author=408298&count=100&locale=en
408298 page=1 pageSubmissions=20
408298 page=1 submissionsAfterChallengeStart=20
408298 page=1 nextHref=
408298 page=1 next=
408303 page=1 fetchUrl=https://acm.timus.ru/status.aspx?space=1&author=408303&count=100&locale=en
408303 page=1 pageSubmissions=91
408303 page=1 submissionsAfterChallengeStart=91
408303 page=1 nextHref=
408303 page=1 next=
408307 page=1 fetchUrl=https://acm.timus.ru/status.aspx?space=1&author=408307&count=100&locale=en
408307 page=1 pageSubmissions=3
408307 page=1 submissionsAfterChallengeStart=3
408307 page=1 nextHref=
408307 page=1 next=
408311 page=1 fetchUrl=https://acm.timus.ru/status.aspx?space=1&author=408311&count=100&locale=en
408311 page=1 pageSubmissions=5
408311 page=1 submissionsAfterChallengeStart=5
408311 page=1 nextHref=
408311 page=1 next=
408323 page=1 fetchUrl=https://acm.timus.ru/status.aspx?space=1&author=408323&count=100&locale=en
408323 page=1 pageSubmissions=21
408323 page=1 submissionsAfterChallengeStart=21
408323 page=1 nextHref=
408323 page=1 next=
408301 page=1 fetchUrl=https://acm.timus.ru/status.aspx?space=1&author=408301&count=100&locale=en
408301 page=1 pageSubmissions=14
408301 page=1 submissionsAfterChallengeStart=14
408301 page=1 nextHref=
408301 page=1 next=
408326 page=1 fetchUrl=https://acm.timus.ru/status.aspx?space=1&author=408326&count=100&locale=en
408326 page=1 pageSubmissions=12
408326 page=1 submissionsAfterChallengeStart=12
408326 page=1 nextHref=
408326 page=1 next=
# 2026-08-23T14:42:58.145Z
69385 page=1 fetchUrl=https://acm.timus.ru/status.aspx?space=1&author=69385&count=100&locale=en
69385 page=1 pageSubmissions=100
69385 page=1 submissionsAfterChallengeStart=100
69385 page=1 nextHref=status.aspx?space=1&amp;author=69385&amp;from=11241301
69385 page=1 next=/status.aspx?space=1&author=69385&from=11241301
69385 page=2 fetchUrl=https://acm.timus.ru/status.aspx?space=1&author=69385&from=11241301
69385 page=2 pageSubmissions=10
69385 page=2 submissionsAfterChallengeStart=10
69385 page=2 nextHref=status.aspx?space=1&amp;author=69385&amp;from=11240680
69385 page=2 next=/status.aspx?space=1&author=69385&from=11240680
69385 page=3 fetchUrl=https://acm.timus.ru/status.aspx?space=1&author=69385&from=11240680
69385 page=3 pageSubmissions=10
69385 page=3 submissionsAfterChallengeStart=10
69385 page=3 nextHref=status.aspx?space=1&amp;author=69385&amp;from=11240576
69385 page=3 next=/status.aspx?space=1&author=69385&from=11240576
69385 page=4 fetchUrl=https://acm.timus.ru/status.aspx?space=1&author=69385&from=11240576
69385 page=4 pageSubmissions=10
69385 page=4 submissionsAfterChallengeStart=5
69385 page=4 nextHref=status.aspx?space=1&amp;author=69385&amp;from=9460282
69385 page=4 next=
408257 page=1 fetchUrl=https://acm.timus.ru/status.aspx?space=1&author=408257&count=100&locale=en
408257 page=1 pageSubmissions=79
408257 page=1 submissionsAfterChallengeStart=79
408257 page=1 nextHref=
408257 page=1 next=
408279 page=1 fetchUrl=https://acm.timus.ru/status.aspx?space=1&author=408279&count=100&locale=en
408279 page=1 pageSubmissions=1
408279 page=1 submissionsAfterChallengeStart=1
408279 page=1 nextHref=
408279 page=1 next=
408277 page=1 fetchUrl=https://acm.timus.ru/status.aspx?space=1&author=408277&count=100&locale=en
408277 page=1 pageSubmissions=6
408277 page=1 submissionsAfterChallengeStart=6
408277 page=1 nextHref=
408277 page=1 next=
408280 page=1 fetchUrl=https://acm.timus.ru/status.aspx?space=1&author=408280&count=100&locale=en
408280 page=1 pageSubmissions=26
408280 page=1 submissionsAfterChallengeStart=26
408280 page=1 nextHref=
408280 page=1 next=
408281 page=1 fetchUrl=https://acm.timus.ru/status.aspx?space=1&author=408281&count=100&locale=en
408281 page=1 pageSubmissions=0
408281 page=1 submissionsAfterChallengeStart=0
408281 page=1 nextHref=
408281 page=1 next=
408282 page=1 fetchUrl=https://acm.timus.ru/status.aspx?space=1&author=408282&count=100&locale=en
408282 page=1 pageSubmissions=3
408282 page=1 submissionsAfterChallengeStart=3
408282 page=1 nextHref=
408282 page=1 next=
408283 page=1 fetchUrl=https://acm.timus.ru/status.aspx?space=1&author=408283&count=100&locale=en
408283 page=1 pageSubmissions=51
408283 page=1 submissionsAfterChallengeStart=51
408283 page=1 nextHref=
408283 page=1 next=
408292 page=1 fetchUrl=https://acm.timus.ru/status.aspx?space=1&author=408292&count=100&locale=en
408292 page=1 pageSubmissions=55
408292 page=1 submissionsAfterChallengeStart=55
408292 page=1 nextHref=
408292 page=1 next=
408293 page=1 fetchUrl=https://acm.timus.ru/status.aspx?space=1&author=408293&count=100&locale=en
408293 page=1 pageSubmissions=14
408293 page=1 submissionsAfterChallengeStart=14
408293 page=1 nextHref=
408293 page=1 next=
408296 page=1 fetchUrl=https://acm.timus.ru/status.aspx?space=1&author=408296&count=100&locale=en
408296 page=1 pageSubmissions=32
408296 page=1 submissionsAfterChallengeStart=32
408296 page=1 nextHref=
408296 page=1 next=
408294 page=1 fetchUrl=https://acm.timus.ru/status.aspx?space=1&author=408294&count=100&locale=en
408294 page=1 pageSubmissions=28
408294 page=1 submissionsAfterChallengeStart=28
408294 page=1 nextHref=
408294 page=1 next=
408298 page=1 fetchUrl=https://acm.timus.ru/status.aspx?space=1&author=408298&count=100&locale=en
408298 page=1 pageSubmissions=20
408298 page=1 submissionsAfterChallengeStart=20
408298 page=1 nextHref=
408298 page=1 next=
408303 page=1 fetchUrl=https://acm.timus.ru/status.aspx?space=1&author=408303&count=100&locale=en
408303 page=1 pageSubmissions=91
408303 page=1 submissionsAfterChallengeStart=91
408303 page=1 nextHref=
408303 page=1 next=
408307 page=1 fetchUrl=https://acm.timus.ru/status.aspx?space=1&author=408307&count=100&locale=en
408307 page=1 pageSubmissions=3
408307 page=1 submissionsAfterChallengeStart=3
408307 page=1 nextHref=
408307 page=1 next=
408311 page=1 fetchUrl=https://acm.timus.ru/status.aspx?space=1&author=408311&count=100&locale=en
408311 page=1 pageSubmissions=5
408311 page=1 submissionsAfterChallengeStart=5
408311 page=1 nextHref=
408311 page=1 next=
408323 page=1 fetchUrl=https://acm.timus.ru/status.aspx?space=1&author=408323&count=100&locale=en
408323 page=1 pageSubmissions=21
408323 page=1 submissionsAfterChallengeStart=21
408323 page=1 nextHref=
408323 page=1 next=
408301 page=1 fetchUrl=https://acm.timus.ru/status.aspx?space=1&author=408301&count=100&locale=en
408301 page=1 pageSubmissions=14
408301 page=1 submissionsAfterChallengeStart=14
408301 page=1 nextHref=
408301 page=1 next=
408326 page=1 fetchUrl=https://acm.timus.ru/status.aspx?space=1&author=408326&count=100&locale=en
408326 page=1 pageSubmissions=12
408326 page=1 submissionsAfterChallengeStart=12
408326 page=1 nextHref=
408326 page=1 next=
# 2026-08-23T14:43:51.080Z
69385 page=1 fetchUrl=https://acm.timus.ru/status.aspx?space=1&author=69385&count=100&locale=en
69385 page=1 pageSubmissions=100
69385 page=1 submissionsAfterChallengeStart=100
69385 page=1 nextHref=status.aspx?space=1&amp;author=69385&amp;from=11241301
69385 page=1 next=/status.aspx?space=1&author=69385&from=11241301
69385 page=2 fetchUrl=https://acm.timus.ru/status.aspx?space=1&author=69385&from=11241301
69385 page=2 pageSubmissions=10
69385 page=2 submissionsAfterChallengeStart=10
69385 page=2 nextHref=status.aspx?space=1&amp;author=69385&amp;from=11240680
69385 page=2 next=/status.aspx?space=1&author=69385&from=11240680
69385 page=3 fetchUrl=https://acm.timus.ru/status.aspx?space=1&author=69385&from=11240680
69385 page=3 pageSubmissions=10
69385 page=3 submissionsAfterChallengeStart=10
69385 page=3 nextHref=status.aspx?space=1&amp;author=69385&amp;from=11240576
69385 page=3 next=/status.aspx?space=1&author=69385&from=11240576
69385 page=4 fetchUrl=https://acm.timus.ru/status.aspx?space=1&author=69385&from=11240576
69385 page=4 pageSubmissions=10
69385 page=4 submissionsAfterChallengeStart=5
69385 page=4 nextHref=status.aspx?space=1&amp;author=69385&amp;from=9460282
69385 page=4 next=
408257 page=1 fetchUrl=https://acm.timus.ru/status.aspx?space=1&author=408257&count=100&locale=en
408257 page=1 pageSubmissions=79
408257 page=1 submissionsAfterChallengeStart=79
408257 page=1 nextHref=
408257 page=1 next=
408279 page=1 fetchUrl=https://acm.timus.ru/status.aspx?space=1&author=408279&count=100&locale=en
408279 page=1 pageSubmissions=1
408279 page=1 submissionsAfterChallengeStart=1
408279 page=1 nextHref=
408279 page=1 next=
408277 page=1 fetchUrl=https://acm.timus.ru/status.aspx?space=1&author=408277&count=100&locale=en
408277 page=1 pageSubmissions=6
408277 page=1 submissionsAfterChallengeStart=6
408277 page=1 nextHref=
408277 page=1 next=
408280 page=1 fetchUrl=https://acm.timus.ru/status.aspx?space=1&author=408280&count=100&locale=en
408280 page=1 pageSubmissions=26
408280 page=1 submissionsAfterChallengeStart=26
408280 page=1 nextHref=
408280 page=1 next=
408281 page=1 fetchUrl=https://acm.timus.ru/status.aspx?space=1&author=408281&count=100&locale=en
408281 page=1 pageSubmissions=0
408281 page=1 submissionsAfterChallengeStart=0
408281 page=1 nextHref=
408281 page=1 next=
408282 page=1 fetchUrl=https://acm.timus.ru/status.aspx?space=1&author=408282&count=100&locale=en
408282 page=1 pageSubmissions=3
408282 page=1 submissionsAfterChallengeStart=3
408282 page=1 nextHref=
408282 page=1 next=
408283 page=1 fetchUrl=https://acm.timus.ru/status.aspx?space=1&author=408283&count=100&locale=en
408283 page=1 pageSubmissions=51
408283 page=1 submissionsAfterChallengeStart=51
408283 page=1 nextHref=
408283 page=1 next=
408292 page=1 fetchUrl=https://acm.timus.ru/status.aspx?space=1&author=408292&count=100&locale=en
408292 page=1 pageSubmissions=55
408292 page=1 submissionsAfterChallengeStart=55
408292 page=1 nextHref=
408292 page=1 next=
408293 page=1 fetchUrl=https://acm.timus.ru/status.aspx?space=1&author=408293&count=100&locale=en
408293 page=1 pageSubmissions=14
408293 page=1 submissionsAfterChallengeStart=14
408293 page=1 nextHref=
408293 page=1 next=
408296 page=1 fetchUrl=https://acm.timus.ru/status.aspx?space=1&author=408296&count=100&locale=en
408296 page=1 pageSubmissions=32
408296 page=1 submissionsAfterChallengeStart=32
408296 page=1 nextHref=
408296 page=1 next=
408294 page=1 fetchUrl=https://acm.timus.ru/status.aspx?space=1&author=408294&count=100&locale=en
408294 page=1 pageSubmissions=28
408294 page=1 submissionsAfterChallengeStart=28
408294 page=1 nextHref=
408294 page=1 next=
408298 page=1 fetchUrl=https://acm.timus.ru/status.aspx?space=1&author=408298&count=100&locale=en
408298 page=1 pageSubmissions=20
408298 page=1 submissionsAfterChallengeStart=20
408298 page=1 nextHref=
408298 page=1 next=
408303 page=1 fetchUrl=https://acm.timus.ru/status.aspx?space=1&author=408303&count=100&locale=en
408303 page=1 pageSubmissions=91
408303 page=1 submissionsAfterChallengeStart=91
408303 page=1 nextHref=
408303 page=1 next=
408307 page=1 fetchUrl=https://acm.timus.ru/status.aspx?space=1&author=408307&count=100&locale=en
408307 page=1 pageSubmissions=3
408307 page=1 submissionsAfterChallengeStart=3
408307 page=1 nextHref=
408307 page=1 next=
408311 page=1 fetchUrl=https://acm.timus.ru/status.aspx?space=1&author=408311&count=100&locale=en
408311 page=1 pageSubmissions=5
408311 page=1 submissionsAfterChallengeStart=5
408311 page=1 nextHref=
408311 page=1 next=
408323 page=1 fetchUrl=https://acm.timus.ru/status.aspx?space=1&author=408323&count=100&locale=en
408323 page=1 pageSubmissions=21
408323 page=1 submissionsAfterChallengeStart=21
408323 page=1 nextHref=
408323 page=1 next=
408301 page=1 fetchUrl=https://acm.timus.ru/status.aspx?space=1&author=408301&count=100&locale=en
408301 page=1 pageSubmissions=14
408301 page=1 submissionsAfterChallengeStart=14
408301 page=1 nextHref=
408301 page=1 next=
408326 page=1 fetchUrl=https://acm.timus.ru/status.aspx?space=1&author=408326&count=100&locale=en
408326 page=1 pageSubmissions=12
408326 page=1 submissionsAfterChallengeStart=12
408326 page=1 nextHref=
408326 page=1 next=
# 2026-08-23T14:48:01.531Z
69385 page=1 fetchUrl=https://acm.timus.ru/status.aspx?space=1&author=69385&count=100&locale=en
69385 page=1 pageSubmissions=100
69385 page=1 submissionsAfterChallengeStart=100
69385 page=1 nextHref=status.aspx?space=1&amp;author=69385&amp;from=11241301
69385 page=1 next=/status.aspx?space=1&author=69385&from=11241301
69385 page=2 fetchUrl=https://acm.timus.ru/status.aspx?space=1&author=69385&from=11241301
69385 page=2 pageSubmissions=10
69385 page=2 submissionsAfterChallengeStart=10
69385 page=2 nextHref=status.aspx?space=1&amp;author=69385&amp;from=11240680
69385 page=2 next=/status.aspx?space=1&author=69385&from=11240680
69385 page=3 fetchUrl=https://acm.timus.ru/status.aspx?space=1&author=69385&from=11240680
69385 page=3 pageSubmissions=10
69385 page=3 submissionsAfterChallengeStart=10
69385 page=3 nextHref=status.aspx?space=1&amp;author=69385&amp;from=11240576
69385 page=3 next=/status.aspx?space=1&author=69385&from=11240576
69385 page=4 fetchUrl=https://acm.timus.ru/status.aspx?space=1&author=69385&from=11240576
69385 page=4 pageSubmissions=10
69385 page=4 submissionsAfterChallengeStart=5
69385 page=4 nextHref=status.aspx?space=1&amp;author=69385&amp;from=9460282
69385 page=4 next=
408257 page=1 fetchUrl=https://acm.timus.ru/status.aspx?space=1&author=408257&count=100&locale=en
408257 page=1 pageSubmissions=79
408257 page=1 submissionsAfterChallengeStart=79
408257 page=1 nextHref=
408257 page=1 next=
408279 page=1 fetchUrl=https://acm.timus.ru/status.aspx?space=1&author=408279&count=100&locale=en
408279 page=1 pageSubmissions=1
408279 page=1 submissionsAfterChallengeStart=1
408279 page=1 nextHref=
408279 page=1 next=
408277 page=1 fetchUrl=https://acm.timus.ru/status.aspx?space=1&author=408277&count=100&locale=en
408277 page=1 pageSubmissions=6
408277 page=1 submissionsAfterChallengeStart=6
408277 page=1 nextHref=
408277 page=1 next=
408280 page=1 fetchUrl=https://acm.timus.ru/status.aspx?space=1&author=408280&count=100&locale=en
408280 page=1 pageSubmissions=26
408280 page=1 submissionsAfterChallengeStart=26
408280 page=1 nextHref=
408280 page=1 next=
408281 page=1 fetchUrl=https://acm.timus.ru/status.aspx?space=1&author=408281&count=100&locale=en
408281 page=1 pageSubmissions=0
408281 page=1 submissionsAfterChallengeStart=0
408281 page=1 nextHref=
408281 page=1 next=
408282 page=1 fetchUrl=https://acm.timus.ru/status.aspx?space=1&author=408282&count=100&locale=en
408282 page=1 pageSubmissions=3
408282 page=1 submissionsAfterChallengeStart=3
408282 page=1 nextHref=
408282 page=1 next=
408283 page=1 fetchUrl=https://acm.timus.ru/status.aspx?space=1&author=408283&count=100&locale=en
408283 page=1 pageSubmissions=51
408283 page=1 submissionsAfterChallengeStart=51
408283 page=1 nextHref=
408283 page=1 next=
408292 page=1 fetchUrl=https://acm.timus.ru/status.aspx?space=1&author=408292&count=100&locale=en
408292 page=1 pageSubmissions=55
408292 page=1 submissionsAfterChallengeStart=55
408292 page=1 nextHref=
408292 page=1 next=
408293 page=1 fetchUrl=https://acm.timus.ru/status.aspx?space=1&author=408293&count=100&locale=en
408293 page=1 pageSubmissions=14
408293 page=1 submissionsAfterChallengeStart=14
408293 page=1 nextHref=
408293 page=1 next=
408296 page=1 fetchUrl=https://acm.timus.ru/status.aspx?space=1&author=408296&count=100&locale=en
408296 page=1 pageSubmissions=32
408296 page=1 submissionsAfterChallengeStart=32
408296 page=1 nextHref=
408296 page=1 next=
408294 page=1 fetchUrl=https://acm.timus.ru/status.aspx?space=1&author=408294&count=100&locale=en
408294 page=1 pageSubmissions=28
408294 page=1 submissionsAfterChallengeStart=28
408294 page=1 nextHref=
408294 page=1 next=
408298 page=1 fetchUrl=https://acm.timus.ru/status.aspx?space=1&author=408298&count=100&locale=en
408298 page=1 pageSubmissions=20
408298 page=1 submissionsAfterChallengeStart=20
408298 page=1 nextHref=
408298 page=1 next=
408303 page=1 fetchUrl=https://acm.timus.ru/status.aspx?space=1&author=408303&count=100&locale=en
408303 page=1 pageSubmissions=91
408303 page=1 submissionsAfterChallengeStart=91
408303 page=1 nextHref=
408303 page=1 next=
408307 page=1 fetchUrl=https://acm.timus.ru/status.aspx?space=1&author=408307&count=100&locale=en
408307 page=1 pageSubmissions=3
408307 page=1 submissionsAfterChallengeStart=3
408307 page=1 nextHref=
408307 page=1 next=
408311 page=1 fetchUrl=https://acm.timus.ru/status.aspx?space=1&author=408311&count=100&locale=en
408311 page=1 pageSubmissions=5
408311 page=1 submissionsAfterChallengeStart=5
408311 page=1 nextHref=
408311 page=1 next=
408323 page=1 fetchUrl=https://acm.timus.ru/status.aspx?space=1&author=408323&count=100&locale=en
408323 page=1 pageSubmissions=21
408323 page=1 submissionsAfterChallengeStart=21
408323 page=1 nextHref=
408323 page=1 next=
408301 page=1 fetchUrl=https://acm.timus.ru/status.aspx?space=1&author=408301&count=100&locale=en
408301 page=1 pageSubmissions=14
408301 page=1 submissionsAfterChallengeStart=14
408301 page=1 nextHref=
408301 page=1 next=
408326 page=1 fetchUrl=https://acm.timus.ru/status.aspx?space=1&author=408326&count=100&locale=en
408326 page=1 pageSubmissions=12
408326 page=1 submissionsAfterChallengeStart=12
408326 page=1 nextHref=
408326 page=1 next=
# 2026-08-23T14:52:53.571Z
69385 page=1 fetchUrl=https://acm.timus.ru/status.aspx?space=1&author=69385&count=100&locale=en
69385 page=1 pageSubmissions=100
69385 page=1 submissionsAfterChallengeStart=100
69385 page=1 nextHref=status.aspx?space=1&amp;author=69385&amp;from=11241301
69385 page=1 next=/status.aspx?space=1&author=69385&from=11241301
69385 page=2 fetchUrl=https://acm.timus.ru/status.aspx?space=1&author=69385&from=11241301
69385 page=2 pageSubmissions=10
69385 page=2 submissionsAfterChallengeStart=10
69385 page=2 nextHref=status.aspx?space=1&amp;author=69385&amp;from=11240680
69385 page=2 next=/status.aspx?space=1&author=69385&from=11240680
69385 page=3 fetchUrl=https://acm.timus.ru/status.aspx?space=1&author=69385&from=11240680
69385 page=3 pageSubmissions=10
69385 page=3 submissionsAfterChallengeStart=10
69385 page=3 nextHref=status.aspx?space=1&amp;author=69385&amp;from=11240576
69385 page=3 next=/status.aspx?space=1&author=69385&from=11240576
69385 page=4 fetchUrl=https://acm.timus.ru/status.aspx?space=1&author=69385&from=11240576
69385 page=4 pageSubmissions=10
69385 page=4 submissionsAfterChallengeStart=5
69385 page=4 nextHref=status.aspx?space=1&amp;author=69385&amp;from=9460282
69385 page=4 next=
408257 page=1 fetchUrl=https://acm.timus.ru/status.aspx?space=1&author=408257&count=100&locale=en
408257 page=1 pageSubmissions=79
408257 page=1 submissionsAfterChallengeStart=79
408257 page=1 nextHref=
408257 page=1 next=
408279 page=1 fetchUrl=https://acm.timus.ru/status.aspx?space=1&author=408279&count=100&locale=en
408279 page=1 pageSubmissions=1
408279 page=1 submissionsAfterChallengeStart=1
408279 page=1 nextHref=
408279 page=1 next=
408277 page=1 fetchUrl=https://acm.timus.ru/status.aspx?space=1&author=408277&count=100&locale=en
408277 page=1 pageSubmissions=6
408277 page=1 submissionsAfterChallengeStart=6
408277 page=1 nextHref=
408277 page=1 next=
408280 page=1 fetchUrl=https://acm.timus.ru/status.aspx?space=1&author=408280&count=100&locale=en
408280 page=1 pageSubmissions=26
408280 page=1 submissionsAfterChallengeStart=26
408280 page=1 nextHref=
408280 page=1 next=
408281 page=1 fetchUrl=https://acm.timus.ru/status.aspx?space=1&author=408281&count=100&locale=en
408281 page=1 pageSubmissions=0
408281 page=1 submissionsAfterChallengeStart=0
408281 page=1 nextHref=
408281 page=1 next=
408282 page=1 fetchUrl=https://acm.timus.ru/status.aspx?space=1&author=408282&count=100&locale=en
408282 page=1 pageSubmissions=3
408282 page=1 submissionsAfterChallengeStart=3
408282 page=1 nextHref=
408282 page=1 next=
408283 page=1 fetchUrl=https://acm.timus.ru/status.aspx?space=1&author=408283&count=100&locale=en
408283 page=1 pageSubmissions=51
408283 page=1 submissionsAfterChallengeStart=51
408283 page=1 nextHref=
408283 page=1 next=
408292 page=1 fetchUrl=https://acm.timus.ru/status.aspx?space=1&author=408292&count=100&locale=en
408292 page=1 pageSubmissions=55
408292 page=1 submissionsAfterChallengeStart=55
408292 page=1 nextHref=
408292 page=1 next=
408293 page=1 fetchUrl=https://acm.timus.ru/status.aspx?space=1&author=408293&count=100&locale=en
408293 page=1 pageSubmissions=14
408293 page=1 submissionsAfterChallengeStart=14
408293 page=1 nextHref=
408293 page=1 next=
408296 page=1 fetchUrl=https://acm.timus.ru/status.aspx?space=1&author=408296&count=100&locale=en
408296 page=1 pageSubmissions=32
408296 page=1 submissionsAfterChallengeStart=32
408296 page=1 nextHref=
408296 page=1 next=
408294 page=1 fetchUrl=https://acm.timus.ru/status.aspx?space=1&author=408294&count=100&locale=en
408294 page=1 pageSubmissions=28
408294 page=1 submissionsAfterChallengeStart=28
408294 page=1 nextHref=
408294 page=1 next=
408298 page=1 fetchUrl=https://acm.timus.ru/status.aspx?space=1&author=408298&count=100&locale=en
408298 page=1 pageSubmissions=20
408298 page=1 submissionsAfterChallengeStart=20
408298 page=1 nextHref=
408298 page=1 next=
408303 page=1 fetchUrl=https://acm.timus.ru/status.aspx?space=1&author=408303&count=100&locale=en
408303 page=1 pageSubmissions=91
408303 page=1 submissionsAfterChallengeStart=91
408303 page=1 nextHref=
408303 page=1 next=
408307 page=1 fetchUrl=https://acm.timus.ru/status.aspx?space=1&author=408307&count=100&locale=en
408307 page=1 pageSubmissions=3
408307 page=1 submissionsAfterChallengeStart=3
408307 page=1 nextHref=
408307 page=1 next=
408311 page=1 fetchUrl=https://acm.timus.ru/status.aspx?space=1&author=408311&count=100&locale=en
408311 page=1 pageSubmissions=5
408311 page=1 submissionsAfterChallengeStart=5
408311 page=1 nextHref=
408311 page=1 next=
408323 page=1 fetchUrl=https://acm.timus.ru/status.aspx?space=1&author=408323&count=100&locale=en
408323 page=1 pageSubmissions=21
408323 page=1 submissionsAfterChallengeStart=21
408323 page=1 nextHref=
408323 page=1 next=
408301 page=1 fetchUrl=https://acm.timus.ru/status.aspx?space=1&author=408301&count=100&locale=en
408301 page=1 pageSubmissions=14
408301 page=1 submissionsAfterChallengeStart=14
408301 page=1 nextHref=
408301 page=1 next=
408326 page=1 fetchUrl=https://acm.timus.ru/status.aspx?space=1&author=408326&count=100&locale=en
408326 page=1 pageSubmissions=12
408326 page=1 submissionsAfterChallengeStart=12
408326 page=1 nextHref=
408326 page=1 next=
# 2026-08-23T14:57:56.232Z
69385 page=1 fetchUrl=https://acm.timus.ru/status.aspx?space=1&author=69385&count=100&locale=en
69385 page=1 pageSubmissions=100
69385 page=1 submissionsAfterChallengeStart=100
69385 page=1 nextHref=status.aspx?space=1&amp;author=69385&amp;from=11241301
69385 page=1 next=/status.aspx?space=1&author=69385&from=11241301
69385 page=2 fetchUrl=https://acm.timus.ru/status.aspx?space=1&author=69385&from=11241301
69385 page=2 pageSubmissions=10
69385 page=2 submissionsAfterChallengeStart=10
69385 page=2 nextHref=status.aspx?space=1&amp;author=69385&amp;from=11240680
69385 page=2 next=/status.aspx?space=1&author=69385&from=11240680
69385 page=3 fetchUrl=https://acm.timus.ru/status.aspx?space=1&author=69385&from=11240680
69385 page=3 pageSubmissions=10
69385 page=3 submissionsAfterChallengeStart=10
69385 page=3 nextHref=status.aspx?space=1&amp;author=69385&amp;from=11240576
69385 page=3 next=/status.aspx?space=1&author=69385&from=11240576
69385 page=4 fetchUrl=https://acm.timus.ru/status.aspx?space=1&author=69385&from=11240576
69385 page=4 pageSubmissions=10
69385 page=4 submissionsAfterChallengeStart=5
69385 page=4 nextHref=status.aspx?space=1&amp;author=69385&amp;from=9460282
69385 page=4 next=
408257 page=1 fetchUrl=https://acm.timus.ru/status.aspx?space=1&author=408257&count=100&locale=en
408257 page=1 pageSubmissions=79
408257 page=1 submissionsAfterChallengeStart=79
408257 page=1 nextHref=
408257 page=1 next=
408279 page=1 fetchUrl=https://acm.timus.ru/status.aspx?space=1&author=408279&count=100&locale=en
408279 page=1 pageSubmissions=1
408279 page=1 submissionsAfterChallengeStart=1
408279 page=1 nextHref=
408279 page=1 next=
408277 page=1 fetchUrl=https://acm.timus.ru/status.aspx?space=1&author=408277&count=100&locale=en
408277 page=1 pageSubmissions=6
408277 page=1 submissionsAfterChallengeStart=6
408277 page=1 nextHref=
408277 page=1 next=
408280 page=1 fetchUrl=https://acm.timus.ru/status.aspx?space=1&author=408280&count=100&locale=en
408280 page=1 pageSubmissions=26
408280 page=1 submissionsAfterChallengeStart=26
408280 page=1 nextHref=
408280 page=1 next=
408281 page=1 fetchUrl=https://acm.timus.ru/status.aspx?space=1&author=408281&count=100&locale=en
408281 page=1 pageSubmissions=0
408281 page=1 submissionsAfterChallengeStart=0
408281 page=1 nextHref=
408281 page=1 next=
408282 page=1 fetchUrl=https://acm.timus.ru/status.aspx?space=1&author=408282&count=100&locale=en
408282 page=1 pageSubmissions=3
408282 page=1 submissionsAfterChallengeStart=3
408282 page=1 nextHref=
408282 page=1 next=
408283 page=1 fetchUrl=https://acm.timus.ru/status.aspx?space=1&author=408283&count=100&locale=en
408283 page=1 pageSubmissions=51
408283 page=1 submissionsAfterChallengeStart=51
408283 page=1 nextHref=
408283 page=1 next=
408292 page=1 fetchUrl=https://acm.timus.ru/status.aspx?space=1&author=408292&count=100&locale=en
408292 page=1 pageSubmissions=55
408292 page=1 submissionsAfterChallengeStart=55
408292 page=1 nextHref=
408292 page=1 next=
408293 page=1 fetchUrl=https://acm.timus.ru/status.aspx?space=1&author=408293&count=100&locale=en
408293 page=1 pageSubmissions=14
408293 page=1 submissionsAfterChallengeStart=14
408293 page=1 nextHref=
408293 page=1 next=
408296 page=1 fetchUrl=https://acm.timus.ru/status.aspx?space=1&author=408296&count=100&locale=en
408296 page=1 pageSubmissions=32
408296 page=1 submissionsAfterChallengeStart=32
408296 page=1 nextHref=
408296 page=1 next=
408294 page=1 fetchUrl=https://acm.timus.ru/status.aspx?space=1&author=408294&count=100&locale=en
408294 page=1 pageSubmissions=28
408294 page=1 submissionsAfterChallengeStart=28
408294 page=1 nextHref=
408294 page=1 next=
408298 page=1 fetchUrl=https://acm.timus.ru/status.aspx?space=1&author=408298&count=100&locale=en
408298 page=1 pageSubmissions=20
408298 page=1 submissionsAfterChallengeStart=20
408298 page=1 nextHref=
408298 page=1 next=
408303 page=1 fetchUrl=https://acm.timus.ru/status.aspx?space=1&author=408303&count=100&locale=en
408303 page=1 pageSubmissions=91
408303 page=1 submissionsAfterChallengeStart=91
408303 page=1 nextHref=
408303 page=1 next=
408307 page=1 fetchUrl=https://acm.timus.ru/status.aspx?space=1&author=408307&count=100&locale=en
408307 page=1 pageSubmissions=3
408307 page=1 submissionsAfterChallengeStart=3
408307 page=1 nextHref=
408307 page=1 next=
408311 page=1 fetchUrl=https://acm.timus.ru/status.aspx?space=1&author=408311&count=100&locale=en
408311 page=1 pageSubmissions=5
408311 page=1 submissionsAfterChallengeStart=5
408311 page=1 nextHref=
408311 page=1 next=
408323 page=1 fetchUrl=https://acm.timus.ru/status.aspx?space=1&author=408323&count=100&locale=en
408323 page=1 pageSubmissions=21
408323 page=1 submissionsAfterChallengeStart=21
408323 page=1 nextHref=
408323 page=1 next=
408301 page=1 fetchUrl=https://acm.timus.ru/status.aspx?space=1&author=408301&count=100&locale=en
408301 page=1 pageSubmissions=14
408301 page=1 submissionsAfterChallengeStart=14
408301 page=1 nextHref=
408301 page=1 next=
408326 page=1 fetchUrl=https://acm.timus.ru/status.aspx?space=1&author=408326&count=100&locale=en
408326 page=1 pageSubmissions=12
408326 page=1 submissionsAfterChallengeStart=12
408326 page=1 nextHref=
408326 page=1 next=
# 2026-08-23T15:01:20.682Z
69385 page=1 fetchUrl=https://acm.timus.ru/status.aspx?space=1&author=69385&count=100&locale=en
69385 page=1 pageSubmissions=100
69385 page=1 submissionsAfterChallengeStart=100
69385 page=1 nextHref=status.aspx?space=1&amp;author=69385&amp;from=11241301
69385 page=1 next=/status.aspx?space=1&author=69385&from=11241301
69385 page=2 fetchUrl=https://acm.timus.ru/status.aspx?space=1&author=69385&from=11241301
69385 page=2 pageSubmissions=10
69385 page=2 submissionsAfterChallengeStart=10
69385 page=2 nextHref=status.aspx?space=1&amp;author=69385&amp;from=11240680
69385 page=2 next=/status.aspx?space=1&author=69385&from=11240680
69385 page=3 fetchUrl=https://acm.timus.ru/status.aspx?space=1&author=69385&from=11240680
69385 page=3 pageSubmissions=10
69385 page=3 submissionsAfterChallengeStart=10
69385 page=3 nextHref=status.aspx?space=1&amp;author=69385&amp;from=11240576
69385 page=3 next=/status.aspx?space=1&author=69385&from=11240576
69385 page=4 fetchUrl=https://acm.timus.ru/status.aspx?space=1&author=69385&from=11240576
69385 page=4 pageSubmissions=10
69385 page=4 submissionsAfterChallengeStart=5
69385 page=4 nextHref=status.aspx?space=1&amp;author=69385&amp;from=9460282
69385 page=4 next=
408257 page=1 fetchUrl=https://acm.timus.ru/status.aspx?space=1&author=408257&count=100&locale=en
408257 page=1 pageSubmissions=79
408257 page=1 submissionsAfterChallengeStart=79
408257 page=1 nextHref=
408257 page=1 next=
408279 page=1 fetchUrl=https://acm.timus.ru/status.aspx?space=1&author=408279&count=100&locale=en
408279 page=1 pageSubmissions=1
408279 page=1 submissionsAfterChallengeStart=1
408279 page=1 nextHref=
408279 page=1 next=
408277 page=1 fetchUrl=https://acm.timus.ru/status.aspx?space=1&author=408277&count=100&locale=en
408277 page=1 pageSubmissions=6
408277 page=1 submissionsAfterChallengeStart=6
408277 page=1 nextHref=
408277 page=1 next=
408280 page=1 fetchUrl=https://acm.timus.ru/status.aspx?space=1&author=408280&count=100&locale=en
408280 page=1 pageSubmissions=26
408280 page=1 submissionsAfterChallengeStart=26
408280 page=1 nextHref=
408280 page=1 next=
408281 page=1 fetchUrl=https://acm.timus.ru/status.aspx?space=1&author=408281&count=100&locale=en
408281 page=1 pageSubmissions=0
408281 page=1 submissionsAfterChallengeStart=0
408281 page=1 nextHref=
408281 page=1 next=
408282 page=1 fetchUrl=https://acm.timus.ru/status.aspx?space=1&author=408282&count=100&locale=en
408282 page=1 pageSubmissions=3
408282 page=1 submissionsAfterChallengeStart=3
408282 page=1 nextHref=
408282 page=1 next=
408283 page=1 fetchUrl=https://acm.timus.ru/status.aspx?space=1&author=408283&count=100&locale=en
408283 page=1 pageSubmissions=51
408283 page=1 submissionsAfterChallengeStart=51
408283 page=1 nextHref=
408283 page=1 next=
408292 page=1 fetchUrl=https://acm.timus.ru/status.aspx?space=1&author=408292&count=100&locale=en
408292 page=1 pageSubmissions=55
408292 page=1 submissionsAfterChallengeStart=55
408292 page=1 nextHref=
408292 page=1 next=
408293 page=1 fetchUrl=https://acm.timus.ru/status.aspx?space=1&author=408293&count=100&locale=en
408293 page=1 pageSubmissions=14
408293 page=1 submissionsAfterChallengeStart=14
408293 page=1 nextHref=
408293 page=1 next=
408296 page=1 fetchUrl=https://acm.timus.ru/status.aspx?space=1&author=408296&count=100&locale=en
408296 page=1 pageSubmissions=32
408296 page=1 submissionsAfterChallengeStart=32
408296 page=1 nextHref=
408296 page=1 next=
408294 page=1 fetchUrl=https://acm.timus.ru/status.aspx?space=1&author=408294&count=100&locale=en
408294 page=1 pageSubmissions=28
408294 page=1 submissionsAfterChallengeStart=28
408294 page=1 nextHref=
408294 page=1 next=
408298 page=1 fetchUrl=https://acm.timus.ru/status.aspx?space=1&author=408298&count=100&locale=en
408298 page=1 pageSubmissions=20
408298 page=1 submissionsAfterChallengeStart=20
408298 page=1 nextHref=
408298 page=1 next=
408303 page=1 fetchUrl=https://acm.timus.ru/status.aspx?space=1&author=408303&count=100&locale=en
408303 page=1 pageSubmissions=91
408303 page=1 submissionsAfterChallengeStart=91
408303 page=1 nextHref=
408303 page=1 next=
408307 page=1 fetchUrl=https://acm.timus.ru/status.aspx?space=1&author=408307&count=100&locale=en
408307 page=1 pageSubmissions=3
408307 page=1 submissionsAfterChallengeStart=3
408307 page=1 nextHref=
408307 page=1 next=
408311 page=1 fetchUrl=https://acm.timus.ru/status.aspx?space=1&author=408311&count=100&locale=en
408311 page=1 pageSubmissions=5
408311 page=1 submissionsAfterChallengeStart=5
408311 page=1 nextHref=
408311 page=1 next=
408323 page=1 fetchUrl=https://acm.timus.ru/status.aspx?space=1&author=408323&count=100&locale=en
408323 page=1 pageSubmissions=21
408323 page=1 submissionsAfterChallengeStart=21
408323 page=1 nextHref=
408323 page=1 next=
408301 page=1 fetchUrl=https://acm.timus.ru/status.aspx?space=1&author=408301&count=100&locale=en
408301 page=1 pageSubmissions=14
408301 page=1 submissionsAfterChallengeStart=14
408301 page=1 nextHref=
408301 page=1 next=
408326 page=1 fetchUrl=https://acm.timus.ru/status.aspx?space=1&author=408326&count=100&locale=en
408326 page=1 pageSubmissions=12
408326 page=1 submissionsAfterChallengeStart=12
408326 page=1 nextHref=
408326 page=1 next=
# 2026-08-23T15:02:55.248Z
69385 page=1 fetchUrl=https://acm.timus.ru/status.aspx?space=1&author=69385&count=100&locale=en
69385 page=1 pageSubmissions=100
69385 page=1 submissionsAfterChallengeStart=100
69385 page=1 nextHref=status.aspx?space=1&amp;author=69385&amp;from=11241301
69385 page=1 next=/status.aspx?space=1&author=69385&from=11241301
69385 page=2 fetchUrl=https://acm.timus.ru/status.aspx?space=1&author=69385&from=11241301
69385 page=2 pageSubmissions=10
69385 page=2 submissionsAfterChallengeStart=10
69385 page=2 nextHref=status.aspx?space=1&amp;author=69385&amp;from=11240680
69385 page=2 next=/status.aspx?space=1&author=69385&from=11240680
69385 page=3 fetchUrl=https://acm.timus.ru/status.aspx?space=1&author=69385&from=11240680
69385 page=3 pageSubmissions=10
69385 page=3 submissionsAfterChallengeStart=10
69385 page=3 nextHref=status.aspx?space=1&amp;author=69385&amp;from=11240576
69385 page=3 next=/status.aspx?space=1&author=69385&from=11240576
69385 page=4 fetchUrl=https://acm.timus.ru/status.aspx?space=1&author=69385&from=11240576
69385 page=4 pageSubmissions=10
69385 page=4 submissionsAfterChallengeStart=5
69385 page=4 nextHref=status.aspx?space=1&amp;author=69385&amp;from=9460282
69385 page=4 next=
408257 page=1 fetchUrl=https://acm.timus.ru/status.aspx?space=1&author=408257&count=100&locale=en
408257 page=1 pageSubmissions=79
408257 page=1 submissionsAfterChallengeStart=79
408257 page=1 nextHref=
408257 page=1 next=
408279 page=1 fetchUrl=https://acm.timus.ru/status.aspx?space=1&author=408279&count=100&locale=en
408279 page=1 pageSubmissions=1
408279 page=1 submissionsAfterChallengeStart=1
408279 page=1 nextHref=
408279 page=1 next=
408277 page=1 fetchUrl=https://acm.timus.ru/status.aspx?space=1&author=408277&count=100&locale=en
408277 page=1 pageSubmissions=6
408277 page=1 submissionsAfterChallengeStart=6
408277 page=1 nextHref=
408277 page=1 next=
408280 page=1 fetchUrl=https://acm.timus.ru/status.aspx?space=1&author=408280&count=100&locale=en
408280 page=1 pageSubmissions=26
408280 page=1 submissionsAfterChallengeStart=26
408280 page=1 nextHref=
408280 page=1 next=
408281 page=1 fetchUrl=https://acm.timus.ru/status.aspx?space=1&author=408281&count=100&locale=en
408281 page=1 pageSubmissions=0
408281 page=1 submissionsAfterChallengeStart=0
408281 page=1 nextHref=
408281 page=1 next=
408282 page=1 fetchUrl=https://acm.timus.ru/status.aspx?space=1&author=408282&count=100&locale=en
408282 page=1 pageSubmissions=3
408282 page=1 submissionsAfterChallengeStart=3
408282 page=1 nextHref=
408282 page=1 next=
408283 page=1 fetchUrl=https://acm.timus.ru/status.aspx?space=1&author=408283&count=100&locale=en
408283 page=1 pageSubmissions=51
408283 page=1 submissionsAfterChallengeStart=51
408283 page=1 nextHref=
408283 page=1 next=
408292 page=1 fetchUrl=https://acm.timus.ru/status.aspx?space=1&author=408292&count=100&locale=en
408292 page=1 pageSubmissions=55
408292 page=1 submissionsAfterChallengeStart=55
408292 page=1 nextHref=
408292 page=1 next=
408293 page=1 fetchUrl=https://acm.timus.ru/status.aspx?space=1&author=408293&count=100&locale=en
408293 page=1 pageSubmissions=14
408293 page=1 submissionsAfterChallengeStart=14
408293 page=1 nextHref=
408293 page=1 next=
408296 page=1 fetchUrl=https://acm.timus.ru/status.aspx?space=1&author=408296&count=100&locale=en
408296 page=1 pageSubmissions=32
408296 page=1 submissionsAfterChallengeStart=32
408296 page=1 nextHref=
408296 page=1 next=
408294 page=1 fetchUrl=https://acm.timus.ru/status.aspx?space=1&author=408294&count=100&locale=en
408294 page=1 pageSubmissions=28
408294 page=1 submissionsAfterChallengeStart=28
408294 page=1 nextHref=
408294 page=1 next=
408298 page=1 fetchUrl=https://acm.timus.ru/status.aspx?space=1&author=408298&count=100&locale=en
408298 page=1 pageSubmissions=20
408298 page=1 submissionsAfterChallengeStart=20
408298 page=1 nextHref=
408298 page=1 next=
408303 page=1 fetchUrl=https://acm.timus.ru/status.aspx?space=1&author=408303&count=100&locale=en
408303 page=1 pageSubmissions=91
408303 page=1 submissionsAfterChallengeStart=91
408303 page=1 nextHref=
408303 page=1 next=
408307 page=1 fetchUrl=https://acm.timus.ru/status.aspx?space=1&author=408307&count=100&locale=en
408307 page=1 pageSubmissions=3
408307 page=1 submissionsAfterChallengeStart=3
408307 page=1 nextHref=
408307 page=1 next=
408311 page=1 fetchUrl=https://acm.timus.ru/status.aspx?space=1&author=408311&count=100&locale=en
408311 page=1 pageSubmissions=5
408311 page=1 submissionsAfterChallengeStart=5
408311 page=1 nextHref=
408311 page=1 next=
408323 page=1 fetchUrl=https://acm.timus.ru/status.aspx?space=1&author=408323&count=100&locale=en
408323 page=1 pageSubmissions=21
408323 page=1 submissionsAfterChallengeStart=21
408323 page=1 nextHref=
408323 page=1 next=
408301 page=1 fetchUrl=https://acm.timus.ru/status.aspx?space=1&author=408301&count=100&locale=en
408301 page=1 pageSubmissions=14
408301 page=1 submissionsAfterChallengeStart=14
408301 page=1 nextHref=
408301 page=1 next=
408326 page=1 fetchUrl=https://acm.timus.ru/status.aspx?space=1&author=408326&count=100&locale=en
408326 page=1 pageSubmissions=12
408326 page=1 submissionsAfterChallengeStart=12
408326 page=1 nextHref=
408326 page=1 next=
# 2026-08-23T15:08:02.608Z
69385 page=1 fetchUrl=https://acm.timus.ru/status.aspx?space=1&author=69385&count=100&locale=en
69385 page=1 pageSubmissions=100
69385 page=1 submissionsAfterChallengeStart=100
69385 page=1 nextHref=status.aspx?space=1&amp;author=69385&amp;from=11241301
69385 page=1 next=/status.aspx?space=1&author=69385&from=11241301
69385 page=2 fetchUrl=https://acm.timus.ru/status.aspx?space=1&author=69385&from=11241301
69385 page=2 pageSubmissions=10
69385 page=2 submissionsAfterChallengeStart=10
69385 page=2 nextHref=status.aspx?space=1&amp;author=69385&amp;from=11240680
69385 page=2 next=/status.aspx?space=1&author=69385&from=11240680
69385 page=3 fetchUrl=https://acm.timus.ru/status.aspx?space=1&author=69385&from=11240680
69385 page=3 pageSubmissions=10
69385 page=3 submissionsAfterChallengeStart=10
69385 page=3 nextHref=status.aspx?space=1&amp;author=69385&amp;from=11240576
69385 page=3 next=/status.aspx?space=1&author=69385&from=11240576
69385 page=4 fetchUrl=https://acm.timus.ru/status.aspx?space=1&author=69385&from=11240576
69385 page=4 pageSubmissions=10
69385 page=4 submissionsAfterChallengeStart=5
69385 page=4 nextHref=status.aspx?space=1&amp;author=69385&amp;from=9460282
69385 page=4 next=
408257 page=1 fetchUrl=https://acm.timus.ru/status.aspx?space=1&author=408257&count=100&locale=en
408257 page=1 pageSubmissions=79
408257 page=1 submissionsAfterChallengeStart=79
408257 page=1 nextHref=
408257 page=1 next=
408279 page=1 fetchUrl=https://acm.timus.ru/status.aspx?space=1&author=408279&count=100&locale=en
408279 page=1 pageSubmissions=1
408279 page=1 submissionsAfterChallengeStart=1
408279 page=1 nextHref=
408279 page=1 next=
408277 page=1 fetchUrl=https://acm.timus.ru/status.aspx?space=1&author=408277&count=100&locale=en
408277 page=1 pageSubmissions=6
408277 page=1 submissionsAfterChallengeStart=6
408277 page=1 nextHref=
408277 page=1 next=
408280 page=1 fetchUrl=https://acm.timus.ru/status.aspx?space=1&author=408280&count=100&locale=en
408280 page=1 pageSubmissions=26
408280 page=1 submissionsAfterChallengeStart=26
408280 page=1 nextHref=
408280 page=1 next=
408281 page=1 fetchUrl=https://acm.timus.ru/status.aspx?space=1&author=408281&count=100&locale=en
408281 page=1 pageSubmissions=0
408281 page=1 submissionsAfterChallengeStart=0
408281 page=1 nextHref=
408281 page=1 next=
408282 page=1 fetchUrl=https://acm.timus.ru/status.aspx?space=1&author=408282&count=100&locale=en
408282 page=1 pageSubmissions=3
408282 page=1 submissionsAfterChallengeStart=3
408282 page=1 nextHref=
408282 page=1 next=
408283 page=1 fetchUrl=https://acm.timus.ru/status.aspx?space=1&author=408283&count=100&locale=en
408283 page=1 pageSubmissions=51
408283 page=1 submissionsAfterChallengeStart=51
408283 page=1 nextHref=
408283 page=1 next=
408292 page=1 fetchUrl=https://acm.timus.ru/status.aspx?space=1&author=408292&count=100&locale=en
408292 page=1 pageSubmissions=55
408292 page=1 submissionsAfterChallengeStart=55
408292 page=1 nextHref=
408292 page=1 next=
408293 page=1 fetchUrl=https://acm.timus.ru/status.aspx?space=1&author=408293&count=100&locale=en
408293 page=1 pageSubmissions=14
408293 page=1 submissionsAfterChallengeStart=14
408293 page=1 nextHref=
408293 page=1 next=
408296 page=1 fetchUrl=https://acm.timus.ru/status.aspx?space=1&author=408296&count=100&locale=en
408296 page=1 pageSubmissions=32
408296 page=1 submissionsAfterChallengeStart=32
408296 page=1 nextHref=
408296 page=1 next=
408294 page=1 fetchUrl=https://acm.timus.ru/status.aspx?space=1&author=408294&count=100&locale=en
408294 page=1 pageSubmissions=28
408294 page=1 submissionsAfterChallengeStart=28
408294 page=1 nextHref=
408294 page=1 next=
408298 page=1 fetchUrl=https://acm.timus.ru/status.aspx?space=1&author=408298&count=100&locale=en
408298 page=1 pageSubmissions=20
408298 page=1 submissionsAfterChallengeStart=20
408298 page=1 nextHref=
408298 page=1 next=
408303 page=1 fetchUrl=https://acm.timus.ru/status.aspx?space=1&author=408303&count=100&locale=en
408303 page=1 pageSubmissions=91
408303 page=1 submissionsAfterChallengeStart=91
408303 page=1 nextHref=
408303 page=1 next=
408307 page=1 fetchUrl=https://acm.timus.ru/status.aspx?space=1&author=408307&count=100&locale=en
408307 page=1 pageSubmissions=3
408307 page=1 submissionsAfterChallengeStart=3
408307 page=1 nextHref=
408307 page=1 next=
408311 page=1 fetchUrl=https://acm.timus.ru/status.aspx?space=1&author=408311&count=100&locale=en
408311 page=1 pageSubmissions=5
408311 page=1 submissionsAfterChallengeStart=5
408311 page=1 nextHref=
408311 page=1 next=
408323 page=1 fetchUrl=https://acm.timus.ru/status.aspx?space=1&author=408323&count=100&locale=en
408323 page=1 pageSubmissions=21
408323 page=1 submissionsAfterChallengeStart=21
408323 page=1 nextHref=
408323 page=1 next=
408301 page=1 fetchUrl=https://acm.timus.ru/status.aspx?space=1&author=408301&count=100&locale=en
408301 page=1 pageSubmissions=14
408301 page=1 submissionsAfterChallengeStart=14
408301 page=1 nextHref=
408301 page=1 next=
408326 page=1 fetchUrl=https://acm.timus.ru/status.aspx?space=1&author=408326&count=100&locale=en
408326 page=1 pageSubmissions=12
408326 page=1 submissionsAfterChallengeStart=12
408326 page=1 nextHref=
408326 page=1 next=
# 2026-08-23T15:13:01.133Z
69385 page=1 fetchUrl=https://acm.timus.ru/status.aspx?space=1&author=69385&count=100&locale=en
69385 page=1 pageSubmissions=100
69385 page=1 submissionsAfterChallengeStart=100
69385 page=1 nextHref=status.aspx?space=1&amp;author=69385&amp;from=11241301
69385 page=1 next=/status.aspx?space=1&author=69385&from=11241301
69385 page=2 fetchUrl=https://acm.timus.ru/status.aspx?space=1&author=69385&from=11241301
69385 page=2 pageSubmissions=10
69385 page=2 submissionsAfterChallengeStart=10
69385 page=2 nextHref=status.aspx?space=1&amp;author=69385&amp;from=11240680
69385 page=2 next=/status.aspx?space=1&author=69385&from=11240680
69385 page=3 fetchUrl=https://acm.timus.ru/status.aspx?space=1&author=69385&from=11240680
69385 page=3 pageSubmissions=10
69385 page=3 submissionsAfterChallengeStart=10
69385 page=3 nextHref=status.aspx?space=1&amp;author=69385&amp;from=11240576
69385 page=3 next=/status.aspx?space=1&author=69385&from=11240576
69385 page=4 fetchUrl=https://acm.timus.ru/status.aspx?space=1&author=69385&from=11240576
69385 page=4 pageSubmissions=10
69385 page=4 submissionsAfterChallengeStart=5
69385 page=4 nextHref=status.aspx?space=1&amp;author=69385&amp;from=9460282
69385 page=4 next=
408257 page=1 fetchUrl=https://acm.timus.ru/status.aspx?space=1&author=408257&count=100&locale=en
408257 page=1 pageSubmissions=79
408257 page=1 submissionsAfterChallengeStart=79
408257 page=1 nextHref=
408257 page=1 next=
408279 page=1 fetchUrl=https://acm.timus.ru/status.aspx?space=1&author=408279&count=100&locale=en
408279 page=1 pageSubmissions=1
408279 page=1 submissionsAfterChallengeStart=1
408279 page=1 nextHref=
408279 page=1 next=
408277 page=1 fetchUrl=https://acm.timus.ru/status.aspx?space=1&author=408277&count=100&locale=en
408277 page=1 pageSubmissions=6
408277 page=1 submissionsAfterChallengeStart=6
408277 page=1 nextHref=
408277 page=1 next=
408280 page=1 fetchUrl=https://acm.timus.ru/status.aspx?space=1&author=408280&count=100&locale=en
408280 page=1 pageSubmissions=26
408280 page=1 submissionsAfterChallengeStart=26
408280 page=1 nextHref=
408280 page=1 next=
408281 page=1 fetchUrl=https://acm.timus.ru/status.aspx?space=1&author=408281&count=100&locale=en
408281 page=1 pageSubmissions=0
408281 page=1 submissionsAfterChallengeStart=0
408281 page=1 nextHref=
408281 page=1 next=
408282 page=1 fetchUrl=https://acm.timus.ru/status.aspx?space=1&author=408282&count=100&locale=en
408282 page=1 pageSubmissions=3
408282 page=1 submissionsAfterChallengeStart=3
408282 page=1 nextHref=
408282 page=1 next=
408283 page=1 fetchUrl=https://acm.timus.ru/status.aspx?space=1&author=408283&count=100&locale=en
408283 page=1 pageSubmissions=51
408283 page=1 submissionsAfterChallengeStart=51
408283 page=1 nextHref=
408283 page=1 next=
408292 page=1 fetchUrl=https://acm.timus.ru/status.aspx?space=1&author=408292&count=100&locale=en
408292 page=1 pageSubmissions=55
408292 page=1 submissionsAfterChallengeStart=55
408292 page=1 nextHref=
408292 page=1 next=
408293 page=1 fetchUrl=https://acm.timus.ru/status.aspx?space=1&author=408293&count=100&locale=en
408293 page=1 pageSubmissions=14
408293 page=1 submissionsAfterChallengeStart=14
408293 page=1 nextHref=
408293 page=1 next=
408296 page=1 fetchUrl=https://acm.timus.ru/status.aspx?space=1&author=408296&count=100&locale=en
408296 page=1 pageSubmissions=32
408296 page=1 submissionsAfterChallengeStart=32
408296 page=1 nextHref=
408296 page=1 next=
408294 page=1 fetchUrl=https://acm.timus.ru/status.aspx?space=1&author=408294&count=100&locale=en
408294 page=1 pageSubmissions=28
408294 page=1 submissionsAfterChallengeStart=28
408294 page=1 nextHref=
408294 page=1 next=
408298 page=1 fetchUrl=https://acm.timus.ru/status.aspx?space=1&author=408298&count=100&locale=en
408298 page=1 pageSubmissions=20
408298 page=1 submissionsAfterChallengeStart=20
408298 page=1 nextHref=
408298 page=1 next=
408303 page=1 fetchUrl=https://acm.timus.ru/status.aspx?space=1&author=408303&count=100&locale=en
408303 page=1 pageSubmissions=91
408303 page=1 submissionsAfterChallengeStart=91
408303 page=1 nextHref=
408303 page=1 next=
408307 page=1 fetchUrl=https://acm.timus.ru/status.aspx?space=1&author=408307&count=100&locale=en
408307 page=1 pageSubmissions=3
408307 page=1 submissionsAfterChallengeStart=3
408307 page=1 nextHref=
408307 page=1 next=
408311 page=1 fetchUrl=https://acm.timus.ru/status.aspx?space=1&author=408311&count=100&locale=en
408311 page=1 pageSubmissions=5
408311 page=1 submissionsAfterChallengeStart=5
408311 page=1 nextHref=
408311 page=1 next=
408323 page=1 fetchUrl=https://acm.timus.ru/status.aspx?space=1&author=408323&count=100&locale=en
408323 page=1 pageSubmissions=21
408323 page=1 submissionsAfterChallengeStart=21
408323 page=1 nextHref=
408323 page=1 next=
408301 page=1 fetchUrl=https://acm.timus.ru/status.aspx?space=1&author=408301&count=100&locale=en
408301 page=1 pageSubmissions=14
408301 page=1 submissionsAfterChallengeStart=14
408301 page=1 nextHref=
408301 page=1 next=
408326 page=1 fetchUrl=https://acm.timus.ru/status.aspx?space=1&author=408326&count=100&locale=en
408326 page=1 pageSubmissions=12
408326 page=1 submissionsAfterChallengeStart=12
408326 page=1 nextHref=
408326 page=1 next=
# 2026-08-23T15:17:56.561Z
69385 page=1 fetchUrl=https://acm.timus.ru/status.aspx?space=1&author=69385&count=100&locale=en
69385 page=1 pageSubmissions=100
69385 page=1 submissionsAfterChallengeStart=100
69385 page=1 nextHref=status.aspx?space=1&amp;author=69385&amp;from=11241301
69385 page=1 next=/status.aspx?space=1&author=69385&from=11241301
69385 page=2 fetchUrl=https://acm.timus.ru/status.aspx?space=1&author=69385&from=11241301
69385 page=2 pageSubmissions=10
69385 page=2 submissionsAfterChallengeStart=10
69385 page=2 nextHref=status.aspx?space=1&amp;author=69385&amp;from=11240680
69385 page=2 next=/status.aspx?space=1&author=69385&from=11240680
69385 page=3 fetchUrl=https://acm.timus.ru/status.aspx?space=1&author=69385&from=11240680
69385 page=3 pageSubmissions=10
69385 page=3 submissionsAfterChallengeStart=10
69385 page=3 nextHref=status.aspx?space=1&amp;author=69385&amp;from=11240576
69385 page=3 next=/status.aspx?space=1&author=69385&from=11240576
69385 page=4 fetchUrl=https://acm.timus.ru/status.aspx?space=1&author=69385&from=11240576
69385 page=4 pageSubmissions=10
69385 page=4 submissionsAfterChallengeStart=5
69385 page=4 nextHref=status.aspx?space=1&amp;author=69385&amp;from=9460282
69385 page=4 next=
408257 page=1 fetchUrl=https://acm.timus.ru/status.aspx?space=1&author=408257&count=100&locale=en
408257 page=1 pageSubmissions=79
408257 page=1 submissionsAfterChallengeStart=79
408257 page=1 nextHref=
408257 page=1 next=
408279 page=1 fetchUrl=https://acm.timus.ru/status.aspx?space=1&author=408279&count=100&locale=en
408279 page=1 pageSubmissions=1
408279 page=1 submissionsAfterChallengeStart=1
408279 page=1 nextHref=
408279 page=1 next=
408277 page=1 fetchUrl=https://acm.timus.ru/status.aspx?space=1&author=408277&count=100&locale=en
408277 page=1 pageSubmissions=6
408277 page=1 submissionsAfterChallengeStart=6
408277 page=1 nextHref=
408277 page=1 next=
408280 page=1 fetchUrl=https://acm.timus.ru/status.aspx?space=1&author=408280&count=100&locale=en
408280 page=1 pageSubmissions=26
408280 page=1 submissionsAfterChallengeStart=26
408280 page=1 nextHref=
408280 page=1 next=
408281 page=1 fetchUrl=https://acm.timus.ru/status.aspx?space=1&author=408281&count=100&locale=en
408281 page=1 pageSubmissions=0
408281 page=1 submissionsAfterChallengeStart=0
408281 page=1 nextHref=
408281 page=1 next=
408282 page=1 fetchUrl=https://acm.timus.ru/status.aspx?space=1&author=408282&count=100&locale=en
408282 page=1 pageSubmissions=3
408282 page=1 submissionsAfterChallengeStart=3
408282 page=1 nextHref=
408282 page=1 next=
408283 page=1 fetchUrl=https://acm.timus.ru/status.aspx?space=1&author=408283&count=100&locale=en
408283 page=1 pageSubmissions=51
408283 page=1 submissionsAfterChallengeStart=51
408283 page=1 nextHref=
408283 page=1 next=
408292 page=1 fetchUrl=https://acm.timus.ru/status.aspx?space=1&author=408292&count=100&locale=en
408292 page=1 pageSubmissions=55
408292 page=1 submissionsAfterChallengeStart=55
408292 page=1 nextHref=
408292 page=1 next=
408293 page=1 fetchUrl=https://acm.timus.ru/status.aspx?space=1&author=408293&count=100&locale=en
408293 page=1 pageSubmissions=14
408293 page=1 submissionsAfterChallengeStart=14
408293 page=1 nextHref=
408293 page=1 next=
408296 page=1 fetchUrl=https://acm.timus.ru/status.aspx?space=1&author=408296&count=100&locale=en
408296 page=1 pageSubmissions=32
408296 page=1 submissionsAfterChallengeStart=32
408296 page=1 nextHref=
408296 page=1 next=
408294 page=1 fetchUrl=https://acm.timus.ru/status.aspx?space=1&author=408294&count=100&locale=en
408294 page=1 pageSubmissions=28
408294 page=1 submissionsAfterChallengeStart=28
408294 page=1 nextHref=
408294 page=1 next=
408298 page=1 fetchUrl=https://acm.timus.ru/status.aspx?space=1&author=408298&count=100&locale=en
408298 page=1 pageSubmissions=20
408298 page=1 submissionsAfterChallengeStart=20
408298 page=1 nextHref=
408298 page=1 next=
408303 page=1 fetchUrl=https://acm.timus.ru/status.aspx?space=1&author=408303&count=100&locale=en
408303 page=1 pageSubmissions=91
408303 page=1 submissionsAfterChallengeStart=91
408303 page=1 nextHref=
408303 page=1 next=
408307 page=1 fetchUrl=https://acm.timus.ru/status.aspx?space=1&author=408307&count=100&locale=en
408307 page=1 pageSubmissions=3
408307 page=1 submissionsAfterChallengeStart=3
408307 page=1 nextHref=
408307 page=1 next=
408311 page=1 fetchUrl=https://acm.timus.ru/status.aspx?space=1&author=408311&count=100&locale=en
408311 page=1 pageSubmissions=5
408311 page=1 submissionsAfterChallengeStart=5
408311 page=1 nextHref=
408311 page=1 next=
408323 page=1 fetchUrl=https://acm.timus.ru/status.aspx?space=1&author=408323&count=100&locale=en
408323 page=1 pageSubmissions=21
408323 page=1 submissionsAfterChallengeStart=21
408323 page=1 nextHref=
408323 page=1 next=
408301 page=1 fetchUrl=https://acm.timus.ru/status.aspx?space=1&author=408301&count=100&locale=en
408301 page=1 pageSubmissions=14
408301 page=1 submissionsAfterChallengeStart=14
408301 page=1 nextHref=
408301 page=1 next=
408326 page=1 fetchUrl=https://acm.timus.ru/status.aspx?space=1&author=408326&count=100&locale=en
408326 page=1 pageSubmissions=12
408326 page=1 submissionsAfterChallengeStart=12
408326 page=1 nextHref=
408326 page=1 next=
# 2026-08-23T15:22:53.679Z
69385 page=1 fetchUrl=https://acm.timus.ru/status.aspx?space=1&author=69385&count=100&locale=en
69385 page=1 pageSubmissions=100
69385 page=1 submissionsAfterChallengeStart=100
69385 page=1 nextHref=status.aspx?space=1&amp;author=69385&amp;from=11241301
69385 page=1 next=/status.aspx?space=1&author=69385&from=11241301
69385 page=2 fetchUrl=https://acm.timus.ru/status.aspx?space=1&author=69385&from=11241301
69385 page=2 pageSubmissions=10
69385 page=2 submissionsAfterChallengeStart=10
69385 page=2 nextHref=status.aspx?space=1&amp;author=69385&amp;from=11240680
69385 page=2 next=/status.aspx?space=1&author=69385&from=11240680
69385 page=3 fetchUrl=https://acm.timus.ru/status.aspx?space=1&author=69385&from=11240680
69385 page=3 pageSubmissions=10
69385 page=3 submissionsAfterChallengeStart=10
69385 page=3 nextHref=status.aspx?space=1&amp;author=69385&amp;from=11240576
69385 page=3 next=/status.aspx?space=1&author=69385&from=11240576
69385 page=4 fetchUrl=https://acm.timus.ru/status.aspx?space=1&author=69385&from=11240576
69385 page=4 pageSubmissions=10
69385 page=4 submissionsAfterChallengeStart=5
69385 page=4 nextHref=status.aspx?space=1&amp;author=69385&amp;from=9460282
69385 page=4 next=
408257 page=1 fetchUrl=https://acm.timus.ru/status.aspx?space=1&author=408257&count=100&locale=en
408257 page=1 pageSubmissions=79
408257 page=1 submissionsAfterChallengeStart=79
408257 page=1 nextHref=
408257 page=1 next=
408279 page=1 fetchUrl=https://acm.timus.ru/status.aspx?space=1&author=408279&count=100&locale=en
408279 page=1 pageSubmissions=1
408279 page=1 submissionsAfterChallengeStart=1
408279 page=1 nextHref=
408279 page=1 next=
408277 page=1 fetchUrl=https://acm.timus.ru/status.aspx?space=1&author=408277&count=100&locale=en
408277 page=1 pageSubmissions=6
408277 page=1 submissionsAfterChallengeStart=6
408277 page=1 nextHref=
408277 page=1 next=
408280 page=1 fetchUrl=https://acm.timus.ru/status.aspx?space=1&author=408280&count=100&locale=en
408280 page=1 pageSubmissions=26
408280 page=1 submissionsAfterChallengeStart=26
408280 page=1 nextHref=
408280 page=1 next=
408281 page=1 fetchUrl=https://acm.timus.ru/status.aspx?space=1&author=408281&count=100&locale=en
408281 page=1 pageSubmissions=0
408281 page=1 submissionsAfterChallengeStart=0
408281 page=1 nextHref=
408281 page=1 next=
408282 page=1 fetchUrl=https://acm.timus.ru/status.aspx?space=1&author=408282&count=100&locale=en
408282 page=1 pageSubmissions=3
408282 page=1 submissionsAfterChallengeStart=3
408282 page=1 nextHref=
408282 page=1 next=
408283 page=1 fetchUrl=https://acm.timus.ru/status.aspx?space=1&author=408283&count=100&locale=en
408283 page=1 pageSubmissions=51
408283 page=1 submissionsAfterChallengeStart=51
408283 page=1 nextHref=
408283 page=1 next=
408292 page=1 fetchUrl=https://acm.timus.ru/status.aspx?space=1&author=408292&count=100&locale=en
408292 page=1 pageSubmissions=55
408292 page=1 submissionsAfterChallengeStart=55
408292 page=1 nextHref=
408292 page=1 next=
408293 page=1 fetchUrl=https://acm.timus.ru/status.aspx?space=1&author=408293&count=100&locale=en
408293 page=1 pageSubmissions=14
408293 page=1 submissionsAfterChallengeStart=14
408293 page=1 nextHref=
408293 page=1 next=
408296 page=1 fetchUrl=https://acm.timus.ru/status.aspx?space=1&author=408296&count=100&locale=en
408296 page=1 pageSubmissions=32
408296 page=1 submissionsAfterChallengeStart=32
408296 page=1 nextHref=
408296 page=1 next=
408294 page=1 fetchUrl=https://acm.timus.ru/status.aspx?space=1&author=408294&count=100&locale=en
408294 page=1 pageSubmissions=28
408294 page=1 submissionsAfterChallengeStart=28
408294 page=1 nextHref=
408294 page=1 next=
408298 page=1 fetchUrl=https://acm.timus.ru/status.aspx?space=1&author=408298&count=100&locale=en
408298 page=1 pageSubmissions=20
408298 page=1 submissionsAfterChallengeStart=20
408298 page=1 nextHref=
408298 page=1 next=
408303 page=1 fetchUrl=https://acm.timus.ru/status.aspx?space=1&author=408303&count=100&locale=en
408303 page=1 pageSubmissions=91
408303 page=1 submissionsAfterChallengeStart=91
408303 page=1 nextHref=
408303 page=1 next=
408307 page=1 fetchUrl=https://acm.timus.ru/status.aspx?space=1&author=408307&count=100&locale=en
408307 page=1 pageSubmissions=3
408307 page=1 submissionsAfterChallengeStart=3
408307 page=1 nextHref=
408307 page=1 next=
408311 page=1 fetchUrl=https://acm.timus.ru/status.aspx?space=1&author=408311&count=100&locale=en
408311 page=1 pageSubmissions=5
408311 page=1 submissionsAfterChallengeStart=5
408311 page=1 nextHref=
408311 page=1 next=
408323 page=1 fetchUrl=https://acm.timus.ru/status.aspx?space=1&author=408323&count=100&locale=en
408323 page=1 pageSubmissions=21
408323 page=1 submissionsAfterChallengeStart=21
408323 page=1 nextHref=
408323 page=1 next=
408301 page=1 fetchUrl=https://acm.timus.ru/status.aspx?space=1&author=408301&count=100&locale=en
408301 page=1 pageSubmissions=14
408301 page=1 submissionsAfterChallengeStart=14
408301 page=1 nextHref=
408301 page=1 next=
408326 page=1 fetchUrl=https://acm.timus.ru/status.aspx?space=1&author=408326&count=100&locale=en
408326 page=1 pageSubmissions=12
408326 page=1 submissionsAfterChallengeStart=12
408326 page=1 nextHref=
408326 page=1 next=
# 2026-08-23T15:27:54.648Z
69385 page=1 fetchUrl=https://acm.timus.ru/status.aspx?space=1&author=69385&count=100&locale=en
69385 page=1 pageSubmissions=100
69385 page=1 submissionsAfterChallengeStart=100
69385 page=1 nextHref=status.aspx?space=1&amp;author=69385&amp;from=11241301
69385 page=1 next=/status.aspx?space=1&author=69385&from=11241301
69385 page=2 fetchUrl=https://acm.timus.ru/status.aspx?space=1&author=69385&from=11241301
69385 page=2 pageSubmissions=10
69385 page=2 submissionsAfterChallengeStart=10
69385 page=2 nextHref=status.aspx?space=1&amp;author=69385&amp;from=11240680
69385 page=2 next=/status.aspx?space=1&author=69385&from=11240680
69385 page=3 fetchUrl=https://acm.timus.ru/status.aspx?space=1&author=69385&from=11240680
69385 page=3 pageSubmissions=10
69385 page=3 submissionsAfterChallengeStart=10
69385 page=3 nextHref=status.aspx?space=1&amp;author=69385&amp;from=11240576
69385 page=3 next=/status.aspx?space=1&author=69385&from=11240576
69385 page=4 fetchUrl=https://acm.timus.ru/status.aspx?space=1&author=69385&from=11240576
69385 page=4 pageSubmissions=10
69385 page=4 submissionsAfterChallengeStart=5
69385 page=4 nextHref=status.aspx?space=1&amp;author=69385&amp;from=9460282
69385 page=4 next=
408257 page=1 fetchUrl=https://acm.timus.ru/status.aspx?space=1&author=408257&count=100&locale=en
408257 page=1 pageSubmissions=79
408257 page=1 submissionsAfterChallengeStart=79
408257 page=1 nextHref=
408257 page=1 next=
408279 page=1 fetchUrl=https://acm.timus.ru/status.aspx?space=1&author=408279&count=100&locale=en
408279 page=1 pageSubmissions=1
408279 page=1 submissionsAfterChallengeStart=1
408279 page=1 nextHref=
408279 page=1 next=
408277 page=1 fetchUrl=https://acm.timus.ru/status.aspx?space=1&author=408277&count=100&locale=en
408277 page=1 pageSubmissions=6
408277 page=1 submissionsAfterChallengeStart=6
408277 page=1 nextHref=
408277 page=1 next=
408280 page=1 fetchUrl=https://acm.timus.ru/status.aspx?space=1&author=408280&count=100&locale=en
408280 page=1 pageSubmissions=26
408280 page=1 submissionsAfterChallengeStart=26
408280 page=1 nextHref=
408280 page=1 next=
408281 page=1 fetchUrl=https://acm.timus.ru/status.aspx?space=1&author=408281&count=100&locale=en
408281 page=1 pageSubmissions=0
408281 page=1 submissionsAfterChallengeStart=0
408281 page=1 nextHref=
408281 page=1 next=
408282 page=1 fetchUrl=https://acm.timus.ru/status.aspx?space=1&author=408282&count=100&locale=en
408282 page=1 pageSubmissions=3
408282 page=1 submissionsAfterChallengeStart=3
408282 page=1 nextHref=
408282 page=1 next=
408283 page=1 fetchUrl=https://acm.timus.ru/status.aspx?space=1&author=408283&count=100&locale=en
408283 page=1 pageSubmissions=51
408283 page=1 submissionsAfterChallengeStart=51
408283 page=1 nextHref=
408283 page=1 next=
408292 page=1 fetchUrl=https://acm.timus.ru/status.aspx?space=1&author=408292&count=100&locale=en
408292 page=1 pageSubmissions=55
408292 page=1 submissionsAfterChallengeStart=55
408292 page=1 nextHref=
408292 page=1 next=
408293 page=1 fetchUrl=https://acm.timus.ru/status.aspx?space=1&author=408293&count=100&locale=en
408293 page=1 pageSubmissions=14
408293 page=1 submissionsAfterChallengeStart=14
408293 page=1 nextHref=
408293 page=1 next=
408296 page=1 fetchUrl=https://acm.timus.ru/status.aspx?space=1&author=408296&count=100&locale=en
408296 page=1 pageSubmissions=32
408296 page=1 submissionsAfterChallengeStart=32
408296 page=1 nextHref=
408296 page=1 next=
408294 page=1 fetchUrl=https://acm.timus.ru/status.aspx?space=1&author=408294&count=100&locale=en
408294 page=1 pageSubmissions=28
408294 page=1 submissionsAfterChallengeStart=28
408294 page=1 nextHref=
408294 page=1 next=
408298 page=1 fetchUrl=https://acm.timus.ru/status.aspx?space=1&author=408298&count=100&locale=en
408298 page=1 pageSubmissions=20
408298 page=1 submissionsAfterChallengeStart=20
408298 page=1 nextHref=
408298 page=1 next=
408303 page=1 fetchUrl=https://acm.timus.ru/status.aspx?space=1&author=408303&count=100&locale=en
408303 page=1 pageSubmissions=91
408303 page=1 submissionsAfterChallengeStart=91
408303 page=1 nextHref=
408303 page=1 next=
408307 page=1 fetchUrl=https://acm.timus.ru/status.aspx?space=1&author=408307&count=100&locale=en
408307 page=1 pageSubmissions=3
408307 page=1 submissionsAfterChallengeStart=3
408307 page=1 nextHref=
408307 page=1 next=
408311 page=1 fetchUrl=https://acm.timus.ru/status.aspx?space=1&author=408311&count=100&locale=en
408311 page=1 pageSubmissions=5
408311 page=1 submissionsAfterChallengeStart=5
408311 page=1 nextHref=
408311 page=1 next=
408323 page=1 fetchUrl=https://acm.timus.ru/status.aspx?space=1&author=408323&count=100&locale=en
408323 page=1 pageSubmissions=21
408323 page=1 submissionsAfterChallengeStart=21
408323 page=1 nextHref=
408323 page=1 next=
408301 page=1 fetchUrl=https://acm.timus.ru/status.aspx?space=1&author=408301&count=100&locale=en
408301 page=1 pageSubmissions=14
408301 page=1 submissionsAfterChallengeStart=14
408301 page=1 nextHref=
408301 page=1 next=
408326 page=1 fetchUrl=https://acm.timus.ru/status.aspx?space=1&author=408326&count=100&locale=en
408326 page=1 pageSubmissions=12
408326 page=1 submissionsAfterChallengeStart=12
408326 page=1 nextHref=
408326 page=1 next=
# 2026-08-23T15:31:05.197Z
69385 page=1 fetchUrl=https://acm.timus.ru/status.aspx?space=1&author=69385&count=100&locale=en
69385 page=1 pageSubmissions=100
69385 page=1 submissionsAfterChallengeStart=100
69385 page=1 nextHref=status.aspx?space=1&amp;author=69385&amp;from=11241301
69385 page=1 next=/status.aspx?space=1&author=69385&from=11241301
69385 page=2 fetchUrl=https://acm.timus.ru/status.aspx?space=1&author=69385&from=11241301
69385 page=2 pageSubmissions=10
69385 page=2 submissionsAfterChallengeStart=10
69385 page=2 nextHref=status.aspx?space=1&amp;author=69385&amp;from=11240680
69385 page=2 next=/status.aspx?space=1&author=69385&from=11240680
69385 page=3 fetchUrl=https://acm.timus.ru/status.aspx?space=1&author=69385&from=11240680
69385 page=3 pageSubmissions=10
69385 page=3 submissionsAfterChallengeStart=10
69385 page=3 nextHref=status.aspx?space=1&amp;author=69385&amp;from=11240576
69385 page=3 next=/status.aspx?space=1&author=69385&from=11240576
69385 page=4 fetchUrl=https://acm.timus.ru/status.aspx?space=1&author=69385&from=11240576
69385 page=4 pageSubmissions=10
69385 page=4 submissionsAfterChallengeStart=5
69385 page=4 nextHref=status.aspx?space=1&amp;author=69385&amp;from=9460282
69385 page=4 next=
408257 page=1 fetchUrl=https://acm.timus.ru/status.aspx?space=1&author=408257&count=100&locale=en
408257 page=1 pageSubmissions=79
408257 page=1 submissionsAfterChallengeStart=79
408257 page=1 nextHref=
408257 page=1 next=
408279 page=1 fetchUrl=https://acm.timus.ru/status.aspx?space=1&author=408279&count=100&locale=en
408279 page=1 pageSubmissions=1
408279 page=1 submissionsAfterChallengeStart=1
408279 page=1 nextHref=
408279 page=1 next=
408277 page=1 fetchUrl=https://acm.timus.ru/status.aspx?space=1&author=408277&count=100&locale=en
408277 page=1 pageSubmissions=6
408277 page=1 submissionsAfterChallengeStart=6
408277 page=1 nextHref=
408277 page=1 next=
408280 page=1 fetchUrl=https://acm.timus.ru/status.aspx?space=1&author=408280&count=100&locale=en
408280 page=1 pageSubmissions=26
408280 page=1 submissionsAfterChallengeStart=26
408280 page=1 nextHref=
408280 page=1 next=
408281 page=1 fetchUrl=https://acm.timus.ru/status.aspx?space=1&author=408281&count=100&locale=en
408281 page=1 pageSubmissions=0
408281 page=1 submissionsAfterChallengeStart=0
408281 page=1 nextHref=
408281 page=1 next=
408282 page=1 fetchUrl=https://acm.timus.ru/status.aspx?space=1&author=408282&count=100&locale=en
408282 page=1 pageSubmissions=3
408282 page=1 submissionsAfterChallengeStart=3
408282 page=1 nextHref=
408282 page=1 next=
408283 page=1 fetchUrl=https://acm.timus.ru/status.aspx?space=1&author=408283&count=100&locale=en
408283 page=1 pageSubmissions=51
408283 page=1 submissionsAfterChallengeStart=51
408283 page=1 nextHref=
408283 page=1 next=
408292 page=1 fetchUrl=https://acm.timus.ru/status.aspx?space=1&author=408292&count=100&locale=en
408292 page=1 pageSubmissions=55
408292 page=1 submissionsAfterChallengeStart=55
408292 page=1 nextHref=
408292 page=1 next=
408293 page=1 fetchUrl=https://acm.timus.ru/status.aspx?space=1&author=408293&count=100&locale=en
408293 page=1 pageSubmissions=14
408293 page=1 submissionsAfterChallengeStart=14
408293 page=1 nextHref=
408293 page=1 next=
408296 page=1 fetchUrl=https://acm.timus.ru/status.aspx?space=1&author=408296&count=100&locale=en
408296 page=1 pageSubmissions=32
408296 page=1 submissionsAfterChallengeStart=32
408296 page=1 nextHref=
408296 page=1 next=
408294 page=1 fetchUrl=https://acm.timus.ru/status.aspx?space=1&author=408294&count=100&locale=en
408294 page=1 pageSubmissions=28
408294 page=1 submissionsAfterChallengeStart=28
408294 page=1 nextHref=
408294 page=1 next=
408298 page=1 fetchUrl=https://acm.timus.ru/status.aspx?space=1&author=408298&count=100&locale=en
408298 page=1 pageSubmissions=20
408298 page=1 submissionsAfterChallengeStart=20
408298 page=1 nextHref=
408298 page=1 next=
408303 page=1 fetchUrl=https://acm.timus.ru/status.aspx?space=1&author=408303&count=100&locale=en
408303 page=1 pageSubmissions=91
408303 page=1 submissionsAfterChallengeStart=91
408303 page=1 nextHref=
408303 page=1 next=
408307 page=1 fetchUrl=https://acm.timus.ru/status.aspx?space=1&author=408307&count=100&locale=en
408307 page=1 pageSubmissions=3
408307 page=1 submissionsAfterChallengeStart=3
408307 page=1 nextHref=
408307 page=1 next=
408311 page=1 fetchUrl=https://acm.timus.ru/status.aspx?space=1&author=408311&count=100&locale=en
408311 page=1 pageSubmissions=5
408311 page=1 submissionsAfterChallengeStart=5
408311 page=1 nextHref=
408311 page=1 next=
408323 page=1 fetchUrl=https://acm.timus.ru/status.aspx?space=1&author=408323&count=100&locale=en
408323 page=1 pageSubmissions=21
408323 page=1 submissionsAfterChallengeStart=21
408323 page=1 nextHref=
408323 page=1 next=
408301 page=1 fetchUrl=https://acm.timus.ru/status.aspx?space=1&author=408301&count=100&locale=en
408301 page=1 pageSubmissions=14
408301 page=1 submissionsAfterChallengeStart=14
408301 page=1 nextHref=
408301 page=1 next=
408326 page=1 fetchUrl=https://acm.timus.ru/status.aspx?space=1&author=408326&count=100&locale=en
408326 page=1 pageSubmissions=12
408326 page=1 submissionsAfterChallengeStart=12
408326 page=1 nextHref=
408326 page=1 next=
# 2026-08-23T15:32:54.703Z
69385 page=1 fetchUrl=https://acm.timus.ru/status.aspx?space=1&author=69385&count=100&locale=en
69385 page=1 pageSubmissions=100
69385 page=1 submissionsAfterChallengeStart=100
69385 page=1 nextHref=status.aspx?space=1&amp;author=69385&amp;from=11241301
69385 page=1 next=/status.aspx?space=1&author=69385&from=11241301
69385 page=2 fetchUrl=https://acm.timus.ru/status.aspx?space=1&author=69385&from=11241301
69385 page=2 pageSubmissions=10
69385 page=2 submissionsAfterChallengeStart=10
69385 page=2 nextHref=status.aspx?space=1&amp;author=69385&amp;from=11240680
69385 page=2 next=/status.aspx?space=1&author=69385&from=11240680
69385 page=3 fetchUrl=https://acm.timus.ru/status.aspx?space=1&author=69385&from=11240680
69385 page=3 pageSubmissions=10
69385 page=3 submissionsAfterChallengeStart=10
69385 page=3 nextHref=status.aspx?space=1&amp;author=69385&amp;from=11240576
69385 page=3 next=/status.aspx?space=1&author=69385&from=11240576
69385 page=4 fetchUrl=https://acm.timus.ru/status.aspx?space=1&author=69385&from=11240576
69385 page=4 pageSubmissions=10
69385 page=4 submissionsAfterChallengeStart=5
69385 page=4 nextHref=status.aspx?space=1&amp;author=69385&amp;from=9460282
69385 page=4 next=
408257 page=1 fetchUrl=https://acm.timus.ru/status.aspx?space=1&author=408257&count=100&locale=en
408257 page=1 pageSubmissions=79
408257 page=1 submissionsAfterChallengeStart=79
408257 page=1 nextHref=
408257 page=1 next=
408279 page=1 fetchUrl=https://acm.timus.ru/status.aspx?space=1&author=408279&count=100&locale=en
408279 page=1 pageSubmissions=1
408279 page=1 submissionsAfterChallengeStart=1
408279 page=1 nextHref=
408279 page=1 next=
408277 page=1 fetchUrl=https://acm.timus.ru/status.aspx?space=1&author=408277&count=100&locale=en
408277 page=1 pageSubmissions=6
408277 page=1 submissionsAfterChallengeStart=6
408277 page=1 nextHref=
408277 page=1 next=
408280 page=1 fetchUrl=https://acm.timus.ru/status.aspx?space=1&author=408280&count=100&locale=en
408280 page=1 pageSubmissions=26
408280 page=1 submissionsAfterChallengeStart=26
408280 page=1 nextHref=
408280 page=1 next=
408281 page=1 fetchUrl=https://acm.timus.ru/status.aspx?space=1&author=408281&count=100&locale=en
408281 page=1 pageSubmissions=0
408281 page=1 submissionsAfterChallengeStart=0
408281 page=1 nextHref=
408281 page=1 next=
408282 page=1 fetchUrl=https://acm.timus.ru/status.aspx?space=1&author=408282&count=100&locale=en
408282 page=1 pageSubmissions=3
408282 page=1 submissionsAfterChallengeStart=3
408282 page=1 nextHref=
408282 page=1 next=
408283 page=1 fetchUrl=https://acm.timus.ru/status.aspx?space=1&author=408283&count=100&locale=en
408283 page=1 pageSubmissions=51
408283 page=1 submissionsAfterChallengeStart=51
408283 page=1 nextHref=
408283 page=1 next=
408292 page=1 fetchUrl=https://acm.timus.ru/status.aspx?space=1&author=408292&count=100&locale=en
408292 page=1 pageSubmissions=55
408292 page=1 submissionsAfterChallengeStart=55
408292 page=1 nextHref=
408292 page=1 next=
408293 page=1 fetchUrl=https://acm.timus.ru/status.aspx?space=1&author=408293&count=100&locale=en
408293 page=1 pageSubmissions=14
408293 page=1 submissionsAfterChallengeStart=14
408293 page=1 nextHref=
408293 page=1 next=
408296 page=1 fetchUrl=https://acm.timus.ru/status.aspx?space=1&author=408296&count=100&locale=en
408296 page=1 pageSubmissions=32
408296 page=1 submissionsAfterChallengeStart=32
408296 page=1 nextHref=
408296 page=1 next=
408294 page=1 fetchUrl=https://acm.timus.ru/status.aspx?space=1&author=408294&count=100&locale=en
408294 page=1 pageSubmissions=28
408294 page=1 submissionsAfterChallengeStart=28
408294 page=1 nextHref=
408294 page=1 next=
408298 page=1 fetchUrl=https://acm.timus.ru/status.aspx?space=1&author=408298&count=100&locale=en
408298 page=1 pageSubmissions=20
408298 page=1 submissionsAfterChallengeStart=20
408298 page=1 nextHref=
408298 page=1 next=
408303 page=1 fetchUrl=https://acm.timus.ru/status.aspx?space=1&author=408303&count=100&locale=en
408303 page=1 pageSubmissions=91
408303 page=1 submissionsAfterChallengeStart=91
408303 page=1 nextHref=
408303 page=1 next=
408307 page=1 fetchUrl=https://acm.timus.ru/status.aspx?space=1&author=408307&count=100&locale=en
408307 page=1 pageSubmissions=3
408307 page=1 submissionsAfterChallengeStart=3
408307 page=1 nextHref=
408307 page=1 next=
408311 page=1 fetchUrl=https://acm.timus.ru/status.aspx?space=1&author=408311&count=100&locale=en
408311 page=1 pageSubmissions=5
408311 page=1 submissionsAfterChallengeStart=5
408311 page=1 nextHref=
408311 page=1 next=
408323 page=1 fetchUrl=https://acm.timus.ru/status.aspx?space=1&author=408323&count=100&locale=en
408323 page=1 pageSubmissions=21
408323 page=1 submissionsAfterChallengeStart=21
408323 page=1 nextHref=
408323 page=1 next=
408301 page=1 fetchUrl=https://acm.timus.ru/status.aspx?space=1&author=408301&count=100&locale=en
408301 page=1 pageSubmissions=14
408301 page=1 submissionsAfterChallengeStart=14
408301 page=1 nextHref=
408301 page=1 next=
408326 page=1 fetchUrl=https://acm.timus.ru/status.aspx?space=1&author=408326&count=100&locale=en
408326 page=1 pageSubmissions=12
408326 page=1 submissionsAfterChallengeStart=12
408326 page=1 nextHref=
408326 page=1 next=
# 2026-08-23T15:37:55.559Z
69385 page=1 fetchUrl=https://acm.timus.ru/status.aspx?space=1&author=69385&count=100&locale=en
69385 page=1 pageSubmissions=100
69385 page=1 submissionsAfterChallengeStart=100
69385 page=1 nextHref=status.aspx?space=1&amp;author=69385&amp;from=11241301
69385 page=1 next=/status.aspx?space=1&author=69385&from=11241301
69385 page=2 fetchUrl=https://acm.timus.ru/status.aspx?space=1&author=69385&from=11241301
69385 page=2 pageSubmissions=10
69385 page=2 submissionsAfterChallengeStart=10
69385 page=2 nextHref=status.aspx?space=1&amp;author=69385&amp;from=11240680
69385 page=2 next=/status.aspx?space=1&author=69385&from=11240680
69385 page=3 fetchUrl=https://acm.timus.ru/status.aspx?space=1&author=69385&from=11240680
69385 page=3 pageSubmissions=10
69385 page=3 submissionsAfterChallengeStart=10
69385 page=3 nextHref=status.aspx?space=1&amp;author=69385&amp;from=11240576
69385 page=3 next=/status.aspx?space=1&author=69385&from=11240576
69385 page=4 fetchUrl=https://acm.timus.ru/status.aspx?space=1&author=69385&from=11240576
69385 page=4 pageSubmissions=10
69385 page=4 submissionsAfterChallengeStart=5
69385 page=4 nextHref=status.aspx?space=1&amp;author=69385&amp;from=9460282
69385 page=4 next=
408257 page=1 fetchUrl=https://acm.timus.ru/status.aspx?space=1&author=408257&count=100&locale=en
408257 page=1 pageSubmissions=79
408257 page=1 submissionsAfterChallengeStart=79
408257 page=1 nextHref=
408257 page=1 next=
408279 page=1 fetchUrl=https://acm.timus.ru/status.aspx?space=1&author=408279&count=100&locale=en
408279 page=1 pageSubmissions=1
408279 page=1 submissionsAfterChallengeStart=1
408279 page=1 nextHref=
408279 page=1 next=
408277 page=1 fetchUrl=https://acm.timus.ru/status.aspx?space=1&author=408277&count=100&locale=en
408277 page=1 pageSubmissions=6
408277 page=1 submissionsAfterChallengeStart=6
408277 page=1 nextHref=
408277 page=1 next=
408280 page=1 fetchUrl=https://acm.timus.ru/status.aspx?space=1&author=408280&count=100&locale=en
408280 page=1 pageSubmissions=26
408280 page=1 submissionsAfterChallengeStart=26
408280 page=1 nextHref=
408280 page=1 next=
408281 page=1 fetchUrl=https://acm.timus.ru/status.aspx?space=1&author=408281&count=100&locale=en
408281 page=1 pageSubmissions=0
408281 page=1 submissionsAfterChallengeStart=0
408281 page=1 nextHref=
408281 page=1 next=
408282 page=1 fetchUrl=https://acm.timus.ru/status.aspx?space=1&author=408282&count=100&locale=en
408282 page=1 pageSubmissions=3
408282 page=1 submissionsAfterChallengeStart=3
408282 page=1 nextHref=
408282 page=1 next=
408283 page=1 fetchUrl=https://acm.timus.ru/status.aspx?space=1&author=408283&count=100&locale=en
408283 page=1 pageSubmissions=51
408283 page=1 submissionsAfterChallengeStart=51
408283 page=1 nextHref=
408283 page=1 next=
408292 page=1 fetchUrl=https://acm.timus.ru/status.aspx?space=1&author=408292&count=100&locale=en
408292 page=1 pageSubmissions=55
408292 page=1 submissionsAfterChallengeStart=55
408292 page=1 nextHref=
408292 page=1 next=
408293 page=1 fetchUrl=https://acm.timus.ru/status.aspx?space=1&author=408293&count=100&locale=en
408293 page=1 pageSubmissions=14
408293 page=1 submissionsAfterChallengeStart=14
408293 page=1 nextHref=
408293 page=1 next=
408296 page=1 fetchUrl=https://acm.timus.ru/status.aspx?space=1&author=408296&count=100&locale=en
408296 page=1 pageSubmissions=32
408296 page=1 submissionsAfterChallengeStart=32
408296 page=1 nextHref=
408296 page=1 next=
408294 page=1 fetchUrl=https://acm.timus.ru/status.aspx?space=1&author=408294&count=100&locale=en
408294 page=1 pageSubmissions=28
408294 page=1 submissionsAfterChallengeStart=28
408294 page=1 nextHref=
408294 page=1 next=
408298 page=1 fetchUrl=https://acm.timus.ru/status.aspx?space=1&author=408298&count=100&locale=en
408298 page=1 pageSubmissions=20
408298 page=1 submissionsAfterChallengeStart=20
408298 page=1 nextHref=
408298 page=1 next=
408303 page=1 fetchUrl=https://acm.timus.ru/status.aspx?space=1&author=408303&count=100&locale=en
408303 page=1 pageSubmissions=91
408303 page=1 submissionsAfterChallengeStart=91
408303 page=1 nextHref=
408303 page=1 next=
408307 page=1 fetchUrl=https://acm.timus.ru/status.aspx?space=1&author=408307&count=100&locale=en
408307 page=1 pageSubmissions=3
408307 page=1 submissionsAfterChallengeStart=3
408307 page=1 nextHref=
408307 page=1 next=
408311 page=1 fetchUrl=https://acm.timus.ru/status.aspx?space=1&author=408311&count=100&locale=en
408311 page=1 pageSubmissions=5
408311 page=1 submissionsAfterChallengeStart=5
408311 page=1 nextHref=
408311 page=1 next=
408323 page=1 fetchUrl=https://acm.timus.ru/status.aspx?space=1&author=408323&count=100&locale=en
408323 page=1 pageSubmissions=21
408323 page=1 submissionsAfterChallengeStart=21
408323 page=1 nextHref=
408323 page=1 next=
408301 page=1 fetchUrl=https://acm.timus.ru/status.aspx?space=1&author=408301&count=100&locale=en
408301 page=1 pageSubmissions=14
408301 page=1 submissionsAfterChallengeStart=14
408301 page=1 nextHref=
408301 page=1 next=
408326 page=1 fetchUrl=https://acm.timus.ru/status.aspx?space=1&author=408326&count=100&locale=en
408326 page=1 pageSubmissions=12
408326 page=1 submissionsAfterChallengeStart=12
408326 page=1 nextHref=
408326 page=1 next=
# 2026-08-23T15:42:58.488Z
69385 page=1 fetchUrl=https://acm.timus.ru/status.aspx?space=1&author=69385&count=100&locale=en
69385 page=1 pageSubmissions=100
69385 page=1 submissionsAfterChallengeStart=100
69385 page=1 nextHref=status.aspx?space=1&amp;author=69385&amp;from=11241301
69385 page=1 next=/status.aspx?space=1&author=69385&from=11241301
69385 page=2 fetchUrl=https://acm.timus.ru/status.aspx?space=1&author=69385&from=11241301
69385 page=2 pageSubmissions=10
69385 page=2 submissionsAfterChallengeStart=10
69385 page=2 nextHref=status.aspx?space=1&amp;author=69385&amp;from=11240680
69385 page=2 next=/status.aspx?space=1&author=69385&from=11240680
69385 page=3 fetchUrl=https://acm.timus.ru/status.aspx?space=1&author=69385&from=11240680
69385 page=3 pageSubmissions=10
69385 page=3 submissionsAfterChallengeStart=10
69385 page=3 nextHref=status.aspx?space=1&amp;author=69385&amp;from=11240576
69385 page=3 next=/status.aspx?space=1&author=69385&from=11240576
69385 page=4 fetchUrl=https://acm.timus.ru/status.aspx?space=1&author=69385&from=11240576
69385 page=4 pageSubmissions=10
69385 page=4 submissionsAfterChallengeStart=5
69385 page=4 nextHref=status.aspx?space=1&amp;author=69385&amp;from=9460282
69385 page=4 next=
408257 page=1 fetchUrl=https://acm.timus.ru/status.aspx?space=1&author=408257&count=100&locale=en
408257 page=1 pageSubmissions=79
408257 page=1 submissionsAfterChallengeStart=79
408257 page=1 nextHref=
408257 page=1 next=
408279 page=1 fetchUrl=https://acm.timus.ru/status.aspx?space=1&author=408279&count=100&locale=en
408279 page=1 pageSubmissions=1
408279 page=1 submissionsAfterChallengeStart=1
408279 page=1 nextHref=
408279 page=1 next=
408277 page=1 fetchUrl=https://acm.timus.ru/status.aspx?space=1&author=408277&count=100&locale=en
408277 page=1 pageSubmissions=6
408277 page=1 submissionsAfterChallengeStart=6
408277 page=1 nextHref=
408277 page=1 next=
408280 page=1 fetchUrl=https://acm.timus.ru/status.aspx?space=1&author=408280&count=100&locale=en
408280 page=1 pageSubmissions=26
408280 page=1 submissionsAfterChallengeStart=26
408280 page=1 nextHref=
408280 page=1 next=
408281 page=1 fetchUrl=https://acm.timus.ru/status.aspx?space=1&author=408281&count=100&locale=en
408281 page=1 pageSubmissions=0
408281 page=1 submissionsAfterChallengeStart=0
408281 page=1 nextHref=
408281 page=1 next=
408282 page=1 fetchUrl=https://acm.timus.ru/status.aspx?space=1&author=408282&count=100&locale=en
408282 page=1 pageSubmissions=3
408282 page=1 submissionsAfterChallengeStart=3
408282 page=1 nextHref=
408282 page=1 next=
408283 page=1 fetchUrl=https://acm.timus.ru/status.aspx?space=1&author=408283&count=100&locale=en
408283 page=1 pageSubmissions=51
408283 page=1 submissionsAfterChallengeStart=51
408283 page=1 nextHref=
408283 page=1 next=
408292 page=1 fetchUrl=https://acm.timus.ru/status.aspx?space=1&author=408292&count=100&locale=en
408292 page=1 pageSubmissions=55
408292 page=1 submissionsAfterChallengeStart=55
408292 page=1 nextHref=
408292 page=1 next=
408293 page=1 fetchUrl=https://acm.timus.ru/status.aspx?space=1&author=408293&count=100&locale=en
408293 page=1 pageSubmissions=14
408293 page=1 submissionsAfterChallengeStart=14
408293 page=1 nextHref=
408293 page=1 next=
408296 page=1 fetchUrl=https://acm.timus.ru/status.aspx?space=1&author=408296&count=100&locale=en
408296 page=1 pageSubmissions=32
408296 page=1 submissionsAfterChallengeStart=32
408296 page=1 nextHref=
408296 page=1 next=
408294 page=1 fetchUrl=https://acm.timus.ru/status.aspx?space=1&author=408294&count=100&locale=en
408294 page=1 pageSubmissions=28
408294 page=1 submissionsAfterChallengeStart=28
408294 page=1 nextHref=
408294 page=1 next=
408298 page=1 fetchUrl=https://acm.timus.ru/status.aspx?space=1&author=408298&count=100&locale=en
408298 page=1 pageSubmissions=20
408298 page=1 submissionsAfterChallengeStart=20
408298 page=1 nextHref=
408298 page=1 next=
408303 page=1 fetchUrl=https://acm.timus.ru/status.aspx?space=1&author=408303&count=100&locale=en
408303 page=1 pageSubmissions=91
408303 page=1 submissionsAfterChallengeStart=91
408303 page=1 nextHref=
408303 page=1 next=
408307 page=1 fetchUrl=https://acm.timus.ru/status.aspx?space=1&author=408307&count=100&locale=en
408307 page=1 pageSubmissions=3
408307 page=1 submissionsAfterChallengeStart=3
408307 page=1 nextHref=
408307 page=1 next=
408311 page=1 fetchUrl=https://acm.timus.ru/status.aspx?space=1&author=408311&count=100&locale=en
408311 page=1 pageSubmissions=5
408311 page=1 submissionsAfterChallengeStart=5
408311 page=1 nextHref=
408311 page=1 next=
408323 page=1 fetchUrl=https://acm.timus.ru/status.aspx?space=1&author=408323&count=100&locale=en
408323 page=1 pageSubmissions=21
408323 page=1 submissionsAfterChallengeStart=21
408323 page=1 nextHref=
408323 page=1 next=
408301 page=1 fetchUrl=https://acm.timus.ru/status.aspx?space=1&author=408301&count=100&locale=en
408301 page=1 pageSubmissions=14
408301 page=1 submissionsAfterChallengeStart=14
408301 page=1 nextHref=
408301 page=1 next=
408326 page=1 fetchUrl=https://acm.timus.ru/status.aspx?space=1&author=408326&count=100&locale=en
408326 page=1 pageSubmissions=12
408326 page=1 submissionsAfterChallengeStart=12
408326 page=1 nextHref=
408326 page=1 next=
# 2026-08-23T15:47:58.461Z
69385 page=1 fetchUrl=https://acm.timus.ru/status.aspx?space=1&author=69385&count=100&locale=en
69385 page=1 pageSubmissions=100
69385 page=1 submissionsAfterChallengeStart=100
69385 page=1 nextHref=status.aspx?space=1&amp;author=69385&amp;from=11241301
69385 page=1 next=/status.aspx?space=1&author=69385&from=11241301
69385 page=2 fetchUrl=https://acm.timus.ru/status.aspx?space=1&author=69385&from=11241301
69385 page=2 pageSubmissions=10
69385 page=2 submissionsAfterChallengeStart=10
69385 page=2 nextHref=status.aspx?space=1&amp;author=69385&amp;from=11240680
69385 page=2 next=/status.aspx?space=1&author=69385&from=11240680
69385 page=3 fetchUrl=https://acm.timus.ru/status.aspx?space=1&author=69385&from=11240680
69385 page=3 pageSubmissions=10
69385 page=3 submissionsAfterChallengeStart=10
69385 page=3 nextHref=status.aspx?space=1&amp;author=69385&amp;from=11240576
69385 page=3 next=/status.aspx?space=1&author=69385&from=11240576
69385 page=4 fetchUrl=https://acm.timus.ru/status.aspx?space=1&author=69385&from=11240576
69385 page=4 pageSubmissions=10
69385 page=4 submissionsAfterChallengeStart=5
69385 page=4 nextHref=status.aspx?space=1&amp;author=69385&amp;from=9460282
69385 page=4 next=
408257 page=1 fetchUrl=https://acm.timus.ru/status.aspx?space=1&author=408257&count=100&locale=en
408257 page=1 pageSubmissions=79
408257 page=1 submissionsAfterChallengeStart=79
408257 page=1 nextHref=
408257 page=1 next=
408279 page=1 fetchUrl=https://acm.timus.ru/status.aspx?space=1&author=408279&count=100&locale=en
408279 page=1 pageSubmissions=1
408279 page=1 submissionsAfterChallengeStart=1
408279 page=1 nextHref=
408279 page=1 next=
408277 page=1 fetchUrl=https://acm.timus.ru/status.aspx?space=1&author=408277&count=100&locale=en
408277 page=1 pageSubmissions=6
408277 page=1 submissionsAfterChallengeStart=6
408277 page=1 nextHref=
408277 page=1 next=
408280 page=1 fetchUrl=https://acm.timus.ru/status.aspx?space=1&author=408280&count=100&locale=en
408280 page=1 pageSubmissions=26
408280 page=1 submissionsAfterChallengeStart=26
408280 page=1 nextHref=
408280 page=1 next=
408281 page=1 fetchUrl=https://acm.timus.ru/status.aspx?space=1&author=408281&count=100&locale=en
408281 page=1 pageSubmissions=0
408281 page=1 submissionsAfterChallengeStart=0
408281 page=1 nextHref=
408281 page=1 next=
408282 page=1 fetchUrl=https://acm.timus.ru/status.aspx?space=1&author=408282&count=100&locale=en
408282 page=1 pageSubmissions=3
408282 page=1 submissionsAfterChallengeStart=3
408282 page=1 nextHref=
408282 page=1 next=
408283 page=1 fetchUrl=https://acm.timus.ru/status.aspx?space=1&author=408283&count=100&locale=en
408283 page=1 pageSubmissions=51
408283 page=1 submissionsAfterChallengeStart=51
408283 page=1 nextHref=
408283 page=1 next=
408292 page=1 fetchUrl=https://acm.timus.ru/status.aspx?space=1&author=408292&count=100&locale=en
408292 page=1 pageSubmissions=55
408292 page=1 submissionsAfterChallengeStart=55
408292 page=1 nextHref=
408292 page=1 next=
408293 page=1 fetchUrl=https://acm.timus.ru/status.aspx?space=1&author=408293&count=100&locale=en
408293 page=1 pageSubmissions=14
408293 page=1 submissionsAfterChallengeStart=14
408293 page=1 nextHref=
408293 page=1 next=
408296 page=1 fetchUrl=https://acm.timus.ru/status.aspx?space=1&author=408296&count=100&locale=en
408296 page=1 pageSubmissions=32
408296 page=1 submissionsAfterChallengeStart=32
408296 page=1 nextHref=
408296 page=1 next=
408294 page=1 fetchUrl=https://acm.timus.ru/status.aspx?space=1&author=408294&count=100&locale=en
408294 page=1 pageSubmissions=28
408294 page=1 submissionsAfterChallengeStart=28
408294 page=1 nextHref=
408294 page=1 next=
408298 page=1 fetchUrl=https://acm.timus.ru/status.aspx?space=1&author=408298&count=100&locale=en
408298 page=1 pageSubmissions=20
408298 page=1 submissionsAfterChallengeStart=20
408298 page=1 nextHref=
408298 page=1 next=
408303 page=1 fetchUrl=https://acm.timus.ru/status.aspx?space=1&author=408303&count=100&locale=en
408303 page=1 pageSubmissions=91
408303 page=1 submissionsAfterChallengeStart=91
408303 page=1 nextHref=
408303 page=1 next=
408307 page=1 fetchUrl=https://acm.timus.ru/status.aspx?space=1&author=408307&count=100&locale=en
408307 page=1 pageSubmissions=3
408307 page=1 submissionsAfterChallengeStart=3
408307 page=1 nextHref=
408307 page=1 next=
408311 page=1 fetchUrl=https://acm.timus.ru/status.aspx?space=1&author=408311&count=100&locale=en
408311 page=1 pageSubmissions=5
408311 page=1 submissionsAfterChallengeStart=5
408311 page=1 nextHref=
408311 page=1 next=
408323 page=1 fetchUrl=https://acm.timus.ru/status.aspx?space=1&author=408323&count=100&locale=en
408323 page=1 pageSubmissions=21
408323 page=1 submissionsAfterChallengeStart=21
408323 page=1 nextHref=
408323 page=1 next=
408301 page=1 fetchUrl=https://acm.timus.ru/status.aspx?space=1&author=408301&count=100&locale=en
408301 page=1 pageSubmissions=14
408301 page=1 submissionsAfterChallengeStart=14
408301 page=1 nextHref=
408301 page=1 next=
408326 page=1 fetchUrl=https://acm.timus.ru/status.aspx?space=1&author=408326&count=100&locale=en
408326 page=1 pageSubmissions=12
408326 page=1 submissionsAfterChallengeStart=12
408326 page=1 nextHref=
408326 page=1 next=
# 2026-08-23T15:50:46.404Z
69385 page=1 fetchUrl=https://acm.timus.ru/status.aspx?space=1&author=69385&count=100&locale=en
69385 page=1 pageSubmissions=100
69385 page=1 submissionsAfterChallengeStart=100
69385 page=1 nextHref=status.aspx?space=1&amp;author=69385&amp;from=11241301
69385 page=1 next=/status.aspx?space=1&author=69385&from=11241301
69385 page=2 fetchUrl=https://acm.timus.ru/status.aspx?space=1&author=69385&from=11241301
69385 page=2 pageSubmissions=10
69385 page=2 submissionsAfterChallengeStart=10
69385 page=2 nextHref=status.aspx?space=1&amp;author=69385&amp;from=11240680
69385 page=2 next=/status.aspx?space=1&author=69385&from=11240680
69385 page=3 fetchUrl=https://acm.timus.ru/status.aspx?space=1&author=69385&from=11240680
69385 page=3 pageSubmissions=10
69385 page=3 submissionsAfterChallengeStart=10
69385 page=3 nextHref=status.aspx?space=1&amp;author=69385&amp;from=11240576
69385 page=3 next=/status.aspx?space=1&author=69385&from=11240576
69385 page=4 fetchUrl=https://acm.timus.ru/status.aspx?space=1&author=69385&from=11240576
69385 page=4 pageSubmissions=10
69385 page=4 submissionsAfterChallengeStart=5
69385 page=4 nextHref=status.aspx?space=1&amp;author=69385&amp;from=9460282
69385 page=4 next=
408257 page=1 fetchUrl=https://acm.timus.ru/status.aspx?space=1&author=408257&count=100&locale=en
408257 page=1 pageSubmissions=79
408257 page=1 submissionsAfterChallengeStart=79
408257 page=1 nextHref=
408257 page=1 next=
408279 page=1 fetchUrl=https://acm.timus.ru/status.aspx?space=1&author=408279&count=100&locale=en
408279 page=1 pageSubmissions=1
408279 page=1 submissionsAfterChallengeStart=1
408279 page=1 nextHref=
408279 page=1 next=
408277 page=1 fetchUrl=https://acm.timus.ru/status.aspx?space=1&author=408277&count=100&locale=en
408277 page=1 pageSubmissions=6
408277 page=1 submissionsAfterChallengeStart=6
408277 page=1 nextHref=
408277 page=1 next=
408280 page=1 fetchUrl=https://acm.timus.ru/status.aspx?space=1&author=408280&count=100&locale=en
408280 page=1 pageSubmissions=26
408280 page=1 submissionsAfterChallengeStart=26
408280 page=1 nextHref=
408280 page=1 next=
408281 page=1 fetchUrl=https://acm.timus.ru/status.aspx?space=1&author=408281&count=100&locale=en
408281 page=1 pageSubmissions=0
408281 page=1 submissionsAfterChallengeStart=0
408281 page=1 nextHref=
408281 page=1 next=
408282 page=1 fetchUrl=https://acm.timus.ru/status.aspx?space=1&author=408282&count=100&locale=en
408282 page=1 pageSubmissions=3
408282 page=1 submissionsAfterChallengeStart=3
408282 page=1 nextHref=
408282 page=1 next=
408283 page=1 fetchUrl=https://acm.timus.ru/status.aspx?space=1&author=408283&count=100&locale=en
408283 page=1 pageSubmissions=51
408283 page=1 submissionsAfterChallengeStart=51
408283 page=1 nextHref=
408283 page=1 next=
408292 page=1 fetchUrl=https://acm.timus.ru/status.aspx?space=1&author=408292&count=100&locale=en
408292 page=1 pageSubmissions=55
408292 page=1 submissionsAfterChallengeStart=55
408292 page=1 nextHref=
408292 page=1 next=
408293 page=1 fetchUrl=https://acm.timus.ru/status.aspx?space=1&author=408293&count=100&locale=en
408293 page=1 pageSubmissions=14
408293 page=1 submissionsAfterChallengeStart=14
408293 page=1 nextHref=
408293 page=1 next=
408296 page=1 fetchUrl=https://acm.timus.ru/status.aspx?space=1&author=408296&count=100&locale=en
408296 page=1 pageSubmissions=32
408296 page=1 submissionsAfterChallengeStart=32
408296 page=1 nextHref=
408296 page=1 next=
408294 page=1 fetchUrl=https://acm.timus.ru/status.aspx?space=1&author=408294&count=100&locale=en
408294 page=1 pageSubmissions=28
408294 page=1 submissionsAfterChallengeStart=28
408294 page=1 nextHref=
408294 page=1 next=
408298 page=1 fetchUrl=https://acm.timus.ru/status.aspx?space=1&author=408298&count=100&locale=en
408298 page=1 pageSubmissions=20
408298 page=1 submissionsAfterChallengeStart=20
408298 page=1 nextHref=
408298 page=1 next=
408303 page=1 fetchUrl=https://acm.timus.ru/status.aspx?space=1&author=408303&count=100&locale=en
408303 page=1 pageSubmissions=91
408303 page=1 submissionsAfterChallengeStart=91
408303 page=1 nextHref=
408303 page=1 next=
408307 page=1 fetchUrl=https://acm.timus.ru/status.aspx?space=1&author=408307&count=100&locale=en
408307 page=1 pageSubmissions=3
408307 page=1 submissionsAfterChallengeStart=3
408307 page=1 nextHref=
408307 page=1 next=
408311 page=1 fetchUrl=https://acm.timus.ru/status.aspx?space=1&author=408311&count=100&locale=en
408311 page=1 pageSubmissions=5
408311 page=1 submissionsAfterChallengeStart=5
408311 page=1 nextHref=
408311 page=1 next=
408323 page=1 fetchUrl=https://acm.timus.ru/status.aspx?space=1&author=408323&count=100&locale=en
408323 page=1 pageSubmissions=21
408323 page=1 submissionsAfterChallengeStart=21
408323 page=1 nextHref=
408323 page=1 next=
408301 page=1 fetchUrl=https://acm.timus.ru/status.aspx?space=1&author=408301&count=100&locale=en
408301 page=1 pageSubmissions=14
408301 page=1 submissionsAfterChallengeStart=14
408301 page=1 nextHref=
408301 page=1 next=
408326 page=1 fetchUrl=https://acm.timus.ru/status.aspx?space=1&author=408326&count=100&locale=en
408326 page=1 pageSubmissions=12
408326 page=1 submissionsAfterChallengeStart=12
408326 page=1 nextHref=
408326 page=1 next=
# 2026-08-23T15:52:58.452Z
69385 page=1 fetchUrl=https://acm.timus.ru/status.aspx?space=1&author=69385&count=100&locale=en
69385 page=1 pageSubmissions=100
69385 page=1 submissionsAfterChallengeStart=100
69385 page=1 nextHref=status.aspx?space=1&amp;author=69385&amp;from=11241301
69385 page=1 next=/status.aspx?space=1&author=69385&from=11241301
69385 page=2 fetchUrl=https://acm.timus.ru/status.aspx?space=1&author=69385&from=11241301
69385 page=2 pageSubmissions=10
69385 page=2 submissionsAfterChallengeStart=10
69385 page=2 nextHref=status.aspx?space=1&amp;author=69385&amp;from=11240680
69385 page=2 next=/status.aspx?space=1&author=69385&from=11240680
69385 page=3 fetchUrl=https://acm.timus.ru/status.aspx?space=1&author=69385&from=11240680
69385 page=3 pageSubmissions=10
69385 page=3 submissionsAfterChallengeStart=10
69385 page=3 nextHref=status.aspx?space=1&amp;author=69385&amp;from=11240576
69385 page=3 next=/status.aspx?space=1&author=69385&from=11240576
69385 page=4 fetchUrl=https://acm.timus.ru/status.aspx?space=1&author=69385&from=11240576
69385 page=4 pageSubmissions=10
69385 page=4 submissionsAfterChallengeStart=5
69385 page=4 nextHref=status.aspx?space=1&amp;author=69385&amp;from=9460282
69385 page=4 next=
408257 page=1 fetchUrl=https://acm.timus.ru/status.aspx?space=1&author=408257&count=100&locale=en
408257 page=1 pageSubmissions=79
408257 page=1 submissionsAfterChallengeStart=79
408257 page=1 nextHref=
408257 page=1 next=
408279 page=1 fetchUrl=https://acm.timus.ru/status.aspx?space=1&author=408279&count=100&locale=en
408279 page=1 pageSubmissions=1
408279 page=1 submissionsAfterChallengeStart=1
408279 page=1 nextHref=
408279 page=1 next=
408277 page=1 fetchUrl=https://acm.timus.ru/status.aspx?space=1&author=408277&count=100&locale=en
408277 page=1 pageSubmissions=6
408277 page=1 submissionsAfterChallengeStart=6
408277 page=1 nextHref=
408277 page=1 next=
408280 page=1 fetchUrl=https://acm.timus.ru/status.aspx?space=1&author=408280&count=100&locale=en
408280 page=1 pageSubmissions=26
408280 page=1 submissionsAfterChallengeStart=26
408280 page=1 nextHref=
408280 page=1 next=
408281 page=1 fetchUrl=https://acm.timus.ru/status.aspx?space=1&author=408281&count=100&locale=en
408281 page=1 pageSubmissions=0
408281 page=1 submissionsAfterChallengeStart=0
408281 page=1 nextHref=
408281 page=1 next=
408282 page=1 fetchUrl=https://acm.timus.ru/status.aspx?space=1&author=408282&count=100&locale=en
408282 page=1 pageSubmissions=3
408282 page=1 submissionsAfterChallengeStart=3
408282 page=1 nextHref=
408282 page=1 next=
408283 page=1 fetchUrl=https://acm.timus.ru/status.aspx?space=1&author=408283&count=100&locale=en
408283 page=1 pageSubmissions=51
408283 page=1 submissionsAfterChallengeStart=51
408283 page=1 nextHref=
408283 page=1 next=
408292 page=1 fetchUrl=https://acm.timus.ru/status.aspx?space=1&author=408292&count=100&locale=en
408292 page=1 pageSubmissions=55
408292 page=1 submissionsAfterChallengeStart=55
408292 page=1 nextHref=
408292 page=1 next=
408293 page=1 fetchUrl=https://acm.timus.ru/status.aspx?space=1&author=408293&count=100&locale=en
408293 page=1 pageSubmissions=14
408293 page=1 submissionsAfterChallengeStart=14
408293 page=1 nextHref=
408293 page=1 next=
408296 page=1 fetchUrl=https://acm.timus.ru/status.aspx?space=1&author=408296&count=100&locale=en
408296 page=1 pageSubmissions=32
408296 page=1 submissionsAfterChallengeStart=32
408296 page=1 nextHref=
408296 page=1 next=
408294 page=1 fetchUrl=https://acm.timus.ru/status.aspx?space=1&author=408294&count=100&locale=en
408294 page=1 pageSubmissions=28
408294 page=1 submissionsAfterChallengeStart=28
408294 page=1 nextHref=
408294 page=1 next=
408298 page=1 fetchUrl=https://acm.timus.ru/status.aspx?space=1&author=408298&count=100&locale=en
408298 page=1 pageSubmissions=20
408298 page=1 submissionsAfterChallengeStart=20
408298 page=1 nextHref=
408298 page=1 next=
408303 page=1 fetchUrl=https://acm.timus.ru/status.aspx?space=1&author=408303&count=100&locale=en
408303 page=1 pageSubmissions=91
408303 page=1 submissionsAfterChallengeStart=91
408303 page=1 nextHref=
408303 page=1 next=
408307 page=1 fetchUrl=https://acm.timus.ru/status.aspx?space=1&author=408307&count=100&locale=en
408307 page=1 pageSubmissions=3
408307 page=1 submissionsAfterChallengeStart=3
408307 page=1 nextHref=
408307 page=1 next=
408311 page=1 fetchUrl=https://acm.timus.ru/status.aspx?space=1&author=408311&count=100&locale=en
408311 page=1 pageSubmissions=5
408311 page=1 submissionsAfterChallengeStart=5
408311 page=1 nextHref=
408311 page=1 next=
408323 page=1 fetchUrl=https://acm.timus.ru/status.aspx?space=1&author=408323&count=100&locale=en
408323 page=1 pageSubmissions=21
408323 page=1 submissionsAfterChallengeStart=21
408323 page=1 nextHref=
408323 page=1 next=
408301 page=1 fetchUrl=https://acm.timus.ru/status.aspx?space=1&author=408301&count=100&locale=en
408301 page=1 pageSubmissions=14
408301 page=1 submissionsAfterChallengeStart=14
408301 page=1 nextHref=
408301 page=1 next=
408326 page=1 fetchUrl=https://acm.timus.ru/status.aspx?space=1&author=408326&count=100&locale=en
408326 page=1 pageSubmissions=12
408326 page=1 submissionsAfterChallengeStart=12
408326 page=1 nextHref=
408326 page=1 next=
# 2026-08-23T15:58:00.093Z
69385 page=1 fetchUrl=https://acm.timus.ru/status.aspx?space=1&author=69385&count=100&locale=en
69385 page=1 pageSubmissions=100
69385 page=1 submissionsAfterChallengeStart=100
69385 page=1 nextHref=status.aspx?space=1&amp;author=69385&amp;from=11241301
69385 page=1 next=/status.aspx?space=1&author=69385&from=11241301
69385 page=2 fetchUrl=https://acm.timus.ru/status.aspx?space=1&author=69385&from=11241301
69385 page=2 pageSubmissions=10
69385 page=2 submissionsAfterChallengeStart=10
69385 page=2 nextHref=status.aspx?space=1&amp;author=69385&amp;from=11240680
69385 page=2 next=/status.aspx?space=1&author=69385&from=11240680
69385 page=3 fetchUrl=https://acm.timus.ru/status.aspx?space=1&author=69385&from=11240680
69385 page=3 pageSubmissions=10
69385 page=3 submissionsAfterChallengeStart=10
69385 page=3 nextHref=status.aspx?space=1&amp;author=69385&amp;from=11240576
69385 page=3 next=/status.aspx?space=1&author=69385&from=11240576
69385 page=4 fetchUrl=https://acm.timus.ru/status.aspx?space=1&author=69385&from=11240576
69385 page=4 pageSubmissions=10
69385 page=4 submissionsAfterChallengeStart=5
69385 page=4 nextHref=status.aspx?space=1&amp;author=69385&amp;from=9460282
69385 page=4 next=
408257 page=1 fetchUrl=https://acm.timus.ru/status.aspx?space=1&author=408257&count=100&locale=en
408257 page=1 pageSubmissions=79
408257 page=1 submissionsAfterChallengeStart=79
408257 page=1 nextHref=
408257 page=1 next=
408279 page=1 fetchUrl=https://acm.timus.ru/status.aspx?space=1&author=408279&count=100&locale=en
408279 page=1 pageSubmissions=1
408279 page=1 submissionsAfterChallengeStart=1
408279 page=1 nextHref=
408279 page=1 next=
408277 page=1 fetchUrl=https://acm.timus.ru/status.aspx?space=1&author=408277&count=100&locale=en
408277 page=1 pageSubmissions=6
408277 page=1 submissionsAfterChallengeStart=6
408277 page=1 nextHref=
408277 page=1 next=
408280 page=1 fetchUrl=https://acm.timus.ru/status.aspx?space=1&author=408280&count=100&locale=en
408280 page=1 pageSubmissions=26
408280 page=1 submissionsAfterChallengeStart=26
408280 page=1 nextHref=
408280 page=1 next=
408281 page=1 fetchUrl=https://acm.timus.ru/status.aspx?space=1&author=408281&count=100&locale=en
408281 page=1 pageSubmissions=0
408281 page=1 submissionsAfterChallengeStart=0
408281 page=1 nextHref=
408281 page=1 next=
408282 page=1 fetchUrl=https://acm.timus.ru/status.aspx?space=1&author=408282&count=100&locale=en
408282 page=1 pageSubmissions=3
408282 page=1 submissionsAfterChallengeStart=3
408282 page=1 nextHref=
408282 page=1 next=
408283 page=1 fetchUrl=https://acm.timus.ru/status.aspx?space=1&author=408283&count=100&locale=en
408283 page=1 pageSubmissions=51
408283 page=1 submissionsAfterChallengeStart=51
408283 page=1 nextHref=
408283 page=1 next=
408292 page=1 fetchUrl=https://acm.timus.ru/status.aspx?space=1&author=408292&count=100&locale=en
408292 page=1 pageSubmissions=55
408292 page=1 submissionsAfterChallengeStart=55
408292 page=1 nextHref=
408292 page=1 next=
408293 page=1 fetchUrl=https://acm.timus.ru/status.aspx?space=1&author=408293&count=100&locale=en
408293 page=1 pageSubmissions=14
408293 page=1 submissionsAfterChallengeStart=14
408293 page=1 nextHref=
408293 page=1 next=
408296 page=1 fetchUrl=https://acm.timus.ru/status.aspx?space=1&author=408296&count=100&locale=en
408296 page=1 pageSubmissions=32
408296 page=1 submissionsAfterChallengeStart=32
408296 page=1 nextHref=
408296 page=1 next=
408294 page=1 fetchUrl=https://acm.timus.ru/status.aspx?space=1&author=408294&count=100&locale=en
408294 page=1 pageSubmissions=28
408294 page=1 submissionsAfterChallengeStart=28
408294 page=1 nextHref=
408294 page=1 next=
408298 page=1 fetchUrl=https://acm.timus.ru/status.aspx?space=1&author=408298&count=100&locale=en
408298 page=1 pageSubmissions=20
408298 page=1 submissionsAfterChallengeStart=20
408298 page=1 nextHref=
408298 page=1 next=
408303 page=1 fetchUrl=https://acm.timus.ru/status.aspx?space=1&author=408303&count=100&locale=en
408303 page=1 pageSubmissions=91
408303 page=1 submissionsAfterChallengeStart=91
408303 page=1 nextHref=
408303 page=1 next=
408307 page=1 fetchUrl=https://acm.timus.ru/status.aspx?space=1&author=408307&count=100&locale=en
408307 page=1 pageSubmissions=3
408307 page=1 submissionsAfterChallengeStart=3
408307 page=1 nextHref=
408307 page=1 next=
408311 page=1 fetchUrl=https://acm.timus.ru/status.aspx?space=1&author=408311&count=100&locale=en
408311 page=1 pageSubmissions=5
408311 page=1 submissionsAfterChallengeStart=5
408311 page=1 nextHref=
408311 page=1 next=
408323 page=1 fetchUrl=https://acm.timus.ru/status.aspx?space=1&author=408323&count=100&locale=en
408323 page=1 pageSubmissions=21
408323 page=1 submissionsAfterChallengeStart=21
408323 page=1 nextHref=
408323 page=1 next=
408301 page=1 fetchUrl=https://acm.timus.ru/status.aspx?space=1&author=408301&count=100&locale=en
408301 page=1 pageSubmissions=14
408301 page=1 submissionsAfterChallengeStart=14
408301 page=1 nextHref=
408301 page=1 next=
408326 page=1 fetchUrl=https://acm.timus.ru/status.aspx?space=1&author=408326&count=100&locale=en
408326 page=1 pageSubmissions=12
408326 page=1 submissionsAfterChallengeStart=12
408326 page=1 nextHref=
408326 page=1 next=
# 2026-08-23T16:03:05.186Z
69385 page=1 fetchUrl=https://acm.timus.ru/status.aspx?space=1&author=69385&count=100&locale=en
69385 page=1 pageSubmissions=100
69385 page=1 submissionsAfterChallengeStart=100
69385 page=1 nextHref=status.aspx?space=1&amp;author=69385&amp;from=11241301
69385 page=1 next=/status.aspx?space=1&author=69385&from=11241301
69385 page=2 fetchUrl=https://acm.timus.ru/status.aspx?space=1&author=69385&from=11241301
69385 page=2 pageSubmissions=10
69385 page=2 submissionsAfterChallengeStart=10
69385 page=2 nextHref=status.aspx?space=1&amp;author=69385&amp;from=11240680
69385 page=2 next=/status.aspx?space=1&author=69385&from=11240680
69385 page=3 fetchUrl=https://acm.timus.ru/status.aspx?space=1&author=69385&from=11240680
69385 page=3 pageSubmissions=10
69385 page=3 submissionsAfterChallengeStart=10
69385 page=3 nextHref=status.aspx?space=1&amp;author=69385&amp;from=11240576
69385 page=3 next=/status.aspx?space=1&author=69385&from=11240576
69385 page=4 fetchUrl=https://acm.timus.ru/status.aspx?space=1&author=69385&from=11240576
69385 page=4 pageSubmissions=10
69385 page=4 submissionsAfterChallengeStart=5
69385 page=4 nextHref=status.aspx?space=1&amp;author=69385&amp;from=9460282
69385 page=4 next=
408257 page=1 fetchUrl=https://acm.timus.ru/status.aspx?space=1&author=408257&count=100&locale=en
408257 page=1 pageSubmissions=79
408257 page=1 submissionsAfterChallengeStart=79
408257 page=1 nextHref=
408257 page=1 next=
408279 page=1 fetchUrl=https://acm.timus.ru/status.aspx?space=1&author=408279&count=100&locale=en
408279 page=1 pageSubmissions=1
408279 page=1 submissionsAfterChallengeStart=1
408279 page=1 nextHref=
408279 page=1 next=
408277 page=1 fetchUrl=https://acm.timus.ru/status.aspx?space=1&author=408277&count=100&locale=en
408277 page=1 pageSubmissions=6
408277 page=1 submissionsAfterChallengeStart=6
408277 page=1 nextHref=
408277 page=1 next=
408280 page=1 fetchUrl=https://acm.timus.ru/status.aspx?space=1&author=408280&count=100&locale=en
408280 page=1 pageSubmissions=26
408280 page=1 submissionsAfterChallengeStart=26
408280 page=1 nextHref=
408280 page=1 next=
408281 page=1 fetchUrl=https://acm.timus.ru/status.aspx?space=1&author=408281&count=100&locale=en
408281 page=1 pageSubmissions=0
408281 page=1 submissionsAfterChallengeStart=0
408281 page=1 nextHref=
408281 page=1 next=
408282 page=1 fetchUrl=https://acm.timus.ru/status.aspx?space=1&author=408282&count=100&locale=en
408282 page=1 pageSubmissions=3
408282 page=1 submissionsAfterChallengeStart=3
408282 page=1 nextHref=
408282 page=1 next=
408283 page=1 fetchUrl=https://acm.timus.ru/status.aspx?space=1&author=408283&count=100&locale=en
408283 page=1 pageSubmissions=51
408283 page=1 submissionsAfterChallengeStart=51
408283 page=1 nextHref=
408283 page=1 next=
408292 page=1 fetchUrl=https://acm.timus.ru/status.aspx?space=1&author=408292&count=100&locale=en
408292 page=1 pageSubmissions=55
408292 page=1 submissionsAfterChallengeStart=55
408292 page=1 nextHref=
408292 page=1 next=
408293 page=1 fetchUrl=https://acm.timus.ru/status.aspx?space=1&author=408293&count=100&locale=en
408293 page=1 pageSubmissions=14
408293 page=1 submissionsAfterChallengeStart=14
408293 page=1 nextHref=
408293 page=1 next=
408296 page=1 fetchUrl=https://acm.timus.ru/status.aspx?space=1&author=408296&count=100&locale=en
408296 page=1 pageSubmissions=32
408296 page=1 submissionsAfterChallengeStart=32
408296 page=1 nextHref=
408296 page=1 next=
408294 page=1 fetchUrl=https://acm.timus.ru/status.aspx?space=1&author=408294&count=100&locale=en
408294 page=1 pageSubmissions=28
408294 page=1 submissionsAfterChallengeStart=28
408294 page=1 nextHref=
408294 page=1 next=
408298 page=1 fetchUrl=https://acm.timus.ru/status.aspx?space=1&author=408298&count=100&locale=en
408298 page=1 pageSubmissions=20
408298 page=1 submissionsAfterChallengeStart=20
408298 page=1 nextHref=
408298 page=1 next=
408303 page=1 fetchUrl=https://acm.timus.ru/status.aspx?space=1&author=408303&count=100&locale=en
408303 page=1 pageSubmissions=91
408303 page=1 submissionsAfterChallengeStart=91
408303 page=1 nextHref=
408303 page=1 next=
408307 page=1 fetchUrl=https://acm.timus.ru/status.aspx?space=1&author=408307&count=100&locale=en
408307 page=1 pageSubmissions=3
408307 page=1 submissionsAfterChallengeStart=3
408307 page=1 nextHref=
408307 page=1 next=
408311 page=1 fetchUrl=https://acm.timus.ru/status.aspx?space=1&author=408311&count=100&locale=en
408311 page=1 pageSubmissions=5
408311 page=1 submissionsAfterChallengeStart=5
408311 page=1 nextHref=
408311 page=1 next=
408323 page=1 fetchUrl=https://acm.timus.ru/status.aspx?space=1&author=408323&count=100&locale=en
408323 page=1 pageSubmissions=21
408323 page=1 submissionsAfterChallengeStart=21
408323 page=1 nextHref=
408323 page=1 next=
408301 page=1 fetchUrl=https://acm.timus.ru/status.aspx?space=1&author=408301&count=100&locale=en
408301 page=1 pageSubmissions=14
408301 page=1 submissionsAfterChallengeStart=14
408301 page=1 nextHref=
408301 page=1 next=
408326 page=1 fetchUrl=https://acm.timus.ru/status.aspx?space=1&author=408326&count=100&locale=en
408326 page=1 pageSubmissions=12
408326 page=1 submissionsAfterChallengeStart=12
408326 page=1 nextHref=
408326 page=1 next=
# 2026-08-23T16:07:56.572Z
69385 page=1 fetchUrl=https://acm.timus.ru/status.aspx?space=1&author=69385&count=100&locale=en
69385 page=1 pageSubmissions=100
69385 page=1 submissionsAfterChallengeStart=100
69385 page=1 nextHref=status.aspx?space=1&amp;author=69385&amp;from=11241301
69385 page=1 next=/status.aspx?space=1&author=69385&from=11241301
69385 page=2 fetchUrl=https://acm.timus.ru/status.aspx?space=1&author=69385&from=11241301
69385 page=2 pageSubmissions=10
69385 page=2 submissionsAfterChallengeStart=10
69385 page=2 nextHref=status.aspx?space=1&amp;author=69385&amp;from=11240680
69385 page=2 next=/status.aspx?space=1&author=69385&from=11240680
69385 page=3 fetchUrl=https://acm.timus.ru/status.aspx?space=1&author=69385&from=11240680
69385 page=3 pageSubmissions=10
69385 page=3 submissionsAfterChallengeStart=10
69385 page=3 nextHref=status.aspx?space=1&amp;author=69385&amp;from=11240576
69385 page=3 next=/status.aspx?space=1&author=69385&from=11240576
69385 page=4 fetchUrl=https://acm.timus.ru/status.aspx?space=1&author=69385&from=11240576
69385 page=4 pageSubmissions=10
69385 page=4 submissionsAfterChallengeStart=5
69385 page=4 nextHref=status.aspx?space=1&amp;author=69385&amp;from=9460282
69385 page=4 next=
408257 page=1 fetchUrl=https://acm.timus.ru/status.aspx?space=1&author=408257&count=100&locale=en
408257 page=1 pageSubmissions=79
408257 page=1 submissionsAfterChallengeStart=79
408257 page=1 nextHref=
408257 page=1 next=
408279 page=1 fetchUrl=https://acm.timus.ru/status.aspx?space=1&author=408279&count=100&locale=en
408279 page=1 pageSubmissions=1
408279 page=1 submissionsAfterChallengeStart=1
408279 page=1 nextHref=
408279 page=1 next=
408277 page=1 fetchUrl=https://acm.timus.ru/status.aspx?space=1&author=408277&count=100&locale=en
408277 page=1 pageSubmissions=6
408277 page=1 submissionsAfterChallengeStart=6
408277 page=1 nextHref=
408277 page=1 next=
408280 page=1 fetchUrl=https://acm.timus.ru/status.aspx?space=1&author=408280&count=100&locale=en
408280 page=1 pageSubmissions=26
408280 page=1 submissionsAfterChallengeStart=26
408280 page=1 nextHref=
408280 page=1 next=
408281 page=1 fetchUrl=https://acm.timus.ru/status.aspx?space=1&author=408281&count=100&locale=en
408281 page=1 pageSubmissions=0
408281 page=1 submissionsAfterChallengeStart=0
408281 page=1 nextHref=
408281 page=1 next=
408282 page=1 fetchUrl=https://acm.timus.ru/status.aspx?space=1&author=408282&count=100&locale=en
408282 page=1 pageSubmissions=3
408282 page=1 submissionsAfterChallengeStart=3
408282 page=1 nextHref=
408282 page=1 next=
408283 page=1 fetchUrl=https://acm.timus.ru/status.aspx?space=1&author=408283&count=100&locale=en
408283 page=1 pageSubmissions=51
408283 page=1 submissionsAfterChallengeStart=51
408283 page=1 nextHref=
408283 page=1 next=
408292 page=1 fetchUrl=https://acm.timus.ru/status.aspx?space=1&author=408292&count=100&locale=en
408292 page=1 pageSubmissions=55
408292 page=1 submissionsAfterChallengeStart=55
408292 page=1 nextHref=
408292 page=1 next=
408293 page=1 fetchUrl=https://acm.timus.ru/status.aspx?space=1&author=408293&count=100&locale=en
408293 page=1 pageSubmissions=14
408293 page=1 submissionsAfterChallengeStart=14
408293 page=1 nextHref=
408293 page=1 next=
408296 page=1 fetchUrl=https://acm.timus.ru/status.aspx?space=1&author=408296&count=100&locale=en
408296 page=1 pageSubmissions=32
408296 page=1 submissionsAfterChallengeStart=32
408296 page=1 nextHref=
408296 page=1 next=
408294 page=1 fetchUrl=https://acm.timus.ru/status.aspx?space=1&author=408294&count=100&locale=en
408294 page=1 pageSubmissions=28
408294 page=1 submissionsAfterChallengeStart=28
408294 page=1 nextHref=
408294 page=1 next=
408298 page=1 fetchUrl=https://acm.timus.ru/status.aspx?space=1&author=408298&count=100&locale=en
408298 page=1 pageSubmissions=20
408298 page=1 submissionsAfterChallengeStart=20
408298 page=1 nextHref=
408298 page=1 next=
408303 page=1 fetchUrl=https://acm.timus.ru/status.aspx?space=1&author=408303&count=100&locale=en
408303 page=1 pageSubmissions=91
408303 page=1 submissionsAfterChallengeStart=91
408303 page=1 nextHref=
408303 page=1 next=
408307 page=1 fetchUrl=https://acm.timus.ru/status.aspx?space=1&author=408307&count=100&locale=en
408307 page=1 pageSubmissions=3
408307 page=1 submissionsAfterChallengeStart=3
408307 page=1 nextHref=
408307 page=1 next=
408311 page=1 fetchUrl=https://acm.timus.ru/status.aspx?space=1&author=408311&count=100&locale=en
408311 page=1 pageSubmissions=5
408311 page=1 submissionsAfterChallengeStart=5
408311 page=1 nextHref=
408311 page=1 next=
408323 page=1 fetchUrl=https://acm.timus.ru/status.aspx?space=1&author=408323&count=100&locale=en
408323 page=1 pageSubmissions=21
408323 page=1 submissionsAfterChallengeStart=21
408323 page=1 nextHref=
408323 page=1 next=
408301 page=1 fetchUrl=https://acm.timus.ru/status.aspx?space=1&author=408301&count=100&locale=en
408301 page=1 pageSubmissions=14
408301 page=1 submissionsAfterChallengeStart=14
408301 page=1 nextHref=
408301 page=1 next=
408326 page=1 fetchUrl=https://acm.timus.ru/status.aspx?space=1&author=408326&count=100&locale=en
408326 page=1 pageSubmissions=12
408326 page=1 submissionsAfterChallengeStart=12
408326 page=1 nextHref=
408326 page=1 next=
# 2026-08-23T16:08:34.286Z
69385 page=1 fetchUrl=https://acm.timus.ru/status.aspx?space=1&author=69385&count=100&locale=en
69385 page=1 pageSubmissions=100
69385 page=1 submissionsAfterChallengeStart=100
69385 page=1 nextHref=status.aspx?space=1&amp;author=69385&amp;from=11241301
69385 page=1 next=/status.aspx?space=1&author=69385&from=11241301
69385 page=2 fetchUrl=https://acm.timus.ru/status.aspx?space=1&author=69385&from=11241301
69385 page=2 pageSubmissions=10
69385 page=2 submissionsAfterChallengeStart=10
69385 page=2 nextHref=status.aspx?space=1&amp;author=69385&amp;from=11240680
69385 page=2 next=/status.aspx?space=1&author=69385&from=11240680
69385 page=3 fetchUrl=https://acm.timus.ru/status.aspx?space=1&author=69385&from=11240680
69385 page=3 pageSubmissions=10
69385 page=3 submissionsAfterChallengeStart=10
69385 page=3 nextHref=status.aspx?space=1&amp;author=69385&amp;from=11240576
69385 page=3 next=/status.aspx?space=1&author=69385&from=11240576
69385 page=4 fetchUrl=https://acm.timus.ru/status.aspx?space=1&author=69385&from=11240576
69385 page=4 pageSubmissions=10
69385 page=4 submissionsAfterChallengeStart=5
69385 page=4 nextHref=status.aspx?space=1&amp;author=69385&amp;from=9460282
69385 page=4 next=
408257 page=1 fetchUrl=https://acm.timus.ru/status.aspx?space=1&author=408257&count=100&locale=en
408257 page=1 pageSubmissions=79
408257 page=1 submissionsAfterChallengeStart=79
408257 page=1 nextHref=
408257 page=1 next=
408279 page=1 fetchUrl=https://acm.timus.ru/status.aspx?space=1&author=408279&count=100&locale=en
408279 page=1 pageSubmissions=1
408279 page=1 submissionsAfterChallengeStart=1
408279 page=1 nextHref=
408279 page=1 next=
408277 page=1 fetchUrl=https://acm.timus.ru/status.aspx?space=1&author=408277&count=100&locale=en
408277 page=1 pageSubmissions=6
408277 page=1 submissionsAfterChallengeStart=6
408277 page=1 nextHref=
408277 page=1 next=
408280 page=1 fetchUrl=https://acm.timus.ru/status.aspx?space=1&author=408280&count=100&locale=en
408280 page=1 pageSubmissions=26
408280 page=1 submissionsAfterChallengeStart=26
408280 page=1 nextHref=
408280 page=1 next=
408281 page=1 fetchUrl=https://acm.timus.ru/status.aspx?space=1&author=408281&count=100&locale=en
408281 page=1 pageSubmissions=0
408281 page=1 submissionsAfterChallengeStart=0
408281 page=1 nextHref=
408281 page=1 next=
408282 page=1 fetchUrl=https://acm.timus.ru/status.aspx?space=1&author=408282&count=100&locale=en
408282 page=1 pageSubmissions=3
408282 page=1 submissionsAfterChallengeStart=3
408282 page=1 nextHref=
408282 page=1 next=
408283 page=1 fetchUrl=https://acm.timus.ru/status.aspx?space=1&author=408283&count=100&locale=en
408283 page=1 pageSubmissions=51
408283 page=1 submissionsAfterChallengeStart=51
408283 page=1 nextHref=
408283 page=1 next=
408292 page=1 fetchUrl=https://acm.timus.ru/status.aspx?space=1&author=408292&count=100&locale=en
408292 page=1 pageSubmissions=55
408292 page=1 submissionsAfterChallengeStart=55
408292 page=1 nextHref=
408292 page=1 next=
408293 page=1 fetchUrl=https://acm.timus.ru/status.aspx?space=1&author=408293&count=100&locale=en
408293 page=1 pageSubmissions=14
408293 page=1 submissionsAfterChallengeStart=14
408293 page=1 nextHref=
408293 page=1 next=
408296 page=1 fetchUrl=https://acm.timus.ru/status.aspx?space=1&author=408296&count=100&locale=en
408296 page=1 pageSubmissions=32
408296 page=1 submissionsAfterChallengeStart=32
408296 page=1 nextHref=
408296 page=1 next=
408294 page=1 fetchUrl=https://acm.timus.ru/status.aspx?space=1&author=408294&count=100&locale=en
408294 page=1 pageSubmissions=28
408294 page=1 submissionsAfterChallengeStart=28
408294 page=1 nextHref=
408294 page=1 next=
408298 page=1 fetchUrl=https://acm.timus.ru/status.aspx?space=1&author=408298&count=100&locale=en
408298 page=1 pageSubmissions=20
408298 page=1 submissionsAfterChallengeStart=20
408298 page=1 nextHref=
408298 page=1 next=
408303 page=1 fetchUrl=https://acm.timus.ru/status.aspx?space=1&author=408303&count=100&locale=en
408303 page=1 pageSubmissions=91
408303 page=1 submissionsAfterChallengeStart=91
408303 page=1 nextHref=
408303 page=1 next=
408307 page=1 fetchUrl=https://acm.timus.ru/status.aspx?space=1&author=408307&count=100&locale=en
408307 page=1 pageSubmissions=3
408307 page=1 submissionsAfterChallengeStart=3
408307 page=1 nextHref=
408307 page=1 next=
408311 page=1 fetchUrl=https://acm.timus.ru/status.aspx?space=1&author=408311&count=100&locale=en
408311 page=1 pageSubmissions=5
408311 page=1 submissionsAfterChallengeStart=5
408311 page=1 nextHref=
408311 page=1 next=
408323 page=1 fetchUrl=https://acm.timus.ru/status.aspx?space=1&author=408323&count=100&locale=en
408323 page=1 pageSubmissions=21
408323 page=1 submissionsAfterChallengeStart=21
408323 page=1 nextHref=
408323 page=1 next=
408301 page=1 fetchUrl=https://acm.timus.ru/status.aspx?space=1&author=408301&count=100&locale=en
408301 page=1 pageSubmissions=14
408301 page=1 submissionsAfterChallengeStart=14
408301 page=1 nextHref=
408301 page=1 next=
408326 page=1 fetchUrl=https://acm.timus.ru/status.aspx?space=1&author=408326&count=100&locale=en
408326 page=1 pageSubmissions=12
408326 page=1 submissionsAfterChallengeStart=12
408326 page=1 nextHref=
408326 page=1 next=
