# 2026-08-30T00:03:52.945Z
69385 page=1 fetchUrl=https://acm.timus.ru/status.aspx?space=1&author=69385&count=100&locale=en
69385 page=1 pageSubmissions=100
69385 page=1 submissionsAfterChallengeStart=100
69385 page=1 nextHref=status.aspx?space=1&amp;author=69385&amp;from=11241301
69385 page=1 next=/status.aspx?space=1&author=69385&from=11241301
69385 page=2 fetchUrl=https://acm.timus.ru/status.aspx?space=1&author=69385&from=11241301
69385 page=2 pageSubmissions=10
69385 page=2 submissionsAfterChallengeStart=10
69385 page=2 nextHref=status.aspx?space=1&amp;author=69385&amp;from=11240680
69385 page=2 next=/status.aspx?space=1&author=69385&from=11240680
69385 page=3 fetchUrl=https://acm.timus.ru/status.aspx?space=1&author=69385&from=11240680
69385 page=3 pageSubmissions=10
69385 page=3 submissionsAfterChallengeStart=10
69385 page=3 nextHref=status.aspx?space=1&amp;author=69385&amp;from=11240576
69385 page=3 next=/status.aspx?space=1&author=69385&from=11240576
69385 page=4 fetchUrl=https://acm.timus.ru/status.aspx?space=1&author=69385&from=11240576
69385 page=4 pageSubmissions=10
69385 page=4 submissionsAfterChallengeStart=5
69385 page=4 nextHref=status.aspx?space=1&amp;author=69385&amp;from=9460282
69385 page=4 next=
408257 page=1 fetchUrl=https://acm.timus.ru/status.aspx?space=1&author=408257&count=100&locale=en
408257 page=1 pageSubmissions=81
408257 page=1 submissionsAfterChallengeStart=81
408257 page=1 nextHref=
408257 page=1 next=
408279 page=1 fetchUrl=https://acm.timus.ru/status.aspx?space=1&author=408279&count=100&locale=en
408279 page=1 pageSubmissions=1
408279 page=1 submissionsAfterChallengeStart=1
408279 page=1 nextHref=
408279 page=1 next=
408277 page=1 fetchUrl=https://acm.timus.ru/status.aspx?space=1&author=408277&count=100&locale=en
408277 page=1 pageSubmissions=6
408277 page=1 submissionsAfterChallengeStart=6
408277 page=1 nextHref=
408277 page=1 next=
408280 page=1 fetchUrl=https://acm.timus.ru/status.aspx?space=1&author=408280&count=100&locale=en
408280 page=1 pageSubmissions=26
408280 page=1 submissionsAfterChallengeStart=26
408280 page=1 nextHref=
408280 page=1 next=
408281 page=1 fetchUrl=https://acm.timus.ru/status.aspx?space=1&author=408281&count=100&locale=en
408281 page=1 pageSubmissions=0
408281 page=1 submissionsAfterChallengeStart=0
408281 page=1 nextHref=
408281 page=1 next=
408282 page=1 fetchUrl=https://acm.timus.ru/status.aspx?space=1&author=408282&count=100&locale=en
408282 page=1 pageSubmissions=3
408282 page=1 submissionsAfterChallengeStart=3
408282 page=1 nextHref=
408282 page=1 next=
408283 page=1 fetchUrl=https://acm.timus.ru/status.aspx?space=1&author=408283&count=100&locale=en
408283 page=1 pageSubmissions=51
408283 page=1 submissionsAfterChallengeStart=51
408283 page=1 nextHref=
408283 page=1 next=
408292 page=1 fetchUrl=https://acm.timus.ru/status.aspx?space=1&author=408292&count=100&locale=en
408292 page=1 pageSubmissions=55
408292 page=1 submissionsAfterChallengeStart=55
408292 page=1 nextHref=
408292 page=1 next=
408293 page=1 fetchUrl=https://acm.timus.ru/status.aspx?space=1&author=408293&count=100&locale=en
408293 page=1 pageSubmissions=14
408293 page=1 submissionsAfterChallengeStart=14
408293 page=1 nextHref=
408293 page=1 next=
408296 page=1 fetchUrl=https://acm.timus.ru/status.aspx?space=1&author=408296&count=100&locale=en
408296 page=1 pageSubmissions=32
408296 page=1 submissionsAfterChallengeStart=32
408296 page=1 nextHref=
408296 page=1 next=
408294 page=1 fetchUrl=https://acm.timus.ru/status.aspx?space=1&author=408294&count=100&locale=en
408294 page=1 pageSubmissions=28
408294 page=1 submissionsAfterChallengeStart=28
408294 page=1 nextHref=
408294 page=1 next=
408298 page=1 fetchUrl=https://acm.timus.ru/status.aspx?space=1&author=408298&count=100&locale=en
408298 page=1 pageSubmissions=20
408298 page=1 submissionsAfterChallengeStart=20
408298 page=1 nextHref=
408298 page=1 next=
408303 page=1 fetchUrl=https://acm.timus.ru/status.aspx?space=1&author=408303&count=100&locale=en
408303 page=1 pageSubmissions=91
408303 page=1 submissionsAfterChallengeStart=91
408303 page=1 nextHref=
408303 page=1 next=
408307 page=1 fetchUrl=https://acm.timus.ru/status.aspx?space=1&author=408307&count=100&locale=en
408307 page=1 pageSubmissions=3
408307 page=1 submissionsAfterChallengeStart=3
408307 page=1 nextHref=
408307 page=1 next=
408311 page=1 fetchUrl=https://acm.timus.ru/status.aspx?space=1&author=408311&count=100&locale=en
408311 page=1 pageSubmissions=5
408311 page=1 submissionsAfterChallengeStart=5
408311 page=1 nextHref=
408311 page=1 next=
408323 page=1 fetchUrl=https://acm.timus.ru/status.aspx?space=1&author=408323&count=100&locale=en
408323 page=1 pageSubmissions=21
408323 page=1 submissionsAfterChallengeStart=21
408323 page=1 nextHref=
408323 page=1 next=
408301 page=1 fetchUrl=https://acm.timus.ru/status.aspx?space=1&author=408301&count=100&locale=en
408301 page=1 pageSubmissions=16
408301 page=1 submissionsAfterChallengeStart=16
408301 page=1 nextHref=
408301 page=1 next=
408326 page=1 fetchUrl=https://acm.timus.ru/status.aspx?space=1&author=408326&count=100&locale=en
408326 page=1 pageSubmissions=12
408326 page=1 submissionsAfterChallengeStart=12
408326 page=1 nextHref=
408326 page=1 next=
# 2026-08-30T00:08:52.859Z
69385 page=1 fetchUrl=https://acm.timus.ru/status.aspx?space=1&author=69385&count=100&locale=en
69385 page=1 pageSubmissions=100
69385 page=1 submissionsAfterChallengeStart=100
69385 page=1 nextHref=status.aspx?space=1&amp;author=69385&amp;from=11241301
69385 page=1 next=/status.aspx?space=1&author=69385&from=11241301
69385 page=2 fetchUrl=https://acm.timus.ru/status.aspx?space=1&author=69385&from=11241301
69385 page=2 pageSubmissions=10
69385 page=2 submissionsAfterChallengeStart=10
69385 page=2 nextHref=status.aspx?space=1&amp;author=69385&amp;from=11240680
69385 page=2 next=/status.aspx?space=1&author=69385&from=11240680
69385 page=3 fetchUrl=https://acm.timus.ru/status.aspx?space=1&author=69385&from=11240680
69385 page=3 pageSubmissions=10
69385 page=3 submissionsAfterChallengeStart=10
69385 page=3 nextHref=status.aspx?space=1&amp;author=69385&amp;from=11240576
69385 page=3 next=/status.aspx?space=1&author=69385&from=11240576
69385 page=4 fetchUrl=https://acm.timus.ru/status.aspx?space=1&author=69385&from=11240576
69385 page=4 pageSubmissions=10
69385 page=4 submissionsAfterChallengeStart=5
69385 page=4 nextHref=status.aspx?space=1&amp;author=69385&amp;from=9460282
69385 page=4 next=
408257 page=1 fetchUrl=https://acm.timus.ru/status.aspx?space=1&author=408257&count=100&locale=en
408257 page=1 pageSubmissions=81
408257 page=1 submissionsAfterChallengeStart=81
408257 page=1 nextHref=
408257 page=1 next=
408279 page=1 fetchUrl=https://acm.timus.ru/status.aspx?space=1&author=408279&count=100&locale=en
408279 page=1 pageSubmissions=1
408279 page=1 submissionsAfterChallengeStart=1
408279 page=1 nextHref=
408279 page=1 next=
408277 page=1 fetchUrl=https://acm.timus.ru/status.aspx?space=1&author=408277&count=100&locale=en
408277 page=1 pageSubmissions=6
408277 page=1 submissionsAfterChallengeStart=6
408277 page=1 nextHref=
408277 page=1 next=
408280 page=1 fetchUrl=https://acm.timus.ru/status.aspx?space=1&author=408280&count=100&locale=en
408280 page=1 pageSubmissions=26
408280 page=1 submissionsAfterChallengeStart=26
408280 page=1 nextHref=
408280 page=1 next=
408281 page=1 fetchUrl=https://acm.timus.ru/status.aspx?space=1&author=408281&count=100&locale=en
408281 page=1 pageSubmissions=0
408281 page=1 submissionsAfterChallengeStart=0
408281 page=1 nextHref=
408281 page=1 next=
408282 page=1 fetchUrl=https://acm.timus.ru/status.aspx?space=1&author=408282&count=100&locale=en
408282 page=1 pageSubmissions=3
408282 page=1 submissionsAfterChallengeStart=3
408282 page=1 nextHref=
408282 page=1 next=
408283 page=1 fetchUrl=https://acm.timus.ru/status.aspx?space=1&author=408283&count=100&locale=en
408283 page=1 pageSubmissions=51
408283 page=1 submissionsAfterChallengeStart=51
408283 page=1 nextHref=
408283 page=1 next=
408292 page=1 fetchUrl=https://acm.timus.ru/status.aspx?space=1&author=408292&count=100&locale=en
408292 page=1 pageSubmissions=55
408292 page=1 submissionsAfterChallengeStart=55
408292 page=1 nextHref=
408292 page=1 next=
408293 page=1 fetchUrl=https://acm.timus.ru/status.aspx?space=1&author=408293&count=100&locale=en
408293 page=1 pageSubmissions=14
408293 page=1 submissionsAfterChallengeStart=14
408293 page=1 nextHref=
408293 page=1 next=
408296 page=1 fetchUrl=https://acm.timus.ru/status.aspx?space=1&author=408296&count=100&locale=en
408296 page=1 pageSubmissions=32
408296 page=1 submissionsAfterChallengeStart=32
408296 page=1 nextHref=
408296 page=1 next=
408294 page=1 fetchUrl=https://acm.timus.ru/status.aspx?space=1&author=408294&count=100&locale=en
408294 page=1 pageSubmissions=28
408294 page=1 submissionsAfterChallengeStart=28
408294 page=1 nextHref=
408294 page=1 next=
408298 page=1 fetchUrl=https://acm.timus.ru/status.aspx?space=1&author=408298&count=100&locale=en
408298 page=1 pageSubmissions=20
408298 page=1 submissionsAfterChallengeStart=20
408298 page=1 nextHref=
408298 page=1 next=
408303 page=1 fetchUrl=https://acm.timus.ru/status.aspx?space=1&author=408303&count=100&locale=en
408303 page=1 pageSubmissions=91
408303 page=1 submissionsAfterChallengeStart=91
408303 page=1 nextHref=
408303 page=1 next=
408307 page=1 fetchUrl=https://acm.timus.ru/status.aspx?space=1&author=408307&count=100&locale=en
408307 page=1 pageSubmissions=3
408307 page=1 submissionsAfterChallengeStart=3
408307 page=1 nextHref=
408307 page=1 next=
408311 page=1 fetchUrl=https://acm.timus.ru/status.aspx?space=1&author=408311&count=100&locale=en
408311 page=1 pageSubmissions=5
408311 page=1 submissionsAfterChallengeStart=5
408311 page=1 nextHref=
408311 page=1 next=
408323 page=1 fetchUrl=https://acm.timus.ru/status.aspx?space=1&author=408323&count=100&locale=en
408323 page=1 pageSubmissions=21
408323 page=1 submissionsAfterChallengeStart=21
408323 page=1 nextHref=
408323 page=1 next=
408301 page=1 fetchUrl=https://acm.timus.ru/status.aspx?space=1&author=408301&count=100&locale=en
408301 page=1 pageSubmissions=16
408301 page=1 submissionsAfterChallengeStart=16
408301 page=1 nextHref=
408301 page=1 next=
408326 page=1 fetchUrl=https://acm.timus.ru/status.aspx?space=1&author=408326&count=100&locale=en
408326 page=1 pageSubmissions=12
408326 page=1 submissionsAfterChallengeStart=12
408326 page=1 nextHref=
408326 page=1 next=
# 2026-08-30T00:13:51.007Z
69385 page=1 fetchUrl=https://acm.timus.ru/status.aspx?space=1&author=69385&count=100&locale=en
69385 page=1 pageSubmissions=100
69385 page=1 submissionsAfterChallengeStart=100
69385 page=1 nextHref=status.aspx?space=1&amp;author=69385&amp;from=11241301
69385 page=1 next=/status.aspx?space=1&author=69385&from=11241301
69385 page=2 fetchUrl=https://acm.timus.ru/status.aspx?space=1&author=69385&from=11241301
69385 page=2 pageSubmissions=10
69385 page=2 submissionsAfterChallengeStart=10
69385 page=2 nextHref=status.aspx?space=1&amp;author=69385&amp;from=11240680
69385 page=2 next=/status.aspx?space=1&author=69385&from=11240680
69385 page=3 fetchUrl=https://acm.timus.ru/status.aspx?space=1&author=69385&from=11240680
69385 page=3 pageSubmissions=10
69385 page=3 submissionsAfterChallengeStart=10
69385 page=3 nextHref=status.aspx?space=1&amp;author=69385&amp;from=11240576
69385 page=3 next=/status.aspx?space=1&author=69385&from=11240576
69385 page=4 fetchUrl=https://acm.timus.ru/status.aspx?space=1&author=69385&from=11240576
69385 page=4 pageSubmissions=10
69385 page=4 submissionsAfterChallengeStart=5
69385 page=4 nextHref=status.aspx?space=1&amp;author=69385&amp;from=9460282
69385 page=4 next=
408257 page=1 fetchUrl=https://acm.timus.ru/status.aspx?space=1&author=408257&count=100&locale=en
408257 page=1 pageSubmissions=81
408257 page=1 submissionsAfterChallengeStart=81
408257 page=1 nextHref=
408257 page=1 next=
408279 page=1 fetchUrl=https://acm.timus.ru/status.aspx?space=1&author=408279&count=100&locale=en
408279 page=1 pageSubmissions=1
408279 page=1 submissionsAfterChallengeStart=1
408279 page=1 nextHref=
408279 page=1 next=
408277 page=1 fetchUrl=https://acm.timus.ru/status.aspx?space=1&author=408277&count=100&locale=en
408277 page=1 pageSubmissions=6
408277 page=1 submissionsAfterChallengeStart=6
408277 page=1 nextHref=
408277 page=1 next=
408280 page=1 fetchUrl=https://acm.timus.ru/status.aspx?space=1&author=408280&count=100&locale=en
408280 page=1 pageSubmissions=26
408280 page=1 submissionsAfterChallengeStart=26
408280 page=1 nextHref=
408280 page=1 next=
408281 page=1 fetchUrl=https://acm.timus.ru/status.aspx?space=1&author=408281&count=100&locale=en
408281 page=1 pageSubmissions=0
408281 page=1 submissionsAfterChallengeStart=0
408281 page=1 nextHref=
408281 page=1 next=
408282 page=1 fetchUrl=https://acm.timus.ru/status.aspx?space=1&author=408282&count=100&locale=en
408282 page=1 pageSubmissions=3
408282 page=1 submissionsAfterChallengeStart=3
408282 page=1 nextHref=
408282 page=1 next=
408283 page=1 fetchUrl=https://acm.timus.ru/status.aspx?space=1&author=408283&count=100&locale=en
408283 page=1 pageSubmissions=51
408283 page=1 submissionsAfterChallengeStart=51
408283 page=1 nextHref=
408283 page=1 next=
408292 page=1 fetchUrl=https://acm.timus.ru/status.aspx?space=1&author=408292&count=100&locale=en
408292 page=1 pageSubmissions=55
408292 page=1 submissionsAfterChallengeStart=55
408292 page=1 nextHref=
408292 page=1 next=
408293 page=1 fetchUrl=https://acm.timus.ru/status.aspx?space=1&author=408293&count=100&locale=en
408293 page=1 pageSubmissions=14
408293 page=1 submissionsAfterChallengeStart=14
408293 page=1 nextHref=
408293 page=1 next=
408296 page=1 fetchUrl=https://acm.timus.ru/status.aspx?space=1&author=408296&count=100&locale=en
408296 page=1 pageSubmissions=32
408296 page=1 submissionsAfterChallengeStart=32
408296 page=1 nextHref=
408296 page=1 next=
408294 page=1 fetchUrl=https://acm.timus.ru/status.aspx?space=1&author=408294&count=100&locale=en
408294 page=1 pageSubmissions=28
408294 page=1 submissionsAfterChallengeStart=28
408294 page=1 nextHref=
408294 page=1 next=
408298 page=1 fetchUrl=https://acm.timus.ru/status.aspx?space=1&author=408298&count=100&locale=en
408298 page=1 pageSubmissions=20
408298 page=1 submissionsAfterChallengeStart=20
408298 page=1 nextHref=
408298 page=1 next=
408303 page=1 fetchUrl=https://acm.timus.ru/status.aspx?space=1&author=408303&count=100&locale=en
408303 page=1 pageSubmissions=91
408303 page=1 submissionsAfterChallengeStart=91
408303 page=1 nextHref=
408303 page=1 next=
408307 page=1 fetchUrl=https://acm.timus.ru/status.aspx?space=1&author=408307&count=100&locale=en
408307 page=1 pageSubmissions=3
408307 page=1 submissionsAfterChallengeStart=3
408307 page=1 nextHref=
408307 page=1 next=
408311 page=1 fetchUrl=https://acm.timus.ru/status.aspx?space=1&author=408311&count=100&locale=en
408311 page=1 pageSubmissions=5
408311 page=1 submissionsAfterChallengeStart=5
408311 page=1 nextHref=
408311 page=1 next=
408323 page=1 fetchUrl=https://acm.timus.ru/status.aspx?space=1&author=408323&count=100&locale=en
408323 page=1 pageSubmissions=21
408323 page=1 submissionsAfterChallengeStart=21
408323 page=1 nextHref=
408323 page=1 next=
408301 page=1 fetchUrl=https://acm.timus.ru/status.aspx?space=1&author=408301&count=100&locale=en
408301 page=1 pageSubmissions=16
408301 page=1 submissionsAfterChallengeStart=16
408301 page=1 nextHref=
408301 page=1 next=
408326 page=1 fetchUrl=https://acm.timus.ru/status.aspx?space=1&author=408326&count=100&locale=en
408326 page=1 pageSubmissions=12
408326 page=1 submissionsAfterChallengeStart=12
408326 page=1 nextHref=
408326 page=1 next=
# 2026-08-30T00:18:49.228Z
69385 page=1 fetchUrl=https://acm.timus.ru/status.aspx?space=1&author=69385&count=100&locale=en
69385 page=1 pageSubmissions=100
69385 page=1 submissionsAfterChallengeStart=100
69385 page=1 nextHref=status.aspx?space=1&amp;author=69385&amp;from=11241301
69385 page=1 next=/status.aspx?space=1&author=69385&from=11241301
69385 page=2 fetchUrl=https://acm.timus.ru/status.aspx?space=1&author=69385&from=11241301
69385 page=2 pageSubmissions=10
69385 page=2 submissionsAfterChallengeStart=10
69385 page=2 nextHref=status.aspx?space=1&amp;author=69385&amp;from=11240680
69385 page=2 next=/status.aspx?space=1&author=69385&from=11240680
69385 page=3 fetchUrl=https://acm.timus.ru/status.aspx?space=1&author=69385&from=11240680
69385 page=3 pageSubmissions=10
69385 page=3 submissionsAfterChallengeStart=10
69385 page=3 nextHref=status.aspx?space=1&amp;author=69385&amp;from=11240576
69385 page=3 next=/status.aspx?space=1&author=69385&from=11240576
69385 page=4 fetchUrl=https://acm.timus.ru/status.aspx?space=1&author=69385&from=11240576
69385 page=4 pageSubmissions=10
69385 page=4 submissionsAfterChallengeStart=5
69385 page=4 nextHref=status.aspx?space=1&amp;author=69385&amp;from=9460282
69385 page=4 next=
408257 page=1 fetchUrl=https://acm.timus.ru/status.aspx?space=1&author=408257&count=100&locale=en
408257 page=1 pageSubmissions=81
408257 page=1 submissionsAfterChallengeStart=81
408257 page=1 nextHref=
408257 page=1 next=
408279 page=1 fetchUrl=https://acm.timus.ru/status.aspx?space=1&author=408279&count=100&locale=en
408279 page=1 pageSubmissions=1
408279 page=1 submissionsAfterChallengeStart=1
408279 page=1 nextHref=
408279 page=1 next=
408277 page=1 fetchUrl=https://acm.timus.ru/status.aspx?space=1&author=408277&count=100&locale=en
408277 page=1 pageSubmissions=6
408277 page=1 submissionsAfterChallengeStart=6
408277 page=1 nextHref=
408277 page=1 next=
408280 page=1 fetchUrl=https://acm.timus.ru/status.aspx?space=1&author=408280&count=100&locale=en
408280 page=1 pageSubmissions=26
408280 page=1 submissionsAfterChallengeStart=26
408280 page=1 nextHref=
408280 page=1 next=
408281 page=1 fetchUrl=https://acm.timus.ru/status.aspx?space=1&author=408281&count=100&locale=en
408281 page=1 pageSubmissions=0
408281 page=1 submissionsAfterChallengeStart=0
408281 page=1 nextHref=
408281 page=1 next=
408282 page=1 fetchUrl=https://acm.timus.ru/status.aspx?space=1&author=408282&count=100&locale=en
408282 page=1 pageSubmissions=3
408282 page=1 submissionsAfterChallengeStart=3
408282 page=1 nextHref=
408282 page=1 next=
408283 page=1 fetchUrl=https://acm.timus.ru/status.aspx?space=1&author=408283&count=100&locale=en
408283 page=1 pageSubmissions=51
408283 page=1 submissionsAfterChallengeStart=51
408283 page=1 nextHref=
408283 page=1 next=
408292 page=1 fetchUrl=https://acm.timus.ru/status.aspx?space=1&author=408292&count=100&locale=en
408292 page=1 pageSubmissions=55
408292 page=1 submissionsAfterChallengeStart=55
408292 page=1 nextHref=
408292 page=1 next=
408293 page=1 fetchUrl=https://acm.timus.ru/status.aspx?space=1&author=408293&count=100&locale=en
408293 page=1 pageSubmissions=14
408293 page=1 submissionsAfterChallengeStart=14
408293 page=1 nextHref=
408293 page=1 next=
408296 page=1 fetchUrl=https://acm.timus.ru/status.aspx?space=1&author=408296&count=100&locale=en
408296 page=1 pageSubmissions=32
408296 page=1 submissionsAfterChallengeStart=32
408296 page=1 nextHref=
408296 page=1 next=
408294 page=1 fetchUrl=https://acm.timus.ru/status.aspx?space=1&author=408294&count=100&locale=en
408294 page=1 pageSubmissions=28
408294 page=1 submissionsAfterChallengeStart=28
408294 page=1 nextHref=
408294 page=1 next=
408298 page=1 fetchUrl=https://acm.timus.ru/status.aspx?space=1&author=408298&count=100&locale=en
408298 page=1 pageSubmissions=20
408298 page=1 submissionsAfterChallengeStart=20
408298 page=1 nextHref=
408298 page=1 next=
408303 page=1 fetchUrl=https://acm.timus.ru/status.aspx?space=1&author=408303&count=100&locale=en
408303 page=1 pageSubmissions=91
408303 page=1 submissionsAfterChallengeStart=91
408303 page=1 nextHref=
408303 page=1 next=
408307 page=1 fetchUrl=https://acm.timus.ru/status.aspx?space=1&author=408307&count=100&locale=en
408307 page=1 pageSubmissions=3
408307 page=1 submissionsAfterChallengeStart=3
408307 page=1 nextHref=
408307 page=1 next=
408311 page=1 fetchUrl=https://acm.timus.ru/status.aspx?space=1&author=408311&count=100&locale=en
408311 page=1 pageSubmissions=5
408311 page=1 submissionsAfterChallengeStart=5
408311 page=1 nextHref=
408311 page=1 next=
408323 page=1 fetchUrl=https://acm.timus.ru/status.aspx?space=1&author=408323&count=100&locale=en
408323 page=1 pageSubmissions=21
408323 page=1 submissionsAfterChallengeStart=21
408323 page=1 nextHref=
408323 page=1 next=
408301 page=1 fetchUrl=https://acm.timus.ru/status.aspx?space=1&author=408301&count=100&locale=en
408301 page=1 pageSubmissions=16
408301 page=1 submissionsAfterChallengeStart=16
408301 page=1 nextHref=
408301 page=1 next=
408326 page=1 fetchUrl=https://acm.timus.ru/status.aspx?space=1&author=408326&count=100&locale=en
408326 page=1 pageSubmissions=12
408326 page=1 submissionsAfterChallengeStart=12
408326 page=1 nextHref=
408326 page=1 next=
# 2026-08-30T00:23:51.129Z
69385 page=1 fetchUrl=https://acm.timus.ru/status.aspx?space=1&author=69385&count=100&locale=en
69385 page=1 pageSubmissions=100
69385 page=1 submissionsAfterChallengeStart=100
69385 page=1 nextHref=status.aspx?space=1&amp;author=69385&amp;from=11241301
69385 page=1 next=/status.aspx?space=1&author=69385&from=11241301
69385 page=2 fetchUrl=https://acm.timus.ru/status.aspx?space=1&author=69385&from=11241301
69385 page=2 pageSubmissions=10
69385 page=2 submissionsAfterChallengeStart=10
69385 page=2 nextHref=status.aspx?space=1&amp;author=69385&amp;from=11240680
69385 page=2 next=/status.aspx?space=1&author=69385&from=11240680
69385 page=3 fetchUrl=https://acm.timus.ru/status.aspx?space=1&author=69385&from=11240680
69385 page=3 pageSubmissions=10
69385 page=3 submissionsAfterChallengeStart=10
69385 page=3 nextHref=status.aspx?space=1&amp;author=69385&amp;from=11240576
69385 page=3 next=/status.aspx?space=1&author=69385&from=11240576
69385 page=4 fetchUrl=https://acm.timus.ru/status.aspx?space=1&author=69385&from=11240576
69385 page=4 pageSubmissions=10
69385 page=4 submissionsAfterChallengeStart=5
69385 page=4 nextHref=status.aspx?space=1&amp;author=69385&amp;from=9460282
69385 page=4 next=
408257 page=1 fetchUrl=https://acm.timus.ru/status.aspx?space=1&author=408257&count=100&locale=en
408257 page=1 pageSubmissions=81
408257 page=1 submissionsAfterChallengeStart=81
408257 page=1 nextHref=
408257 page=1 next=
408279 page=1 fetchUrl=https://acm.timus.ru/status.aspx?space=1&author=408279&count=100&locale=en
408279 page=1 pageSubmissions=1
408279 page=1 submissionsAfterChallengeStart=1
408279 page=1 nextHref=
408279 page=1 next=
408277 page=1 fetchUrl=https://acm.timus.ru/status.aspx?space=1&author=408277&count=100&locale=en
408277 page=1 pageSubmissions=6
408277 page=1 submissionsAfterChallengeStart=6
408277 page=1 nextHref=
408277 page=1 next=
408280 page=1 fetchUrl=https://acm.timus.ru/status.aspx?space=1&author=408280&count=100&locale=en
408280 page=1 pageSubmissions=26
408280 page=1 submissionsAfterChallengeStart=26
408280 page=1 nextHref=
408280 page=1 next=
408281 page=1 fetchUrl=https://acm.timus.ru/status.aspx?space=1&author=408281&count=100&locale=en
408281 page=1 pageSubmissions=0
408281 page=1 submissionsAfterChallengeStart=0
408281 page=1 nextHref=
408281 page=1 next=
408282 page=1 fetchUrl=https://acm.timus.ru/status.aspx?space=1&author=408282&count=100&locale=en
408282 page=1 pageSubmissions=3
408282 page=1 submissionsAfterChallengeStart=3
408282 page=1 nextHref=
408282 page=1 next=
408283 page=1 fetchUrl=https://acm.timus.ru/status.aspx?space=1&author=408283&count=100&locale=en
408283 page=1 pageSubmissions=51
408283 page=1 submissionsAfterChallengeStart=51
408283 page=1 nextHref=
408283 page=1 next=
408292 page=1 fetchUrl=https://acm.timus.ru/status.aspx?space=1&author=408292&count=100&locale=en
408292 page=1 pageSubmissions=55
408292 page=1 submissionsAfterChallengeStart=55
408292 page=1 nextHref=
408292 page=1 next=
408293 page=1 fetchUrl=https://acm.timus.ru/status.aspx?space=1&author=408293&count=100&locale=en
408293 page=1 pageSubmissions=14
408293 page=1 submissionsAfterChallengeStart=14
408293 page=1 nextHref=
408293 page=1 next=
408296 page=1 fetchUrl=https://acm.timus.ru/status.aspx?space=1&author=408296&count=100&locale=en
408296 page=1 pageSubmissions=32
408296 page=1 submissionsAfterChallengeStart=32
408296 page=1 nextHref=
408296 page=1 next=
408294 page=1 fetchUrl=https://acm.timus.ru/status.aspx?space=1&author=408294&count=100&locale=en
408294 page=1 pageSubmissions=28
408294 page=1 submissionsAfterChallengeStart=28
408294 page=1 nextHref=
408294 page=1 next=
408298 page=1 fetchUrl=https://acm.timus.ru/status.aspx?space=1&author=408298&count=100&locale=en
408298 page=1 pageSubmissions=20
408298 page=1 submissionsAfterChallengeStart=20
408298 page=1 nextHref=
408298 page=1 next=
408303 page=1 fetchUrl=https://acm.timus.ru/status.aspx?space=1&author=408303&count=100&locale=en
408303 page=1 pageSubmissions=91
408303 page=1 submissionsAfterChallengeStart=91
408303 page=1 nextHref=
408303 page=1 next=
408307 page=1 fetchUrl=https://acm.timus.ru/status.aspx?space=1&author=408307&count=100&locale=en
408307 page=1 pageSubmissions=3
408307 page=1 submissionsAfterChallengeStart=3
408307 page=1 nextHref=
408307 page=1 next=
408311 page=1 fetchUrl=https://acm.timus.ru/status.aspx?space=1&author=408311&count=100&locale=en
408311 page=1 pageSubmissions=5
408311 page=1 submissionsAfterChallengeStart=5
408311 page=1 nextHref=
408311 page=1 next=
408323 page=1 fetchUrl=https://acm.timus.ru/status.aspx?space=1&author=408323&count=100&locale=en
408323 page=1 pageSubmissions=21
408323 page=1 submissionsAfterChallengeStart=21
408323 page=1 nextHref=
408323 page=1 next=
408301 page=1 fetchUrl=https://acm.timus.ru/status.aspx?space=1&author=408301&count=100&locale=en
408301 page=1 pageSubmissions=16
408301 page=1 submissionsAfterChallengeStart=16
408301 page=1 nextHref=
408301 page=1 next=
408326 page=1 fetchUrl=https://acm.timus.ru/status.aspx?space=1&author=408326&count=100&locale=en
408326 page=1 pageSubmissions=12
408326 page=1 submissionsAfterChallengeStart=12
408326 page=1 nextHref=
408326 page=1 next=
# 2026-08-30T00:28:53.474Z
69385 page=1 fetchUrl=https://acm.timus.ru/status.aspx?space=1&author=69385&count=100&locale=en
69385 page=1 pageSubmissions=100
69385 page=1 submissionsAfterChallengeStart=100
69385 page=1 nextHref=status.aspx?space=1&amp;author=69385&amp;from=11241301
69385 page=1 next=/status.aspx?space=1&author=69385&from=11241301
69385 page=2 fetchUrl=https://acm.timus.ru/status.aspx?space=1&author=69385&from=11241301
69385 page=2 pageSubmissions=10
69385 page=2 submissionsAfterChallengeStart=10
69385 page=2 nextHref=status.aspx?space=1&amp;author=69385&amp;from=11240680
69385 page=2 next=/status.aspx?space=1&author=69385&from=11240680
69385 page=3 fetchUrl=https://acm.timus.ru/status.aspx?space=1&author=69385&from=11240680
69385 page=3 pageSubmissions=10
69385 page=3 submissionsAfterChallengeStart=10
69385 page=3 nextHref=status.aspx?space=1&amp;author=69385&amp;from=11240576
69385 page=3 next=/status.aspx?space=1&author=69385&from=11240576
69385 page=4 fetchUrl=https://acm.timus.ru/status.aspx?space=1&author=69385&from=11240576
69385 page=4 pageSubmissions=10
69385 page=4 submissionsAfterChallengeStart=5
69385 page=4 nextHref=status.aspx?space=1&amp;author=69385&amp;from=9460282
69385 page=4 next=
408257 page=1 fetchUrl=https://acm.timus.ru/status.aspx?space=1&author=408257&count=100&locale=en
408257 page=1 pageSubmissions=81
408257 page=1 submissionsAfterChallengeStart=81
408257 page=1 nextHref=
408257 page=1 next=
408279 page=1 fetchUrl=https://acm.timus.ru/status.aspx?space=1&author=408279&count=100&locale=en
408279 page=1 pageSubmissions=1
408279 page=1 submissionsAfterChallengeStart=1
408279 page=1 nextHref=
408279 page=1 next=
408277 page=1 fetchUrl=https://acm.timus.ru/status.aspx?space=1&author=408277&count=100&locale=en
408277 page=1 pageSubmissions=6
408277 page=1 submissionsAfterChallengeStart=6
408277 page=1 nextHref=
408277 page=1 next=
408280 page=1 fetchUrl=https://acm.timus.ru/status.aspx?space=1&author=408280&count=100&locale=en
408280 page=1 pageSubmissions=26
408280 page=1 submissionsAfterChallengeStart=26
408280 page=1 nextHref=
408280 page=1 next=
408281 page=1 fetchUrl=https://acm.timus.ru/status.aspx?space=1&author=408281&count=100&locale=en
408281 page=1 pageSubmissions=0
408281 page=1 submissionsAfterChallengeStart=0
408281 page=1 nextHref=
408281 page=1 next=
408282 page=1 fetchUrl=https://acm.timus.ru/status.aspx?space=1&author=408282&count=100&locale=en
408282 page=1 pageSubmissions=3
408282 page=1 submissionsAfterChallengeStart=3
408282 page=1 nextHref=
408282 page=1 next=
408283 page=1 fetchUrl=https://acm.timus.ru/status.aspx?space=1&author=408283&count=100&locale=en
408283 page=1 pageSubmissions=51
408283 page=1 submissionsAfterChallengeStart=51
408283 page=1 nextHref=
408283 page=1 next=
408292 page=1 fetchUrl=https://acm.timus.ru/status.aspx?space=1&author=408292&count=100&locale=en
408292 page=1 pageSubmissions=55
408292 page=1 submissionsAfterChallengeStart=55
408292 page=1 nextHref=
408292 page=1 next=
408293 page=1 fetchUrl=https://acm.timus.ru/status.aspx?space=1&author=408293&count=100&locale=en
408293 page=1 pageSubmissions=14
408293 page=1 submissionsAfterChallengeStart=14
408293 page=1 nextHref=
408293 page=1 next=
408296 page=1 fetchUrl=https://acm.timus.ru/status.aspx?space=1&author=408296&count=100&locale=en
408296 page=1 pageSubmissions=32
408296 page=1 submissionsAfterChallengeStart=32
408296 page=1 nextHref=
408296 page=1 next=
408294 page=1 fetchUrl=https://acm.timus.ru/status.aspx?space=1&author=408294&count=100&locale=en
408294 page=1 pageSubmissions=28
408294 page=1 submissionsAfterChallengeStart=28
408294 page=1 nextHref=
408294 page=1 next=
408298 page=1 fetchUrl=https://acm.timus.ru/status.aspx?space=1&author=408298&count=100&locale=en
408298 page=1 pageSubmissions=20
408298 page=1 submissionsAfterChallengeStart=20
408298 page=1 nextHref=
408298 page=1 next=
408303 page=1 fetchUrl=https://acm.timus.ru/status.aspx?space=1&author=408303&count=100&locale=en
408303 page=1 pageSubmissions=91
408303 page=1 submissionsAfterChallengeStart=91
408303 page=1 nextHref=
408303 page=1 next=
408307 page=1 fetchUrl=https://acm.timus.ru/status.aspx?space=1&author=408307&count=100&locale=en
408307 page=1 pageSubmissions=3
408307 page=1 submissionsAfterChallengeStart=3
408307 page=1 nextHref=
408307 page=1 next=
408311 page=1 fetchUrl=https://acm.timus.ru/status.aspx?space=1&author=408311&count=100&locale=en
408311 page=1 pageSubmissions=5
408311 page=1 submissionsAfterChallengeStart=5
408311 page=1 nextHref=
408311 page=1 next=
408323 page=1 fetchUrl=https://acm.timus.ru/status.aspx?space=1&author=408323&count=100&locale=en
408323 page=1 pageSubmissions=21
408323 page=1 submissionsAfterChallengeStart=21
408323 page=1 nextHref=
408323 page=1 next=
408301 page=1 fetchUrl=https://acm.timus.ru/status.aspx?space=1&author=408301&count=100&locale=en
408301 page=1 pageSubmissions=16
408301 page=1 submissionsAfterChallengeStart=16
408301 page=1 nextHref=
408301 page=1 next=
408326 page=1 fetchUrl=https://acm.timus.ru/status.aspx?space=1&author=408326&count=100&locale=en
408326 page=1 pageSubmissions=12
408326 page=1 submissionsAfterChallengeStart=12
408326 page=1 nextHref=
408326 page=1 next=
# 2026-08-30T00:33:52.434Z
69385 page=1 fetchUrl=https://acm.timus.ru/status.aspx?space=1&author=69385&count=100&locale=en
69385 page=1 pageSubmissions=100
69385 page=1 submissionsAfterChallengeStart=100
69385 page=1 nextHref=status.aspx?space=1&amp;author=69385&amp;from=11241301
69385 page=1 next=/status.aspx?space=1&author=69385&from=11241301
69385 page=2 fetchUrl=https://acm.timus.ru/status.aspx?space=1&author=69385&from=11241301
69385 page=2 pageSubmissions=10
69385 page=2 submissionsAfterChallengeStart=10
69385 page=2 nextHref=status.aspx?space=1&amp;author=69385&amp;from=11240680
69385 page=2 next=/status.aspx?space=1&author=69385&from=11240680
69385 page=3 fetchUrl=https://acm.timus.ru/status.aspx?space=1&author=69385&from=11240680
69385 page=3 pageSubmissions=10
69385 page=3 submissionsAfterChallengeStart=10
69385 page=3 nextHref=status.aspx?space=1&amp;author=69385&amp;from=11240576
69385 page=3 next=/status.aspx?space=1&author=69385&from=11240576
69385 page=4 fetchUrl=https://acm.timus.ru/status.aspx?space=1&author=69385&from=11240576
69385 page=4 pageSubmissions=10
69385 page=4 submissionsAfterChallengeStart=5
69385 page=4 nextHref=status.aspx?space=1&amp;author=69385&amp;from=9460282
69385 page=4 next=
408257 page=1 fetchUrl=https://acm.timus.ru/status.aspx?space=1&author=408257&count=100&locale=en
408257 page=1 pageSubmissions=81
408257 page=1 submissionsAfterChallengeStart=81
408257 page=1 nextHref=
408257 page=1 next=
408279 page=1 fetchUrl=https://acm.timus.ru/status.aspx?space=1&author=408279&count=100&locale=en
408279 page=1 pageSubmissions=1
408279 page=1 submissionsAfterChallengeStart=1
408279 page=1 nextHref=
408279 page=1 next=
408277 page=1 fetchUrl=https://acm.timus.ru/status.aspx?space=1&author=408277&count=100&locale=en
408277 page=1 pageSubmissions=6
408277 page=1 submissionsAfterChallengeStart=6
408277 page=1 nextHref=
408277 page=1 next=
408280 page=1 fetchUrl=https://acm.timus.ru/status.aspx?space=1&author=408280&count=100&locale=en
408280 page=1 pageSubmissions=26
408280 page=1 submissionsAfterChallengeStart=26
408280 page=1 nextHref=
408280 page=1 next=
408281 page=1 fetchUrl=https://acm.timus.ru/status.aspx?space=1&author=408281&count=100&locale=en
408281 page=1 pageSubmissions=0
408281 page=1 submissionsAfterChallengeStart=0
408281 page=1 nextHref=
408281 page=1 next=
408282 page=1 fetchUrl=https://acm.timus.ru/status.aspx?space=1&author=408282&count=100&locale=en
408282 page=1 pageSubmissions=3
408282 page=1 submissionsAfterChallengeStart=3
408282 page=1 nextHref=
408282 page=1 next=
408283 page=1 fetchUrl=https://acm.timus.ru/status.aspx?space=1&author=408283&count=100&locale=en
408283 page=1 pageSubmissions=51
408283 page=1 submissionsAfterChallengeStart=51
408283 page=1 nextHref=
408283 page=1 next=
408292 page=1 fetchUrl=https://acm.timus.ru/status.aspx?space=1&author=408292&count=100&locale=en
408292 page=1 pageSubmissions=55
408292 page=1 submissionsAfterChallengeStart=55
408292 page=1 nextHref=
408292 page=1 next=
408293 page=1 fetchUrl=https://acm.timus.ru/status.aspx?space=1&author=408293&count=100&locale=en
408293 page=1 pageSubmissions=14
408293 page=1 submissionsAfterChallengeStart=14
408293 page=1 nextHref=
408293 page=1 next=
408296 page=1 fetchUrl=https://acm.timus.ru/status.aspx?space=1&author=408296&count=100&locale=en
408296 page=1 pageSubmissions=32
408296 page=1 submissionsAfterChallengeStart=32
408296 page=1 nextHref=
408296 page=1 next=
408294 page=1 fetchUrl=https://acm.timus.ru/status.aspx?space=1&author=408294&count=100&locale=en
408294 page=1 pageSubmissions=28
408294 page=1 submissionsAfterChallengeStart=28
408294 page=1 nextHref=
408294 page=1 next=
408298 page=1 fetchUrl=https://acm.timus.ru/status.aspx?space=1&author=408298&count=100&locale=en
408298 page=1 pageSubmissions=20
408298 page=1 submissionsAfterChallengeStart=20
408298 page=1 nextHref=
408298 page=1 next=
408303 page=1 fetchUrl=https://acm.timus.ru/status.aspx?space=1&author=408303&count=100&locale=en
408303 page=1 pageSubmissions=91
408303 page=1 submissionsAfterChallengeStart=91
408303 page=1 nextHref=
408303 page=1 next=
408307 page=1 fetchUrl=https://acm.timus.ru/status.aspx?space=1&author=408307&count=100&locale=en
408307 page=1 pageSubmissions=3
408307 page=1 submissionsAfterChallengeStart=3
408307 page=1 nextHref=
408307 page=1 next=
408311 page=1 fetchUrl=https://acm.timus.ru/status.aspx?space=1&author=408311&count=100&locale=en
408311 page=1 pageSubmissions=5
408311 page=1 submissionsAfterChallengeStart=5
408311 page=1 nextHref=
408311 page=1 next=
408323 page=1 fetchUrl=https://acm.timus.ru/status.aspx?space=1&author=408323&count=100&locale=en
408323 page=1 pageSubmissions=21
408323 page=1 submissionsAfterChallengeStart=21
408323 page=1 nextHref=
408323 page=1 next=
408301 page=1 fetchUrl=https://acm.timus.ru/status.aspx?space=1&author=408301&count=100&locale=en
408301 page=1 pageSubmissions=16
408301 page=1 submissionsAfterChallengeStart=16
408301 page=1 nextHref=
408301 page=1 next=
408326 page=1 fetchUrl=https://acm.timus.ru/status.aspx?space=1&author=408326&count=100&locale=en
408326 page=1 pageSubmissions=12
408326 page=1 submissionsAfterChallengeStart=12
408326 page=1 nextHref=
408326 page=1 next=
# 2026-08-30T00:38:53.756Z
69385 page=1 fetchUrl=https://acm.timus.ru/status.aspx?space=1&author=69385&count=100&locale=en
69385 page=1 pageSubmissions=100
69385 page=1 submissionsAfterChallengeStart=100
69385 page=1 nextHref=status.aspx?space=1&amp;author=69385&amp;from=11241301
69385 page=1 next=/status.aspx?space=1&author=69385&from=11241301
69385 page=2 fetchUrl=https://acm.timus.ru/status.aspx?space=1&author=69385&from=11241301
69385 page=2 pageSubmissions=10
69385 page=2 submissionsAfterChallengeStart=10
69385 page=2 nextHref=status.aspx?space=1&amp;author=69385&amp;from=11240680
69385 page=2 next=/status.aspx?space=1&author=69385&from=11240680
69385 page=3 fetchUrl=https://acm.timus.ru/status.aspx?space=1&author=69385&from=11240680
69385 page=3 pageSubmissions=10
69385 page=3 submissionsAfterChallengeStart=10
69385 page=3 nextHref=status.aspx?space=1&amp;author=69385&amp;from=11240576
69385 page=3 next=/status.aspx?space=1&author=69385&from=11240576
69385 page=4 fetchUrl=https://acm.timus.ru/status.aspx?space=1&author=69385&from=11240576
69385 page=4 pageSubmissions=10
69385 page=4 submissionsAfterChallengeStart=5
69385 page=4 nextHref=status.aspx?space=1&amp;author=69385&amp;from=9460282
69385 page=4 next=
408257 page=1 fetchUrl=https://acm.timus.ru/status.aspx?space=1&author=408257&count=100&locale=en
408257 page=1 pageSubmissions=81
408257 page=1 submissionsAfterChallengeStart=81
408257 page=1 nextHref=
408257 page=1 next=
408279 page=1 fetchUrl=https://acm.timus.ru/status.aspx?space=1&author=408279&count=100&locale=en
408279 page=1 pageSubmissions=1
408279 page=1 submissionsAfterChallengeStart=1
408279 page=1 nextHref=
408279 page=1 next=
408277 page=1 fetchUrl=https://acm.timus.ru/status.aspx?space=1&author=408277&count=100&locale=en
408277 page=1 pageSubmissions=6
408277 page=1 submissionsAfterChallengeStart=6
408277 page=1 nextHref=
408277 page=1 next=
408280 page=1 fetchUrl=https://acm.timus.ru/status.aspx?space=1&author=408280&count=100&locale=en
408280 page=1 pageSubmissions=26
408280 page=1 submissionsAfterChallengeStart=26
408280 page=1 nextHref=
408280 page=1 next=
408281 page=1 fetchUrl=https://acm.timus.ru/status.aspx?space=1&author=408281&count=100&locale=en
408281 page=1 pageSubmissions=0
408281 page=1 submissionsAfterChallengeStart=0
408281 page=1 nextHref=
408281 page=1 next=
408282 page=1 fetchUrl=https://acm.timus.ru/status.aspx?space=1&author=408282&count=100&locale=en
408282 page=1 pageSubmissions=3
408282 page=1 submissionsAfterChallengeStart=3
408282 page=1 nextHref=
408282 page=1 next=
408283 page=1 fetchUrl=https://acm.timus.ru/status.aspx?space=1&author=408283&count=100&locale=en
408283 page=1 pageSubmissions=51
408283 page=1 submissionsAfterChallengeStart=51
408283 page=1 nextHref=
408283 page=1 next=
408292 page=1 fetchUrl=https://acm.timus.ru/status.aspx?space=1&author=408292&count=100&locale=en
408292 page=1 pageSubmissions=55
408292 page=1 submissionsAfterChallengeStart=55
408292 page=1 nextHref=
408292 page=1 next=
408293 page=1 fetchUrl=https://acm.timus.ru/status.aspx?space=1&author=408293&count=100&locale=en
408293 page=1 pageSubmissions=14
408293 page=1 submissionsAfterChallengeStart=14
408293 page=1 nextHref=
408293 page=1 next=
408296 page=1 fetchUrl=https://acm.timus.ru/status.aspx?space=1&author=408296&count=100&locale=en
408296 page=1 pageSubmissions=32
408296 page=1 submissionsAfterChallengeStart=32
408296 page=1 nextHref=
408296 page=1 next=
408294 page=1 fetchUrl=https://acm.timus.ru/status.aspx?space=1&author=408294&count=100&locale=en
408294 page=1 pageSubmissions=28
408294 page=1 submissionsAfterChallengeStart=28
408294 page=1 nextHref=
408294 page=1 next=
408298 page=1 fetchUrl=https://acm.timus.ru/status.aspx?space=1&author=408298&count=100&locale=en
408298 page=1 pageSubmissions=20
408298 page=1 submissionsAfterChallengeStart=20
408298 page=1 nextHref=
408298 page=1 next=
408303 page=1 fetchUrl=https://acm.timus.ru/status.aspx?space=1&author=408303&count=100&locale=en
408303 page=1 pageSubmissions=91
408303 page=1 submissionsAfterChallengeStart=91
408303 page=1 nextHref=
408303 page=1 next=
408307 page=1 fetchUrl=https://acm.timus.ru/status.aspx?space=1&author=408307&count=100&locale=en
408307 page=1 pageSubmissions=3
408307 page=1 submissionsAfterChallengeStart=3
408307 page=1 nextHref=
408307 page=1 next=
408311 page=1 fetchUrl=https://acm.timus.ru/status.aspx?space=1&author=408311&count=100&locale=en
408311 page=1 pageSubmissions=5
408311 page=1 submissionsAfterChallengeStart=5
408311 page=1 nextHref=
408311 page=1 next=
408323 page=1 fetchUrl=https://acm.timus.ru/status.aspx?space=1&author=408323&count=100&locale=en
408323 page=1 pageSubmissions=21
408323 page=1 submissionsAfterChallengeStart=21
408323 page=1 nextHref=
408323 page=1 next=
408301 page=1 fetchUrl=https://acm.timus.ru/status.aspx?space=1&author=408301&count=100&locale=en
408301 page=1 pageSubmissions=16
408301 page=1 submissionsAfterChallengeStart=16
408301 page=1 nextHref=
408301 page=1 next=
408326 page=1 fetchUrl=https://acm.timus.ru/status.aspx?space=1&author=408326&count=100&locale=en
408326 page=1 pageSubmissions=12
408326 page=1 submissionsAfterChallengeStart=12
408326 page=1 nextHref=
408326 page=1 next=
# 2026-08-30T00:43:50.982Z
69385 page=1 fetchUrl=https://acm.timus.ru/status.aspx?space=1&author=69385&count=100&locale=en
69385 page=1 pageSubmissions=100
69385 page=1 submissionsAfterChallengeStart=100
69385 page=1 nextHref=status.aspx?space=1&amp;author=69385&amp;from=11241301
69385 page=1 next=/status.aspx?space=1&author=69385&from=11241301
69385 page=2 fetchUrl=https://acm.timus.ru/status.aspx?space=1&author=69385&from=11241301
69385 page=2 pageSubmissions=10
69385 page=2 submissionsAfterChallengeStart=10
69385 page=2 nextHref=status.aspx?space=1&amp;author=69385&amp;from=11240680
69385 page=2 next=/status.aspx?space=1&author=69385&from=11240680
69385 page=3 fetchUrl=https://acm.timus.ru/status.aspx?space=1&author=69385&from=11240680
69385 page=3 pageSubmissions=10
69385 page=3 submissionsAfterChallengeStart=10
69385 page=3 nextHref=status.aspx?space=1&amp;author=69385&amp;from=11240576
69385 page=3 next=/status.aspx?space=1&author=69385&from=11240576
69385 page=4 fetchUrl=https://acm.timus.ru/status.aspx?space=1&author=69385&from=11240576
69385 page=4 pageSubmissions=10
69385 page=4 submissionsAfterChallengeStart=5
69385 page=4 nextHref=status.aspx?space=1&amp;author=69385&amp;from=9460282
69385 page=4 next=
408257 page=1 fetchUrl=https://acm.timus.ru/status.aspx?space=1&author=408257&count=100&locale=en
408257 page=1 pageSubmissions=81
408257 page=1 submissionsAfterChallengeStart=81
408257 page=1 nextHref=
408257 page=1 next=
408279 page=1 fetchUrl=https://acm.timus.ru/status.aspx?space=1&author=408279&count=100&locale=en
408279 page=1 pageSubmissions=1
408279 page=1 submissionsAfterChallengeStart=1
408279 page=1 nextHref=
408279 page=1 next=
408277 page=1 fetchUrl=https://acm.timus.ru/status.aspx?space=1&author=408277&count=100&locale=en
408277 page=1 pageSubmissions=6
408277 page=1 submissionsAfterChallengeStart=6
408277 page=1 nextHref=
408277 page=1 next=
408280 page=1 fetchUrl=https://acm.timus.ru/status.aspx?space=1&author=408280&count=100&locale=en
408280 page=1 pageSubmissions=26
408280 page=1 submissionsAfterChallengeStart=26
408280 page=1 nextHref=
408280 page=1 next=
408281 page=1 fetchUrl=https://acm.timus.ru/status.aspx?space=1&author=408281&count=100&locale=en
408281 page=1 pageSubmissions=0
408281 page=1 submissionsAfterChallengeStart=0
408281 page=1 nextHref=
408281 page=1 next=
408282 page=1 fetchUrl=https://acm.timus.ru/status.aspx?space=1&author=408282&count=100&locale=en
408282 page=1 pageSubmissions=3
408282 page=1 submissionsAfterChallengeStart=3
408282 page=1 nextHref=
408282 page=1 next=
408283 page=1 fetchUrl=https://acm.timus.ru/status.aspx?space=1&author=408283&count=100&locale=en
408283 page=1 pageSubmissions=51
408283 page=1 submissionsAfterChallengeStart=51
408283 page=1 nextHref=
408283 page=1 next=
408292 page=1 fetchUrl=https://acm.timus.ru/status.aspx?space=1&author=408292&count=100&locale=en
408292 page=1 pageSubmissions=55
408292 page=1 submissionsAfterChallengeStart=55
408292 page=1 nextHref=
408292 page=1 next=
408293 page=1 fetchUrl=https://acm.timus.ru/status.aspx?space=1&author=408293&count=100&locale=en
408293 page=1 pageSubmissions=14
408293 page=1 submissionsAfterChallengeStart=14
408293 page=1 nextHref=
408293 page=1 next=
408296 page=1 fetchUrl=https://acm.timus.ru/status.aspx?space=1&author=408296&count=100&locale=en
408296 page=1 pageSubmissions=32
408296 page=1 submissionsAfterChallengeStart=32
408296 page=1 nextHref=
408296 page=1 next=
408294 page=1 fetchUrl=https://acm.timus.ru/status.aspx?space=1&author=408294&count=100&locale=en
408294 page=1 pageSubmissions=28
408294 page=1 submissionsAfterChallengeStart=28
408294 page=1 nextHref=
408294 page=1 next=
408298 page=1 fetchUrl=https://acm.timus.ru/status.aspx?space=1&author=408298&count=100&locale=en
408298 page=1 pageSubmissions=20
408298 page=1 submissionsAfterChallengeStart=20
408298 page=1 nextHref=
408298 page=1 next=
408303 page=1 fetchUrl=https://acm.timus.ru/status.aspx?space=1&author=408303&count=100&locale=en
408303 page=1 pageSubmissions=91
408303 page=1 submissionsAfterChallengeStart=91
408303 page=1 nextHref=
408303 page=1 next=
408307 page=1 fetchUrl=https://acm.timus.ru/status.aspx?space=1&author=408307&count=100&locale=en
408307 page=1 pageSubmissions=3
408307 page=1 submissionsAfterChallengeStart=3
408307 page=1 nextHref=
408307 page=1 next=
408311 page=1 fetchUrl=https://acm.timus.ru/status.aspx?space=1&author=408311&count=100&locale=en
408311 page=1 pageSubmissions=5
408311 page=1 submissionsAfterChallengeStart=5
408311 page=1 nextHref=
408311 page=1 next=
408323 page=1 fetchUrl=https://acm.timus.ru/status.aspx?space=1&author=408323&count=100&locale=en
408323 page=1 pageSubmissions=21
408323 page=1 submissionsAfterChallengeStart=21
408323 page=1 nextHref=
408323 page=1 next=
408301 page=1 fetchUrl=https://acm.timus.ru/status.aspx?space=1&author=408301&count=100&locale=en
408301 page=1 pageSubmissions=16
408301 page=1 submissionsAfterChallengeStart=16
408301 page=1 nextHref=
408301 page=1 next=
408326 page=1 fetchUrl=https://acm.timus.ru/status.aspx?space=1&author=408326&count=100&locale=en
408326 page=1 pageSubmissions=12
408326 page=1 submissionsAfterChallengeStart=12
408326 page=1 nextHref=
408326 page=1 next=
# 2026-08-30T00:48:54.740Z
69385 page=1 fetchUrl=https://acm.timus.ru/status.aspx?space=1&author=69385&count=100&locale=en
69385 page=1 pageSubmissions=100
69385 page=1 submissionsAfterChallengeStart=100
69385 page=1 nextHref=status.aspx?space=1&amp;author=69385&amp;from=11241301
69385 page=1 next=/status.aspx?space=1&author=69385&from=11241301
69385 page=2 fetchUrl=https://acm.timus.ru/status.aspx?space=1&author=69385&from=11241301
69385 page=2 pageSubmissions=10
69385 page=2 submissionsAfterChallengeStart=10
69385 page=2 nextHref=status.aspx?space=1&amp;author=69385&amp;from=11240680
69385 page=2 next=/status.aspx?space=1&author=69385&from=11240680
69385 page=3 fetchUrl=https://acm.timus.ru/status.aspx?space=1&author=69385&from=11240680
69385 page=3 pageSubmissions=10
69385 page=3 submissionsAfterChallengeStart=10
69385 page=3 nextHref=status.aspx?space=1&amp;author=69385&amp;from=11240576
69385 page=3 next=/status.aspx?space=1&author=69385&from=11240576
69385 page=4 fetchUrl=https://acm.timus.ru/status.aspx?space=1&author=69385&from=11240576
69385 page=4 pageSubmissions=10
69385 page=4 submissionsAfterChallengeStart=5
69385 page=4 nextHref=status.aspx?space=1&amp;author=69385&amp;from=9460282
69385 page=4 next=
408257 page=1 fetchUrl=https://acm.timus.ru/status.aspx?space=1&author=408257&count=100&locale=en
408257 page=1 pageSubmissions=81
408257 page=1 submissionsAfterChallengeStart=81
408257 page=1 nextHref=
408257 page=1 next=
408279 page=1 fetchUrl=https://acm.timus.ru/status.aspx?space=1&author=408279&count=100&locale=en
408279 page=1 pageSubmissions=1
408279 page=1 submissionsAfterChallengeStart=1
408279 page=1 nextHref=
408279 page=1 next=
408277 page=1 fetchUrl=https://acm.timus.ru/status.aspx?space=1&author=408277&count=100&locale=en
408277 page=1 pageSubmissions=6
408277 page=1 submissionsAfterChallengeStart=6
408277 page=1 nextHref=
408277 page=1 next=
408280 page=1 fetchUrl=https://acm.timus.ru/status.aspx?space=1&author=408280&count=100&locale=en
408280 page=1 pageSubmissions=26
408280 page=1 submissionsAfterChallengeStart=26
408280 page=1 nextHref=
408280 page=1 next=
408281 page=1 fetchUrl=https://acm.timus.ru/status.aspx?space=1&author=408281&count=100&locale=en
408281 page=1 pageSubmissions=0
408281 page=1 submissionsAfterChallengeStart=0
408281 page=1 nextHref=
408281 page=1 next=
408282 page=1 fetchUrl=https://acm.timus.ru/status.aspx?space=1&author=408282&count=100&locale=en
408282 page=1 pageSubmissions=3
408282 page=1 submissionsAfterChallengeStart=3
408282 page=1 nextHref=
408282 page=1 next=
408283 page=1 fetchUrl=https://acm.timus.ru/status.aspx?space=1&author=408283&count=100&locale=en
408283 page=1 pageSubmissions=51
408283 page=1 submissionsAfterChallengeStart=51
408283 page=1 nextHref=
408283 page=1 next=
408292 page=1 fetchUrl=https://acm.timus.ru/status.aspx?space=1&author=408292&count=100&locale=en
408292 page=1 pageSubmissions=55
408292 page=1 submissionsAfterChallengeStart=55
408292 page=1 nextHref=
408292 page=1 next=
408293 page=1 fetchUrl=https://acm.timus.ru/status.aspx?space=1&author=408293&count=100&locale=en
408293 page=1 pageSubmissions=14
408293 page=1 submissionsAfterChallengeStart=14
408293 page=1 nextHref=
408293 page=1 next=
408296 page=1 fetchUrl=https://acm.timus.ru/status.aspx?space=1&author=408296&count=100&locale=en
408296 page=1 pageSubmissions=32
408296 page=1 submissionsAfterChallengeStart=32
408296 page=1 nextHref=
408296 page=1 next=
408294 page=1 fetchUrl=https://acm.timus.ru/status.aspx?space=1&author=408294&count=100&locale=en
408294 page=1 pageSubmissions=28
408294 page=1 submissionsAfterChallengeStart=28
408294 page=1 nextHref=
408294 page=1 next=
408298 page=1 fetchUrl=https://acm.timus.ru/status.aspx?space=1&author=408298&count=100&locale=en
408298 page=1 pageSubmissions=20
408298 page=1 submissionsAfterChallengeStart=20
408298 page=1 nextHref=
408298 page=1 next=
408303 page=1 fetchUrl=https://acm.timus.ru/status.aspx?space=1&author=408303&count=100&locale=en
408303 page=1 pageSubmissions=91
408303 page=1 submissionsAfterChallengeStart=91
408303 page=1 nextHref=
408303 page=1 next=
408307 page=1 fetchUrl=https://acm.timus.ru/status.aspx?space=1&author=408307&count=100&locale=en
408307 page=1 pageSubmissions=3
408307 page=1 submissionsAfterChallengeStart=3
408307 page=1 nextHref=
408307 page=1 next=
408311 page=1 fetchUrl=https://acm.timus.ru/status.aspx?space=1&author=408311&count=100&locale=en
408311 page=1 pageSubmissions=5
408311 page=1 submissionsAfterChallengeStart=5
408311 page=1 nextHref=
408311 page=1 next=
408323 page=1 fetchUrl=https://acm.timus.ru/status.aspx?space=1&author=408323&count=100&locale=en
408323 page=1 pageSubmissions=21
408323 page=1 submissionsAfterChallengeStart=21
408323 page=1 nextHref=
408323 page=1 next=
408301 page=1 fetchUrl=https://acm.timus.ru/status.aspx?space=1&author=408301&count=100&locale=en
408301 page=1 pageSubmissions=16
408301 page=1 submissionsAfterChallengeStart=16
408301 page=1 nextHref=
408301 page=1 next=
408326 page=1 fetchUrl=https://acm.timus.ru/status.aspx?space=1&author=408326&count=100&locale=en
408326 page=1 pageSubmissions=12
408326 page=1 submissionsAfterChallengeStart=12
408326 page=1 nextHref=
408326 page=1 next=
# 2026-08-30T00:53:54.667Z
69385 page=1 fetchUrl=https://acm.timus.ru/status.aspx?space=1&author=69385&count=100&locale=en
69385 page=1 pageSubmissions=100
69385 page=1 submissionsAfterChallengeStart=100
69385 page=1 nextHref=status.aspx?space=1&amp;author=69385&amp;from=11241301
69385 page=1 next=/status.aspx?space=1&author=69385&from=11241301
69385 page=2 fetchUrl=https://acm.timus.ru/status.aspx?space=1&author=69385&from=11241301
69385 page=2 pageSubmissions=10
69385 page=2 submissionsAfterChallengeStart=10
69385 page=2 nextHref=status.aspx?space=1&amp;author=69385&amp;from=11240680
69385 page=2 next=/status.aspx?space=1&author=69385&from=11240680
69385 page=3 fetchUrl=https://acm.timus.ru/status.aspx?space=1&author=69385&from=11240680
69385 page=3 pageSubmissions=10
69385 page=3 submissionsAfterChallengeStart=10
69385 page=3 nextHref=status.aspx?space=1&amp;author=69385&amp;from=11240576
69385 page=3 next=/status.aspx?space=1&author=69385&from=11240576
69385 page=4 fetchUrl=https://acm.timus.ru/status.aspx?space=1&author=69385&from=11240576
69385 page=4 pageSubmissions=10
69385 page=4 submissionsAfterChallengeStart=5
69385 page=4 nextHref=status.aspx?space=1&amp;author=69385&amp;from=9460282
69385 page=4 next=
408257 page=1 fetchUrl=https://acm.timus.ru/status.aspx?space=1&author=408257&count=100&locale=en
408257 page=1 pageSubmissions=81
408257 page=1 submissionsAfterChallengeStart=81
408257 page=1 nextHref=
408257 page=1 next=
408279 page=1 fetchUrl=https://acm.timus.ru/status.aspx?space=1&author=408279&count=100&locale=en
408279 page=1 pageSubmissions=1
408279 page=1 submissionsAfterChallengeStart=1
408279 page=1 nextHref=
408279 page=1 next=
408277 page=1 fetchUrl=https://acm.timus.ru/status.aspx?space=1&author=408277&count=100&locale=en
408277 page=1 pageSubmissions=6
408277 page=1 submissionsAfterChallengeStart=6
408277 page=1 nextHref=
408277 page=1 next=
408280 page=1 fetchUrl=https://acm.timus.ru/status.aspx?space=1&author=408280&count=100&locale=en
408280 page=1 pageSubmissions=26
408280 page=1 submissionsAfterChallengeStart=26
408280 page=1 nextHref=
408280 page=1 next=
408281 page=1 fetchUrl=https://acm.timus.ru/status.aspx?space=1&author=408281&count=100&locale=en
408281 page=1 pageSubmissions=0
408281 page=1 submissionsAfterChallengeStart=0
408281 page=1 nextHref=
408281 page=1 next=
408282 page=1 fetchUrl=https://acm.timus.ru/status.aspx?space=1&author=408282&count=100&locale=en
408282 page=1 pageSubmissions=3
408282 page=1 submissionsAfterChallengeStart=3
408282 page=1 nextHref=
408282 page=1 next=
408283 page=1 fetchUrl=https://acm.timus.ru/status.aspx?space=1&author=408283&count=100&locale=en
408283 page=1 pageSubmissions=51
408283 page=1 submissionsAfterChallengeStart=51
408283 page=1 nextHref=
408283 page=1 next=
408292 page=1 fetchUrl=https://acm.timus.ru/status.aspx?space=1&author=408292&count=100&locale=en
408292 page=1 pageSubmissions=55
408292 page=1 submissionsAfterChallengeStart=55
408292 page=1 nextHref=
408292 page=1 next=
408293 page=1 fetchUrl=https://acm.timus.ru/status.aspx?space=1&author=408293&count=100&locale=en
408293 page=1 pageSubmissions=14
408293 page=1 submissionsAfterChallengeStart=14
408293 page=1 nextHref=
408293 page=1 next=
408296 page=1 fetchUrl=https://acm.timus.ru/status.aspx?space=1&author=408296&count=100&locale=en
408296 page=1 pageSubmissions=32
408296 page=1 submissionsAfterChallengeStart=32
408296 page=1 nextHref=
408296 page=1 next=
408294 page=1 fetchUrl=https://acm.timus.ru/status.aspx?space=1&author=408294&count=100&locale=en
408294 page=1 pageSubmissions=28
408294 page=1 submissionsAfterChallengeStart=28
408294 page=1 nextHref=
408294 page=1 next=
408298 page=1 fetchUrl=https://acm.timus.ru/status.aspx?space=1&author=408298&count=100&locale=en
408298 page=1 pageSubmissions=20
408298 page=1 submissionsAfterChallengeStart=20
408298 page=1 nextHref=
408298 page=1 next=
408303 page=1 fetchUrl=https://acm.timus.ru/status.aspx?space=1&author=408303&count=100&locale=en
408303 page=1 pageSubmissions=91
408303 page=1 submissionsAfterChallengeStart=91
408303 page=1 nextHref=
408303 page=1 next=
408307 page=1 fetchUrl=https://acm.timus.ru/status.aspx?space=1&author=408307&count=100&locale=en
408307 page=1 pageSubmissions=3
408307 page=1 submissionsAfterChallengeStart=3
408307 page=1 nextHref=
408307 page=1 next=
408311 page=1 fetchUrl=https://acm.timus.ru/status.aspx?space=1&author=408311&count=100&locale=en
408311 page=1 pageSubmissions=5
408311 page=1 submissionsAfterChallengeStart=5
408311 page=1 nextHref=
408311 page=1 next=
408323 page=1 fetchUrl=https://acm.timus.ru/status.aspx?space=1&author=408323&count=100&locale=en
408323 page=1 pageSubmissions=21
408323 page=1 submissionsAfterChallengeStart=21
408323 page=1 nextHref=
408323 page=1 next=
408301 page=1 fetchUrl=https://acm.timus.ru/status.aspx?space=1&author=408301&count=100&locale=en
408301 page=1 pageSubmissions=16
408301 page=1 submissionsAfterChallengeStart=16
408301 page=1 nextHref=
408301 page=1 next=
408326 page=1 fetchUrl=https://acm.timus.ru/status.aspx?space=1&author=408326&count=100&locale=en
408326 page=1 pageSubmissions=12
408326 page=1 submissionsAfterChallengeStart=12
408326 page=1 nextHref=
408326 page=1 next=
# 2026-08-30T00:58:53.400Z
69385 page=1 fetchUrl=https://acm.timus.ru/status.aspx?space=1&author=69385&count=100&locale=en
69385 page=1 pageSubmissions=100
69385 page=1 submissionsAfterChallengeStart=100
69385 page=1 nextHref=status.aspx?space=1&amp;author=69385&amp;from=11241301
69385 page=1 next=/status.aspx?space=1&author=69385&from=11241301
69385 page=2 fetchUrl=https://acm.timus.ru/status.aspx?space=1&author=69385&from=11241301
69385 page=2 pageSubmissions=10
69385 page=2 submissionsAfterChallengeStart=10
69385 page=2 nextHref=status.aspx?space=1&amp;author=69385&amp;from=11240680
69385 page=2 next=/status.aspx?space=1&author=69385&from=11240680
69385 page=3 fetchUrl=https://acm.timus.ru/status.aspx?space=1&author=69385&from=11240680
69385 page=3 pageSubmissions=10
69385 page=3 submissionsAfterChallengeStart=10
69385 page=3 nextHref=status.aspx?space=1&amp;author=69385&amp;from=11240576
69385 page=3 next=/status.aspx?space=1&author=69385&from=11240576
69385 page=4 fetchUrl=https://acm.timus.ru/status.aspx?space=1&author=69385&from=11240576
69385 page=4 pageSubmissions=10
69385 page=4 submissionsAfterChallengeStart=5
69385 page=4 nextHref=status.aspx?space=1&amp;author=69385&amp;from=9460282
69385 page=4 next=
408257 page=1 fetchUrl=https://acm.timus.ru/status.aspx?space=1&author=408257&count=100&locale=en
408257 page=1 pageSubmissions=81
408257 page=1 submissionsAfterChallengeStart=81
408257 page=1 nextHref=
408257 page=1 next=
408279 page=1 fetchUrl=https://acm.timus.ru/status.aspx?space=1&author=408279&count=100&locale=en
408279 page=1 pageSubmissions=1
408279 page=1 submissionsAfterChallengeStart=1
408279 page=1 nextHref=
408279 page=1 next=
408277 page=1 fetchUrl=https://acm.timus.ru/status.aspx?space=1&author=408277&count=100&locale=en
408277 page=1 pageSubmissions=6
408277 page=1 submissionsAfterChallengeStart=6
408277 page=1 nextHref=
408277 page=1 next=
408280 page=1 fetchUrl=https://acm.timus.ru/status.aspx?space=1&author=408280&count=100&locale=en
408280 page=1 pageSubmissions=26
408280 page=1 submissionsAfterChallengeStart=26
408280 page=1 nextHref=
408280 page=1 next=
408281 page=1 fetchUrl=https://acm.timus.ru/status.aspx?space=1&author=408281&count=100&locale=en
408281 page=1 pageSubmissions=0
408281 page=1 submissionsAfterChallengeStart=0
408281 page=1 nextHref=
408281 page=1 next=
408282 page=1 fetchUrl=https://acm.timus.ru/status.aspx?space=1&author=408282&count=100&locale=en
408282 page=1 pageSubmissions=3
408282 page=1 submissionsAfterChallengeStart=3
408282 page=1 nextHref=
408282 page=1 next=
408283 page=1 fetchUrl=https://acm.timus.ru/status.aspx?space=1&author=408283&count=100&locale=en
408283 page=1 pageSubmissions=51
408283 page=1 submissionsAfterChallengeStart=51
408283 page=1 nextHref=
408283 page=1 next=
408292 page=1 fetchUrl=https://acm.timus.ru/status.aspx?space=1&author=408292&count=100&locale=en
408292 page=1 pageSubmissions=55
408292 page=1 submissionsAfterChallengeStart=55
408292 page=1 nextHref=
408292 page=1 next=
408293 page=1 fetchUrl=https://acm.timus.ru/status.aspx?space=1&author=408293&count=100&locale=en
408293 page=1 pageSubmissions=14
408293 page=1 submissionsAfterChallengeStart=14
408293 page=1 nextHref=
408293 page=1 next=
408296 page=1 fetchUrl=https://acm.timus.ru/status.aspx?space=1&author=408296&count=100&locale=en
408296 page=1 pageSubmissions=32
408296 page=1 submissionsAfterChallengeStart=32
408296 page=1 nextHref=
408296 page=1 next=
408294 page=1 fetchUrl=https://acm.timus.ru/status.aspx?space=1&author=408294&count=100&locale=en
408294 page=1 pageSubmissions=28
408294 page=1 submissionsAfterChallengeStart=28
408294 page=1 nextHref=
408294 page=1 next=
408298 page=1 fetchUrl=https://acm.timus.ru/status.aspx?space=1&author=408298&count=100&locale=en
408298 page=1 pageSubmissions=20
408298 page=1 submissionsAfterChallengeStart=20
408298 page=1 nextHref=
408298 page=1 next=
408303 page=1 fetchUrl=https://acm.timus.ru/status.aspx?space=1&author=408303&count=100&locale=en
408303 page=1 pageSubmissions=91
408303 page=1 submissionsAfterChallengeStart=91
408303 page=1 nextHref=
408303 page=1 next=
408307 page=1 fetchUrl=https://acm.timus.ru/status.aspx?space=1&author=408307&count=100&locale=en
408307 page=1 pageSubmissions=3
408307 page=1 submissionsAfterChallengeStart=3
408307 page=1 nextHref=
408307 page=1 next=
408311 page=1 fetchUrl=https://acm.timus.ru/status.aspx?space=1&author=408311&count=100&locale=en
408311 page=1 pageSubmissions=5
408311 page=1 submissionsAfterChallengeStart=5
408311 page=1 nextHref=
408311 page=1 next=
408323 page=1 fetchUrl=https://acm.timus.ru/status.aspx?space=1&author=408323&count=100&locale=en
408323 page=1 pageSubmissions=21
408323 page=1 submissionsAfterChallengeStart=21
408323 page=1 nextHref=
408323 page=1 next=
408301 page=1 fetchUrl=https://acm.timus.ru/status.aspx?space=1&author=408301&count=100&locale=en
408301 page=1 pageSubmissions=16
408301 page=1 submissionsAfterChallengeStart=16
408301 page=1 nextHref=
408301 page=1 next=
408326 page=1 fetchUrl=https://acm.timus.ru/status.aspx?space=1&author=408326&count=100&locale=en
408326 page=1 pageSubmissions=12
408326 page=1 submissionsAfterChallengeStart=12
408326 page=1 nextHref=
408326 page=1 next=
# 2026-08-30T01:03:50.460Z
69385 page=1 fetchUrl=https://acm.timus.ru/status.aspx?space=1&author=69385&count=100&locale=en
69385 page=1 pageSubmissions=100
69385 page=1 submissionsAfterChallengeStart=100
69385 page=1 nextHref=status.aspx?space=1&amp;author=69385&amp;from=11241301
69385 page=1 next=/status.aspx?space=1&author=69385&from=11241301
69385 page=2 fetchUrl=https://acm.timus.ru/status.aspx?space=1&author=69385&from=11241301
69385 page=2 pageSubmissions=10
69385 page=2 submissionsAfterChallengeStart=10
69385 page=2 nextHref=status.aspx?space=1&amp;author=69385&amp;from=11240680
69385 page=2 next=/status.aspx?space=1&author=69385&from=11240680
69385 page=3 fetchUrl=https://acm.timus.ru/status.aspx?space=1&author=69385&from=11240680
69385 page=3 pageSubmissions=10
69385 page=3 submissionsAfterChallengeStart=10
69385 page=3 nextHref=status.aspx?space=1&amp;author=69385&amp;from=11240576
69385 page=3 next=/status.aspx?space=1&author=69385&from=11240576
69385 page=4 fetchUrl=https://acm.timus.ru/status.aspx?space=1&author=69385&from=11240576
69385 page=4 pageSubmissions=10
69385 page=4 submissionsAfterChallengeStart=5
69385 page=4 nextHref=status.aspx?space=1&amp;author=69385&amp;from=9460282
69385 page=4 next=
408257 page=1 fetchUrl=https://acm.timus.ru/status.aspx?space=1&author=408257&count=100&locale=en
408257 page=1 pageSubmissions=81
408257 page=1 submissionsAfterChallengeStart=81
408257 page=1 nextHref=
408257 page=1 next=
408279 page=1 fetchUrl=https://acm.timus.ru/status.aspx?space=1&author=408279&count=100&locale=en
408279 page=1 pageSubmissions=1
408279 page=1 submissionsAfterChallengeStart=1
408279 page=1 nextHref=
408279 page=1 next=
408277 page=1 fetchUrl=https://acm.timus.ru/status.aspx?space=1&author=408277&count=100&locale=en
408277 page=1 pageSubmissions=6
408277 page=1 submissionsAfterChallengeStart=6
408277 page=1 nextHref=
408277 page=1 next=
408280 page=1 fetchUrl=https://acm.timus.ru/status.aspx?space=1&author=408280&count=100&locale=en
408280 page=1 pageSubmissions=26
408280 page=1 submissionsAfterChallengeStart=26
408280 page=1 nextHref=
408280 page=1 next=
408281 page=1 fetchUrl=https://acm.timus.ru/status.aspx?space=1&author=408281&count=100&locale=en
408281 page=1 pageSubmissions=0
408281 page=1 submissionsAfterChallengeStart=0
408281 page=1 nextHref=
408281 page=1 next=
408282 page=1 fetchUrl=https://acm.timus.ru/status.aspx?space=1&author=408282&count=100&locale=en
408282 page=1 pageSubmissions=3
408282 page=1 submissionsAfterChallengeStart=3
408282 page=1 nextHref=
408282 page=1 next=
408283 page=1 fetchUrl=https://acm.timus.ru/status.aspx?space=1&author=408283&count=100&locale=en
408283 page=1 pageSubmissions=51
408283 page=1 submissionsAfterChallengeStart=51
408283 page=1 nextHref=
408283 page=1 next=
408292 page=1 fetchUrl=https://acm.timus.ru/status.aspx?space=1&author=408292&count=100&locale=en
408292 page=1 pageSubmissions=55
408292 page=1 submissionsAfterChallengeStart=55
408292 page=1 nextHref=
408292 page=1 next=
408293 page=1 fetchUrl=https://acm.timus.ru/status.aspx?space=1&author=408293&count=100&locale=en
408293 page=1 pageSubmissions=14
408293 page=1 submissionsAfterChallengeStart=14
408293 page=1 nextHref=
408293 page=1 next=
408296 page=1 fetchUrl=https://acm.timus.ru/status.aspx?space=1&author=408296&count=100&locale=en
408296 page=1 pageSubmissions=32
408296 page=1 submissionsAfterChallengeStart=32
408296 page=1 nextHref=
408296 page=1 next=
408294 page=1 fetchUrl=https://acm.timus.ru/status.aspx?space=1&author=408294&count=100&locale=en
408294 page=1 pageSubmissions=28
408294 page=1 submissionsAfterChallengeStart=28
408294 page=1 nextHref=
408294 page=1 next=
408298 page=1 fetchUrl=https://acm.timus.ru/status.aspx?space=1&author=408298&count=100&locale=en
408298 page=1 pageSubmissions=20
408298 page=1 submissionsAfterChallengeStart=20
408298 page=1 nextHref=
408298 page=1 next=
408303 page=1 fetchUrl=https://acm.timus.ru/status.aspx?space=1&author=408303&count=100&locale=en
408303 page=1 pageSubmissions=91
408303 page=1 submissionsAfterChallengeStart=91
408303 page=1 nextHref=
408303 page=1 next=
408307 page=1 fetchUrl=https://acm.timus.ru/status.aspx?space=1&author=408307&count=100&locale=en
408307 page=1 pageSubmissions=3
408307 page=1 submissionsAfterChallengeStart=3
408307 page=1 nextHref=
408307 page=1 next=
408311 page=1 fetchUrl=https://acm.timus.ru/status.aspx?space=1&author=408311&count=100&locale=en
408311 page=1 pageSubmissions=5
408311 page=1 submissionsAfterChallengeStart=5
408311 page=1 nextHref=
408311 page=1 next=
408323 page=1 fetchUrl=https://acm.timus.ru/status.aspx?space=1&author=408323&count=100&locale=en
408323 page=1 pageSubmissions=21
408323 page=1 submissionsAfterChallengeStart=21
408323 page=1 nextHref=
408323 page=1 next=
408301 page=1 fetchUrl=https://acm.timus.ru/status.aspx?space=1&author=408301&count=100&locale=en
408301 page=1 pageSubmissions=16
408301 page=1 submissionsAfterChallengeStart=16
408301 page=1 nextHref=
408301 page=1 next=
408326 page=1 fetchUrl=https://acm.timus.ru/status.aspx?space=1&author=408326&count=100&locale=en
408326 page=1 pageSubmissions=12
408326 page=1 submissionsAfterChallengeStart=12
408326 page=1 nextHref=
408326 page=1 next=
# 2026-08-30T01:08:52.658Z
69385 page=1 fetchUrl=https://acm.timus.ru/status.aspx?space=1&author=69385&count=100&locale=en
69385 page=1 pageSubmissions=100
69385 page=1 submissionsAfterChallengeStart=100
69385 page=1 nextHref=status.aspx?space=1&amp;author=69385&amp;from=11241301
69385 page=1 next=/status.aspx?space=1&author=69385&from=11241301
69385 page=2 fetchUrl=https://acm.timus.ru/status.aspx?space=1&author=69385&from=11241301
69385 page=2 pageSubmissions=10
69385 page=2 submissionsAfterChallengeStart=10
69385 page=2 nextHref=status.aspx?space=1&amp;author=69385&amp;from=11240680
69385 page=2 next=/status.aspx?space=1&author=69385&from=11240680
69385 page=3 fetchUrl=https://acm.timus.ru/status.aspx?space=1&author=69385&from=11240680
69385 page=3 pageSubmissions=10
69385 page=3 submissionsAfterChallengeStart=10
69385 page=3 nextHref=status.aspx?space=1&amp;author=69385&amp;from=11240576
69385 page=3 next=/status.aspx?space=1&author=69385&from=11240576
69385 page=4 fetchUrl=https://acm.timus.ru/status.aspx?space=1&author=69385&from=11240576
69385 page=4 pageSubmissions=10
69385 page=4 submissionsAfterChallengeStart=5
69385 page=4 nextHref=status.aspx?space=1&amp;author=69385&amp;from=9460282
69385 page=4 next=
408257 page=1 fetchUrl=https://acm.timus.ru/status.aspx?space=1&author=408257&count=100&locale=en
408257 page=1 pageSubmissions=81
408257 page=1 submissionsAfterChallengeStart=81
408257 page=1 nextHref=
408257 page=1 next=
408279 page=1 fetchUrl=https://acm.timus.ru/status.aspx?space=1&author=408279&count=100&locale=en
408279 page=1 pageSubmissions=1
408279 page=1 submissionsAfterChallengeStart=1
408279 page=1 nextHref=
408279 page=1 next=
408277 page=1 fetchUrl=https://acm.timus.ru/status.aspx?space=1&author=408277&count=100&locale=en
408277 page=1 pageSubmissions=6
408277 page=1 submissionsAfterChallengeStart=6
408277 page=1 nextHref=
408277 page=1 next=
408280 page=1 fetchUrl=https://acm.timus.ru/status.aspx?space=1&author=408280&count=100&locale=en
408280 page=1 pageSubmissions=26
408280 page=1 submissionsAfterChallengeStart=26
408280 page=1 nextHref=
408280 page=1 next=
408281 page=1 fetchUrl=https://acm.timus.ru/status.aspx?space=1&author=408281&count=100&locale=en
408281 page=1 pageSubmissions=0
408281 page=1 submissionsAfterChallengeStart=0
408281 page=1 nextHref=
408281 page=1 next=
408282 page=1 fetchUrl=https://acm.timus.ru/status.aspx?space=1&author=408282&count=100&locale=en
408282 page=1 pageSubmissions=3
408282 page=1 submissionsAfterChallengeStart=3
408282 page=1 nextHref=
408282 page=1 next=
408283 page=1 fetchUrl=https://acm.timus.ru/status.aspx?space=1&author=408283&count=100&locale=en
408283 page=1 pageSubmissions=51
408283 page=1 submissionsAfterChallengeStart=51
408283 page=1 nextHref=
408283 page=1 next=
408292 page=1 fetchUrl=https://acm.timus.ru/status.aspx?space=1&author=408292&count=100&locale=en
408292 page=1 pageSubmissions=55
408292 page=1 submissionsAfterChallengeStart=55
408292 page=1 nextHref=
408292 page=1 next=
408293 page=1 fetchUrl=https://acm.timus.ru/status.aspx?space=1&author=408293&count=100&locale=en
408293 page=1 pageSubmissions=14
408293 page=1 submissionsAfterChallengeStart=14
408293 page=1 nextHref=
408293 page=1 next=
408296 page=1 fetchUrl=https://acm.timus.ru/status.aspx?space=1&author=408296&count=100&locale=en
408296 page=1 pageSubmissions=32
408296 page=1 submissionsAfterChallengeStart=32
408296 page=1 nextHref=
408296 page=1 next=
408294 page=1 fetchUrl=https://acm.timus.ru/status.aspx?space=1&author=408294&count=100&locale=en
408294 page=1 pageSubmissions=28
408294 page=1 submissionsAfterChallengeStart=28
408294 page=1 nextHref=
408294 page=1 next=
408298 page=1 fetchUrl=https://acm.timus.ru/status.aspx?space=1&author=408298&count=100&locale=en
408298 page=1 pageSubmissions=20
408298 page=1 submissionsAfterChallengeStart=20
408298 page=1 nextHref=
408298 page=1 next=
408303 page=1 fetchUrl=https://acm.timus.ru/status.aspx?space=1&author=408303&count=100&locale=en
408303 page=1 pageSubmissions=91
408303 page=1 submissionsAfterChallengeStart=91
408303 page=1 nextHref=
408303 page=1 next=
408307 page=1 fetchUrl=https://acm.timus.ru/status.aspx?space=1&author=408307&count=100&locale=en
408307 page=1 pageSubmissions=3
408307 page=1 submissionsAfterChallengeStart=3
408307 page=1 nextHref=
408307 page=1 next=
408311 page=1 fetchUrl=https://acm.timus.ru/status.aspx?space=1&author=408311&count=100&locale=en
408311 page=1 pageSubmissions=5
408311 page=1 submissionsAfterChallengeStart=5
408311 page=1 nextHref=
408311 page=1 next=
408323 page=1 fetchUrl=https://acm.timus.ru/status.aspx?space=1&author=408323&count=100&locale=en
408323 page=1 pageSubmissions=21
408323 page=1 submissionsAfterChallengeStart=21
408323 page=1 nextHref=
408323 page=1 next=
408301 page=1 fetchUrl=https://acm.timus.ru/status.aspx?space=1&author=408301&count=100&locale=en
408301 page=1 pageSubmissions=16
408301 page=1 submissionsAfterChallengeStart=16
408301 page=1 nextHref=
408301 page=1 next=
408326 page=1 fetchUrl=https://acm.timus.ru/status.aspx?space=1&author=408326&count=100&locale=en
408326 page=1 pageSubmissions=12
408326 page=1 submissionsAfterChallengeStart=12
408326 page=1 nextHref=
408326 page=1 next=
# 2026-08-30T01:13:56.765Z
69385 page=1 fetchUrl=https://acm.timus.ru/status.aspx?space=1&author=69385&count=100&locale=en
69385 page=1 pageSubmissions=100
69385 page=1 submissionsAfterChallengeStart=100
69385 page=1 nextHref=status.aspx?space=1&amp;author=69385&amp;from=11241301
69385 page=1 next=/status.aspx?space=1&author=69385&from=11241301
69385 page=2 fetchUrl=https://acm.timus.ru/status.aspx?space=1&author=69385&from=11241301
69385 page=2 pageSubmissions=10
69385 page=2 submissionsAfterChallengeStart=10
69385 page=2 nextHref=status.aspx?space=1&amp;author=69385&amp;from=11240680
69385 page=2 next=/status.aspx?space=1&author=69385&from=11240680
69385 page=3 fetchUrl=https://acm.timus.ru/status.aspx?space=1&author=69385&from=11240680
69385 page=3 pageSubmissions=10
69385 page=3 submissionsAfterChallengeStart=10
69385 page=3 nextHref=status.aspx?space=1&amp;author=69385&amp;from=11240576
69385 page=3 next=/status.aspx?space=1&author=69385&from=11240576
69385 page=4 fetchUrl=https://acm.timus.ru/status.aspx?space=1&author=69385&from=11240576
69385 page=4 pageSubmissions=10
69385 page=4 submissionsAfterChallengeStart=5
69385 page=4 nextHref=status.aspx?space=1&amp;author=69385&amp;from=9460282
69385 page=4 next=
408257 page=1 fetchUrl=https://acm.timus.ru/status.aspx?space=1&author=408257&count=100&locale=en
408257 page=1 pageSubmissions=81
408257 page=1 submissionsAfterChallengeStart=81
408257 page=1 nextHref=
408257 page=1 next=
408279 page=1 fetchUrl=https://acm.timus.ru/status.aspx?space=1&author=408279&count=100&locale=en
408279 page=1 pageSubmissions=1
408279 page=1 submissionsAfterChallengeStart=1
408279 page=1 nextHref=
408279 page=1 next=
408277 page=1 fetchUrl=https://acm.timus.ru/status.aspx?space=1&author=408277&count=100&locale=en
408277 page=1 pageSubmissions=6
408277 page=1 submissionsAfterChallengeStart=6
408277 page=1 nextHref=
408277 page=1 next=
408280 page=1 fetchUrl=https://acm.timus.ru/status.aspx?space=1&author=408280&count=100&locale=en
408280 page=1 pageSubmissions=26
408280 page=1 submissionsAfterChallengeStart=26
408280 page=1 nextHref=
408280 page=1 next=
408281 page=1 fetchUrl=https://acm.timus.ru/status.aspx?space=1&author=408281&count=100&locale=en
408281 page=1 pageSubmissions=0
408281 page=1 submissionsAfterChallengeStart=0
408281 page=1 nextHref=
408281 page=1 next=
408282 page=1 fetchUrl=https://acm.timus.ru/status.aspx?space=1&author=408282&count=100&locale=en
408282 page=1 pageSubmissions=3
408282 page=1 submissionsAfterChallengeStart=3
408282 page=1 nextHref=
408282 page=1 next=
408283 page=1 fetchUrl=https://acm.timus.ru/status.aspx?space=1&author=408283&count=100&locale=en
408283 page=1 pageSubmissions=51
408283 page=1 submissionsAfterChallengeStart=51
408283 page=1 nextHref=
408283 page=1 next=
408292 page=1 fetchUrl=https://acm.timus.ru/status.aspx?space=1&author=408292&count=100&locale=en
408292 page=1 pageSubmissions=55
408292 page=1 submissionsAfterChallengeStart=55
408292 page=1 nextHref=
408292 page=1 next=
408293 page=1 fetchUrl=https://acm.timus.ru/status.aspx?space=1&author=408293&count=100&locale=en
408293 page=1 pageSubmissions=14
408293 page=1 submissionsAfterChallengeStart=14
408293 page=1 nextHref=
408293 page=1 next=
408296 page=1 fetchUrl=https://acm.timus.ru/status.aspx?space=1&author=408296&count=100&locale=en
408296 page=1 pageSubmissions=32
408296 page=1 submissionsAfterChallengeStart=32
408296 page=1 nextHref=
408296 page=1 next=
408294 page=1 fetchUrl=https://acm.timus.ru/status.aspx?space=1&author=408294&count=100&locale=en
408294 page=1 pageSubmissions=28
408294 page=1 submissionsAfterChallengeStart=28
408294 page=1 nextHref=
408294 page=1 next=
408298 page=1 fetchUrl=https://acm.timus.ru/status.aspx?space=1&author=408298&count=100&locale=en
408298 page=1 pageSubmissions=20
408298 page=1 submissionsAfterChallengeStart=20
408298 page=1 nextHref=
408298 page=1 next=
408303 page=1 fetchUrl=https://acm.timus.ru/status.aspx?space=1&author=408303&count=100&locale=en
408303 page=1 pageSubmissions=91
408303 page=1 submissionsAfterChallengeStart=91
408303 page=1 nextHref=
408303 page=1 next=
408307 page=1 fetchUrl=https://acm.timus.ru/status.aspx?space=1&author=408307&count=100&locale=en
408307 page=1 pageSubmissions=3
408307 page=1 submissionsAfterChallengeStart=3
408307 page=1 nextHref=
408307 page=1 next=
408311 page=1 fetchUrl=https://acm.timus.ru/status.aspx?space=1&author=408311&count=100&locale=en
408311 page=1 pageSubmissions=5
408311 page=1 submissionsAfterChallengeStart=5
408311 page=1 nextHref=
408311 page=1 next=
408323 page=1 fetchUrl=https://acm.timus.ru/status.aspx?space=1&author=408323&count=100&locale=en
408323 page=1 pageSubmissions=21
408323 page=1 submissionsAfterChallengeStart=21
408323 page=1 nextHref=
408323 page=1 next=
408301 page=1 fetchUrl=https://acm.timus.ru/status.aspx?space=1&author=408301&count=100&locale=en
408301 page=1 pageSubmissions=16
408301 page=1 submissionsAfterChallengeStart=16
408301 page=1 nextHref=
408301 page=1 next=
408326 page=1 fetchUrl=https://acm.timus.ru/status.aspx?space=1&author=408326&count=100&locale=en
408326 page=1 pageSubmissions=12
408326 page=1 submissionsAfterChallengeStart=12
408326 page=1 nextHref=
408326 page=1 next=
# 2026-08-30T01:17:20.225Z
69385 page=1 fetchUrl=https://acm.timus.ru/status.aspx?space=1&author=69385&count=100&locale=en
69385 page=1 pageSubmissions=100
69385 page=1 submissionsAfterChallengeStart=100
69385 page=1 nextHref=status.aspx?space=1&amp;author=69385&amp;from=11241301
69385 page=1 next=/status.aspx?space=1&author=69385&from=11241301
69385 page=2 fetchUrl=https://acm.timus.ru/status.aspx?space=1&author=69385&from=11241301
69385 page=2 pageSubmissions=10
69385 page=2 submissionsAfterChallengeStart=10
69385 page=2 nextHref=status.aspx?space=1&amp;author=69385&amp;from=11240680
69385 page=2 next=/status.aspx?space=1&author=69385&from=11240680
69385 page=3 fetchUrl=https://acm.timus.ru/status.aspx?space=1&author=69385&from=11240680
69385 page=3 pageSubmissions=10
69385 page=3 submissionsAfterChallengeStart=10
69385 page=3 nextHref=status.aspx?space=1&amp;author=69385&amp;from=11240576
69385 page=3 next=/status.aspx?space=1&author=69385&from=11240576
69385 page=4 fetchUrl=https://acm.timus.ru/status.aspx?space=1&author=69385&from=11240576
69385 page=4 pageSubmissions=10
69385 page=4 submissionsAfterChallengeStart=5
69385 page=4 nextHref=status.aspx?space=1&amp;author=69385&amp;from=9460282
69385 page=4 next=
408257 page=1 fetchUrl=https://acm.timus.ru/status.aspx?space=1&author=408257&count=100&locale=en
408257 page=1 pageSubmissions=81
408257 page=1 submissionsAfterChallengeStart=81
408257 page=1 nextHref=
408257 page=1 next=
408279 page=1 fetchUrl=https://acm.timus.ru/status.aspx?space=1&author=408279&count=100&locale=en
408279 page=1 pageSubmissions=1
408279 page=1 submissionsAfterChallengeStart=1
408279 page=1 nextHref=
408279 page=1 next=
408277 page=1 fetchUrl=https://acm.timus.ru/status.aspx?space=1&author=408277&count=100&locale=en
408277 page=1 pageSubmissions=6
408277 page=1 submissionsAfterChallengeStart=6
408277 page=1 nextHref=
408277 page=1 next=
408280 page=1 fetchUrl=https://acm.timus.ru/status.aspx?space=1&author=408280&count=100&locale=en
408280 page=1 pageSubmissions=26
408280 page=1 submissionsAfterChallengeStart=26
408280 page=1 nextHref=
408280 page=1 next=
408281 page=1 fetchUrl=https://acm.timus.ru/status.aspx?space=1&author=408281&count=100&locale=en
408281 page=1 pageSubmissions=0
408281 page=1 submissionsAfterChallengeStart=0
408281 page=1 nextHref=
408281 page=1 next=
408282 page=1 fetchUrl=https://acm.timus.ru/status.aspx?space=1&author=408282&count=100&locale=en
408282 page=1 pageSubmissions=3
408282 page=1 submissionsAfterChallengeStart=3
408282 page=1 nextHref=
408282 page=1 next=
408283 page=1 fetchUrl=https://acm.timus.ru/status.aspx?space=1&author=408283&count=100&locale=en
408283 page=1 pageSubmissions=51
408283 page=1 submissionsAfterChallengeStart=51
408283 page=1 nextHref=
408283 page=1 next=
408292 page=1 fetchUrl=https://acm.timus.ru/status.aspx?space=1&author=408292&count=100&locale=en
408292 page=1 pageSubmissions=55
408292 page=1 submissionsAfterChallengeStart=55
408292 page=1 nextHref=
408292 page=1 next=
408293 page=1 fetchUrl=https://acm.timus.ru/status.aspx?space=1&author=408293&count=100&locale=en
408293 page=1 pageSubmissions=14
408293 page=1 submissionsAfterChallengeStart=14
408293 page=1 nextHref=
408293 page=1 next=
408296 page=1 fetchUrl=https://acm.timus.ru/status.aspx?space=1&author=408296&count=100&locale=en
408296 page=1 pageSubmissions=32
408296 page=1 submissionsAfterChallengeStart=32
408296 page=1 nextHref=
408296 page=1 next=
408294 page=1 fetchUrl=https://acm.timus.ru/status.aspx?space=1&author=408294&count=100&locale=en
408294 page=1 pageSubmissions=28
408294 page=1 submissionsAfterChallengeStart=28
408294 page=1 nextHref=
408294 page=1 next=
408298 page=1 fetchUrl=https://acm.timus.ru/status.aspx?space=1&author=408298&count=100&locale=en
408298 page=1 pageSubmissions=20
408298 page=1 submissionsAfterChallengeStart=20
408298 page=1 nextHref=
408298 page=1 next=
408303 page=1 fetchUrl=https://acm.timus.ru/status.aspx?space=1&author=408303&count=100&locale=en
408303 page=1 pageSubmissions=91
408303 page=1 submissionsAfterChallengeStart=91
408303 page=1 nextHref=
408303 page=1 next=
408307 page=1 fetchUrl=https://acm.timus.ru/status.aspx?space=1&author=408307&count=100&locale=en
408307 page=1 pageSubmissions=3
408307 page=1 submissionsAfterChallengeStart=3
408307 page=1 nextHref=
408307 page=1 next=
408311 page=1 fetchUrl=https://acm.timus.ru/status.aspx?space=1&author=408311&count=100&locale=en
408311 page=1 pageSubmissions=5
408311 page=1 submissionsAfterChallengeStart=5
408311 page=1 nextHref=
408311 page=1 next=
408323 page=1 fetchUrl=https://acm.timus.ru/status.aspx?space=1&author=408323&count=100&locale=en
408323 page=1 pageSubmissions=21
408323 page=1 submissionsAfterChallengeStart=21
408323 page=1 nextHref=
408323 page=1 next=
408301 page=1 fetchUrl=https://acm.timus.ru/status.aspx?space=1&author=408301&count=100&locale=en
408301 page=1 pageSubmissions=16
408301 page=1 submissionsAfterChallengeStart=16
408301 page=1 nextHref=
408301 page=1 next=
408326 page=1 fetchUrl=https://acm.timus.ru/status.aspx?space=1&author=408326&count=100&locale=en
408326 page=1 pageSubmissions=12
408326 page=1 submissionsAfterChallengeStart=12
408326 page=1 nextHref=
408326 page=1 next=
# 2026-08-30T01:18:49.041Z
69385 page=1 fetchUrl=https://acm.timus.ru/status.aspx?space=1&author=69385&count=100&locale=en
69385 page=1 pageSubmissions=100
69385 page=1 submissionsAfterChallengeStart=100
69385 page=1 nextHref=status.aspx?space=1&amp;author=69385&amp;from=11241301
69385 page=1 next=/status.aspx?space=1&author=69385&from=11241301
69385 page=2 fetchUrl=https://acm.timus.ru/status.aspx?space=1&author=69385&from=11241301
69385 page=2 pageSubmissions=10
69385 page=2 submissionsAfterChallengeStart=10
69385 page=2 nextHref=status.aspx?space=1&amp;author=69385&amp;from=11240680
69385 page=2 next=/status.aspx?space=1&author=69385&from=11240680
69385 page=3 fetchUrl=https://acm.timus.ru/status.aspx?space=1&author=69385&from=11240680
69385 page=3 pageSubmissions=10
69385 page=3 submissionsAfterChallengeStart=10
69385 page=3 nextHref=status.aspx?space=1&amp;author=69385&amp;from=11240576
69385 page=3 next=/status.aspx?space=1&author=69385&from=11240576
69385 page=4 fetchUrl=https://acm.timus.ru/status.aspx?space=1&author=69385&from=11240576
69385 page=4 pageSubmissions=10
69385 page=4 submissionsAfterChallengeStart=5
69385 page=4 nextHref=status.aspx?space=1&amp;author=69385&amp;from=9460282
69385 page=4 next=
408257 page=1 fetchUrl=https://acm.timus.ru/status.aspx?space=1&author=408257&count=100&locale=en
408257 page=1 pageSubmissions=81
408257 page=1 submissionsAfterChallengeStart=81
408257 page=1 nextHref=
408257 page=1 next=
408279 page=1 fetchUrl=https://acm.timus.ru/status.aspx?space=1&author=408279&count=100&locale=en
408279 page=1 pageSubmissions=1
408279 page=1 submissionsAfterChallengeStart=1
408279 page=1 nextHref=
408279 page=1 next=
408277 page=1 fetchUrl=https://acm.timus.ru/status.aspx?space=1&author=408277&count=100&locale=en
408277 page=1 pageSubmissions=6
408277 page=1 submissionsAfterChallengeStart=6
408277 page=1 nextHref=
408277 page=1 next=
408280 page=1 fetchUrl=https://acm.timus.ru/status.aspx?space=1&author=408280&count=100&locale=en
408280 page=1 pageSubmissions=26
408280 page=1 submissionsAfterChallengeStart=26
408280 page=1 nextHref=
408280 page=1 next=
408281 page=1 fetchUrl=https://acm.timus.ru/status.aspx?space=1&author=408281&count=100&locale=en
408281 page=1 pageSubmissions=0
408281 page=1 submissionsAfterChallengeStart=0
408281 page=1 nextHref=
408281 page=1 next=
408282 page=1 fetchUrl=https://acm.timus.ru/status.aspx?space=1&author=408282&count=100&locale=en
408282 page=1 pageSubmissions=3
408282 page=1 submissionsAfterChallengeStart=3
408282 page=1 nextHref=
408282 page=1 next=
408283 page=1 fetchUrl=https://acm.timus.ru/status.aspx?space=1&author=408283&count=100&locale=en
408283 page=1 pageSubmissions=51
408283 page=1 submissionsAfterChallengeStart=51
408283 page=1 nextHref=
408283 page=1 next=
408292 page=1 fetchUrl=https://acm.timus.ru/status.aspx?space=1&author=408292&count=100&locale=en
408292 page=1 pageSubmissions=55
408292 page=1 submissionsAfterChallengeStart=55
408292 page=1 nextHref=
408292 page=1 next=
408293 page=1 fetchUrl=https://acm.timus.ru/status.aspx?space=1&author=408293&count=100&locale=en
408293 page=1 pageSubmissions=14
408293 page=1 submissionsAfterChallengeStart=14
408293 page=1 nextHref=
408293 page=1 next=
408296 page=1 fetchUrl=https://acm.timus.ru/status.aspx?space=1&author=408296&count=100&locale=en
408296 page=1 pageSubmissions=32
408296 page=1 submissionsAfterChallengeStart=32
408296 page=1 nextHref=
408296 page=1 next=
408294 page=1 fetchUrl=https://acm.timus.ru/status.aspx?space=1&author=408294&count=100&locale=en
408294 page=1 pageSubmissions=28
408294 page=1 submissionsAfterChallengeStart=28
408294 page=1 nextHref=
408294 page=1 next=
408298 page=1 fetchUrl=https://acm.timus.ru/status.aspx?space=1&author=408298&count=100&locale=en
408298 page=1 pageSubmissions=20
408298 page=1 submissionsAfterChallengeStart=20
408298 page=1 nextHref=
408298 page=1 next=
408303 page=1 fetchUrl=https://acm.timus.ru/status.aspx?space=1&author=408303&count=100&locale=en
408303 page=1 pageSubmissions=91
408303 page=1 submissionsAfterChallengeStart=91
408303 page=1 nextHref=
408303 page=1 next=
408307 page=1 fetchUrl=https://acm.timus.ru/status.aspx?space=1&author=408307&count=100&locale=en
408307 page=1 pageSubmissions=3
408307 page=1 submissionsAfterChallengeStart=3
408307 page=1 nextHref=
408307 page=1 next=
408311 page=1 fetchUrl=https://acm.timus.ru/status.aspx?space=1&author=408311&count=100&locale=en
408311 page=1 pageSubmissions=5
408311 page=1 submissionsAfterChallengeStart=5
408311 page=1 nextHref=
408311 page=1 next=
408323 page=1 fetchUrl=https://acm.timus.ru/status.aspx?space=1&author=408323&count=100&locale=en
408323 page=1 pageSubmissions=21
408323 page=1 submissionsAfterChallengeStart=21
408323 page=1 nextHref=
408323 page=1 next=
408301 page=1 fetchUrl=https://acm.timus.ru/status.aspx?space=1&author=408301&count=100&locale=en
408301 page=1 pageSubmissions=16
408301 page=1 submissionsAfterChallengeStart=16
408301 page=1 nextHref=
408301 page=1 next=
408326 page=1 fetchUrl=https://acm.timus.ru/status.aspx?space=1&author=408326&count=100&locale=en
408326 page=1 pageSubmissions=12
408326 page=1 submissionsAfterChallengeStart=12
408326 page=1 nextHref=
408326 page=1 next=
# 2026-08-30T01:23:51.413Z
69385 page=1 fetchUrl=https://acm.timus.ru/status.aspx?space=1&author=69385&count=100&locale=en
69385 page=1 pageSubmissions=100
69385 page=1 submissionsAfterChallengeStart=100
69385 page=1 nextHref=status.aspx?space=1&amp;author=69385&amp;from=11241301
69385 page=1 next=/status.aspx?space=1&author=69385&from=11241301
69385 page=2 fetchUrl=https://acm.timus.ru/status.aspx?space=1&author=69385&from=11241301
69385 page=2 pageSubmissions=10
69385 page=2 submissionsAfterChallengeStart=10
69385 page=2 nextHref=status.aspx?space=1&amp;author=69385&amp;from=11240680
69385 page=2 next=/status.aspx?space=1&author=69385&from=11240680
69385 page=3 fetchUrl=https://acm.timus.ru/status.aspx?space=1&author=69385&from=11240680
69385 page=3 pageSubmissions=10
69385 page=3 submissionsAfterChallengeStart=10
69385 page=3 nextHref=status.aspx?space=1&amp;author=69385&amp;from=11240576
69385 page=3 next=/status.aspx?space=1&author=69385&from=11240576
69385 page=4 fetchUrl=https://acm.timus.ru/status.aspx?space=1&author=69385&from=11240576
69385 page=4 pageSubmissions=10
69385 page=4 submissionsAfterChallengeStart=5
69385 page=4 nextHref=status.aspx?space=1&amp;author=69385&amp;from=9460282
69385 page=4 next=
408257 page=1 fetchUrl=https://acm.timus.ru/status.aspx?space=1&author=408257&count=100&locale=en
408257 page=1 pageSubmissions=81
408257 page=1 submissionsAfterChallengeStart=81
408257 page=1 nextHref=
408257 page=1 next=
408279 page=1 fetchUrl=https://acm.timus.ru/status.aspx?space=1&author=408279&count=100&locale=en
408279 page=1 pageSubmissions=1
408279 page=1 submissionsAfterChallengeStart=1
408279 page=1 nextHref=
408279 page=1 next=
408277 page=1 fetchUrl=https://acm.timus.ru/status.aspx?space=1&author=408277&count=100&locale=en
408277 page=1 pageSubmissions=6
408277 page=1 submissionsAfterChallengeStart=6
408277 page=1 nextHref=
408277 page=1 next=
408280 page=1 fetchUrl=https://acm.timus.ru/status.aspx?space=1&author=408280&count=100&locale=en
408280 page=1 pageSubmissions=26
408280 page=1 submissionsAfterChallengeStart=26
408280 page=1 nextHref=
408280 page=1 next=
408281 page=1 fetchUrl=https://acm.timus.ru/status.aspx?space=1&author=408281&count=100&locale=en
408281 page=1 pageSubmissions=0
408281 page=1 submissionsAfterChallengeStart=0
408281 page=1 nextHref=
408281 page=1 next=
408282 page=1 fetchUrl=https://acm.timus.ru/status.aspx?space=1&author=408282&count=100&locale=en
408282 page=1 pageSubmissions=3
408282 page=1 submissionsAfterChallengeStart=3
408282 page=1 nextHref=
408282 page=1 next=
408283 page=1 fetchUrl=https://acm.timus.ru/status.aspx?space=1&author=408283&count=100&locale=en
408283 page=1 pageSubmissions=51
408283 page=1 submissionsAfterChallengeStart=51
408283 page=1 nextHref=
408283 page=1 next=
408292 page=1 fetchUrl=https://acm.timus.ru/status.aspx?space=1&author=408292&count=100&locale=en
408292 page=1 pageSubmissions=55
408292 page=1 submissionsAfterChallengeStart=55
408292 page=1 nextHref=
408292 page=1 next=
408293 page=1 fetchUrl=https://acm.timus.ru/status.aspx?space=1&author=408293&count=100&locale=en
408293 page=1 pageSubmissions=14
408293 page=1 submissionsAfterChallengeStart=14
408293 page=1 nextHref=
408293 page=1 next=
408296 page=1 fetchUrl=https://acm.timus.ru/status.aspx?space=1&author=408296&count=100&locale=en
408296 page=1 pageSubmissions=32
408296 page=1 submissionsAfterChallengeStart=32
408296 page=1 nextHref=
408296 page=1 next=
408294 page=1 fetchUrl=https://acm.timus.ru/status.aspx?space=1&author=408294&count=100&locale=en
408294 page=1 pageSubmissions=28
408294 page=1 submissionsAfterChallengeStart=28
408294 page=1 nextHref=
408294 page=1 next=
408298 page=1 fetchUrl=https://acm.timus.ru/status.aspx?space=1&author=408298&count=100&locale=en
408298 page=1 pageSubmissions=20
408298 page=1 submissionsAfterChallengeStart=20
408298 page=1 nextHref=
408298 page=1 next=
408303 page=1 fetchUrl=https://acm.timus.ru/status.aspx?space=1&author=408303&count=100&locale=en
408303 page=1 pageSubmissions=91
408303 page=1 submissionsAfterChallengeStart=91
408303 page=1 nextHref=
408303 page=1 next=
408307 page=1 fetchUrl=https://acm.timus.ru/status.aspx?space=1&author=408307&count=100&locale=en
408307 page=1 pageSubmissions=3
408307 page=1 submissionsAfterChallengeStart=3
408307 page=1 nextHref=
408307 page=1 next=
408311 page=1 fetchUrl=https://acm.timus.ru/status.aspx?space=1&author=408311&count=100&locale=en
408311 page=1 pageSubmissions=5
408311 page=1 submissionsAfterChallengeStart=5
408311 page=1 nextHref=
408311 page=1 next=
408323 page=1 fetchUrl=https://acm.timus.ru/status.aspx?space=1&author=408323&count=100&locale=en
408323 page=1 pageSubmissions=21
408323 page=1 submissionsAfterChallengeStart=21
408323 page=1 nextHref=
408323 page=1 next=
408301 page=1 fetchUrl=https://acm.timus.ru/status.aspx?space=1&author=408301&count=100&locale=en
408301 page=1 pageSubmissions=16
408301 page=1 submissionsAfterChallengeStart=16
408301 page=1 nextHref=
408301 page=1 next=
408326 page=1 fetchUrl=https://acm.timus.ru/status.aspx?space=1&author=408326&count=100&locale=en
408326 page=1 pageSubmissions=12
408326 page=1 submissionsAfterChallengeStart=12
408326 page=1 nextHref=
408326 page=1 next=
# 2026-08-30T01:28:52.104Z
69385 page=1 fetchUrl=https://acm.timus.ru/status.aspx?space=1&author=69385&count=100&locale=en
69385 page=1 pageSubmissions=100
69385 page=1 submissionsAfterChallengeStart=100
69385 page=1 nextHref=status.aspx?space=1&amp;author=69385&amp;from=11241301
69385 page=1 next=/status.aspx?space=1&author=69385&from=11241301
69385 page=2 fetchUrl=https://acm.timus.ru/status.aspx?space=1&author=69385&from=11241301
69385 page=2 pageSubmissions=10
69385 page=2 submissionsAfterChallengeStart=10
69385 page=2 nextHref=status.aspx?space=1&amp;author=69385&amp;from=11240680
69385 page=2 next=/status.aspx?space=1&author=69385&from=11240680
69385 page=3 fetchUrl=https://acm.timus.ru/status.aspx?space=1&author=69385&from=11240680
69385 page=3 pageSubmissions=10
69385 page=3 submissionsAfterChallengeStart=10
69385 page=3 nextHref=status.aspx?space=1&amp;author=69385&amp;from=11240576
69385 page=3 next=/status.aspx?space=1&author=69385&from=11240576
69385 page=4 fetchUrl=https://acm.timus.ru/status.aspx?space=1&author=69385&from=11240576
69385 page=4 pageSubmissions=10
69385 page=4 submissionsAfterChallengeStart=5
69385 page=4 nextHref=status.aspx?space=1&amp;author=69385&amp;from=9460282
69385 page=4 next=
408257 page=1 fetchUrl=https://acm.timus.ru/status.aspx?space=1&author=408257&count=100&locale=en
408257 page=1 pageSubmissions=81
408257 page=1 submissionsAfterChallengeStart=81
408257 page=1 nextHref=
408257 page=1 next=
408279 page=1 fetchUrl=https://acm.timus.ru/status.aspx?space=1&author=408279&count=100&locale=en
408279 page=1 pageSubmissions=1
408279 page=1 submissionsAfterChallengeStart=1
408279 page=1 nextHref=
408279 page=1 next=
408277 page=1 fetchUrl=https://acm.timus.ru/status.aspx?space=1&author=408277&count=100&locale=en
408277 page=1 pageSubmissions=6
408277 page=1 submissionsAfterChallengeStart=6
408277 page=1 nextHref=
408277 page=1 next=
408280 page=1 fetchUrl=https://acm.timus.ru/status.aspx?space=1&author=408280&count=100&locale=en
408280 page=1 pageSubmissions=26
408280 page=1 submissionsAfterChallengeStart=26
408280 page=1 nextHref=
408280 page=1 next=
408281 page=1 fetchUrl=https://acm.timus.ru/status.aspx?space=1&author=408281&count=100&locale=en
408281 page=1 pageSubmissions=0
408281 page=1 submissionsAfterChallengeStart=0
408281 page=1 nextHref=
408281 page=1 next=
408282 page=1 fetchUrl=https://acm.timus.ru/status.aspx?space=1&author=408282&count=100&locale=en
408282 page=1 pageSubmissions=3
408282 page=1 submissionsAfterChallengeStart=3
408282 page=1 nextHref=
408282 page=1 next=
408283 page=1 fetchUrl=https://acm.timus.ru/status.aspx?space=1&author=408283&count=100&locale=en
408283 page=1 pageSubmissions=51
408283 page=1 submissionsAfterChallengeStart=51
408283 page=1 nextHref=
408283 page=1 next=
408292 page=1 fetchUrl=https://acm.timus.ru/status.aspx?space=1&author=408292&count=100&locale=en
408292 page=1 pageSubmissions=55
408292 page=1 submissionsAfterChallengeStart=55
408292 page=1 nextHref=
408292 page=1 next=
408293 page=1 fetchUrl=https://acm.timus.ru/status.aspx?space=1&author=408293&count=100&locale=en
408293 page=1 pageSubmissions=14
408293 page=1 submissionsAfterChallengeStart=14
408293 page=1 nextHref=
408293 page=1 next=
408296 page=1 fetchUrl=https://acm.timus.ru/status.aspx?space=1&author=408296&count=100&locale=en
408296 page=1 pageSubmissions=32
408296 page=1 submissionsAfterChallengeStart=32
408296 page=1 nextHref=
408296 page=1 next=
408294 page=1 fetchUrl=https://acm.timus.ru/status.aspx?space=1&author=408294&count=100&locale=en
408294 page=1 pageSubmissions=28
408294 page=1 submissionsAfterChallengeStart=28
408294 page=1 nextHref=
408294 page=1 next=
408298 page=1 fetchUrl=https://acm.timus.ru/status.aspx?space=1&author=408298&count=100&locale=en
408298 page=1 pageSubmissions=20
408298 page=1 submissionsAfterChallengeStart=20
408298 page=1 nextHref=
408298 page=1 next=
408303 page=1 fetchUrl=https://acm.timus.ru/status.aspx?space=1&author=408303&count=100&locale=en
408303 page=1 pageSubmissions=91
408303 page=1 submissionsAfterChallengeStart=91
408303 page=1 nextHref=
408303 page=1 next=
408307 page=1 fetchUrl=https://acm.timus.ru/status.aspx?space=1&author=408307&count=100&locale=en
408307 page=1 pageSubmissions=3
408307 page=1 submissionsAfterChallengeStart=3
408307 page=1 nextHref=
408307 page=1 next=
408311 page=1 fetchUrl=https://acm.timus.ru/status.aspx?space=1&author=408311&count=100&locale=en
408311 page=1 pageSubmissions=5
408311 page=1 submissionsAfterChallengeStart=5
408311 page=1 nextHref=
408311 page=1 next=
408323 page=1 fetchUrl=https://acm.timus.ru/status.aspx?space=1&author=408323&count=100&locale=en
408323 page=1 pageSubmissions=21
408323 page=1 submissionsAfterChallengeStart=21
408323 page=1 nextHref=
408323 page=1 next=
408301 page=1 fetchUrl=https://acm.timus.ru/status.aspx?space=1&author=408301&count=100&locale=en
408301 page=1 pageSubmissions=16
408301 page=1 submissionsAfterChallengeStart=16
408301 page=1 nextHref=
408301 page=1 next=
408326 page=1 fetchUrl=https://acm.timus.ru/status.aspx?space=1&author=408326&count=100&locale=en
408326 page=1 pageSubmissions=12
408326 page=1 submissionsAfterChallengeStart=12
408326 page=1 nextHref=
408326 page=1 next=
# 2026-08-30T01:33:53.097Z
69385 page=1 fetchUrl=https://acm.timus.ru/status.aspx?space=1&author=69385&count=100&locale=en
69385 page=1 pageSubmissions=100
69385 page=1 submissionsAfterChallengeStart=100
69385 page=1 nextHref=status.aspx?space=1&amp;author=69385&amp;from=11241301
69385 page=1 next=/status.aspx?space=1&author=69385&from=11241301
69385 page=2 fetchUrl=https://acm.timus.ru/status.aspx?space=1&author=69385&from=11241301
69385 page=2 pageSubmissions=10
69385 page=2 submissionsAfterChallengeStart=10
69385 page=2 nextHref=status.aspx?space=1&amp;author=69385&amp;from=11240680
69385 page=2 next=/status.aspx?space=1&author=69385&from=11240680
69385 page=3 fetchUrl=https://acm.timus.ru/status.aspx?space=1&author=69385&from=11240680
69385 page=3 pageSubmissions=10
69385 page=3 submissionsAfterChallengeStart=10
69385 page=3 nextHref=status.aspx?space=1&amp;author=69385&amp;from=11240576
69385 page=3 next=/status.aspx?space=1&author=69385&from=11240576
69385 page=4 fetchUrl=https://acm.timus.ru/status.aspx?space=1&author=69385&from=11240576
69385 page=4 pageSubmissions=10
69385 page=4 submissionsAfterChallengeStart=5
69385 page=4 nextHref=status.aspx?space=1&amp;author=69385&amp;from=9460282
69385 page=4 next=
408257 page=1 fetchUrl=https://acm.timus.ru/status.aspx?space=1&author=408257&count=100&locale=en
408257 page=1 pageSubmissions=81
408257 page=1 submissionsAfterChallengeStart=81
408257 page=1 nextHref=
408257 page=1 next=
408279 page=1 fetchUrl=https://acm.timus.ru/status.aspx?space=1&author=408279&count=100&locale=en
408279 page=1 pageSubmissions=1
408279 page=1 submissionsAfterChallengeStart=1
408279 page=1 nextHref=
408279 page=1 next=
408277 page=1 fetchUrl=https://acm.timus.ru/status.aspx?space=1&author=408277&count=100&locale=en
408277 page=1 pageSubmissions=6
408277 page=1 submissionsAfterChallengeStart=6
408277 page=1 nextHref=
408277 page=1 next=
408280 page=1 fetchUrl=https://acm.timus.ru/status.aspx?space=1&author=408280&count=100&locale=en
408280 page=1 pageSubmissions=26
408280 page=1 submissionsAfterChallengeStart=26
408280 page=1 nextHref=
408280 page=1 next=
408281 page=1 fetchUrl=https://acm.timus.ru/status.aspx?space=1&author=408281&count=100&locale=en
408281 page=1 pageSubmissions=0
408281 page=1 submissionsAfterChallengeStart=0
408281 page=1 nextHref=
408281 page=1 next=
408282 page=1 fetchUrl=https://acm.timus.ru/status.aspx?space=1&author=408282&count=100&locale=en
408282 page=1 pageSubmissions=3
408282 page=1 submissionsAfterChallengeStart=3
408282 page=1 nextHref=
408282 page=1 next=
408283 page=1 fetchUrl=https://acm.timus.ru/status.aspx?space=1&author=408283&count=100&locale=en
408283 page=1 pageSubmissions=51
408283 page=1 submissionsAfterChallengeStart=51
408283 page=1 nextHref=
408283 page=1 next=
408292 page=1 fetchUrl=https://acm.timus.ru/status.aspx?space=1&author=408292&count=100&locale=en
408292 page=1 pageSubmissions=55
408292 page=1 submissionsAfterChallengeStart=55
408292 page=1 nextHref=
408292 page=1 next=
408293 page=1 fetchUrl=https://acm.timus.ru/status.aspx?space=1&author=408293&count=100&locale=en
408293 page=1 pageSubmissions=14
408293 page=1 submissionsAfterChallengeStart=14
408293 page=1 nextHref=
408293 page=1 next=
408296 page=1 fetchUrl=https://acm.timus.ru/status.aspx?space=1&author=408296&count=100&locale=en
408296 page=1 pageSubmissions=32
408296 page=1 submissionsAfterChallengeStart=32
408296 page=1 nextHref=
408296 page=1 next=
408294 page=1 fetchUrl=https://acm.timus.ru/status.aspx?space=1&author=408294&count=100&locale=en
408294 page=1 pageSubmissions=28
408294 page=1 submissionsAfterChallengeStart=28
408294 page=1 nextHref=
408294 page=1 next=
408298 page=1 fetchUrl=https://acm.timus.ru/status.aspx?space=1&author=408298&count=100&locale=en
408298 page=1 pageSubmissions=20
408298 page=1 submissionsAfterChallengeStart=20
408298 page=1 nextHref=
408298 page=1 next=
408303 page=1 fetchUrl=https://acm.timus.ru/status.aspx?space=1&author=408303&count=100&locale=en
408303 page=1 pageSubmissions=91
408303 page=1 submissionsAfterChallengeStart=91
408303 page=1 nextHref=
408303 page=1 next=
408307 page=1 fetchUrl=https://acm.timus.ru/status.aspx?space=1&author=408307&count=100&locale=en
408307 page=1 pageSubmissions=3
408307 page=1 submissionsAfterChallengeStart=3
408307 page=1 nextHref=
408307 page=1 next=
408311 page=1 fetchUrl=https://acm.timus.ru/status.aspx?space=1&author=408311&count=100&locale=en
408311 page=1 pageSubmissions=5
408311 page=1 submissionsAfterChallengeStart=5
408311 page=1 nextHref=
408311 page=1 next=
408323 page=1 fetchUrl=https://acm.timus.ru/status.aspx?space=1&author=408323&count=100&locale=en
408323 page=1 pageSubmissions=21
408323 page=1 submissionsAfterChallengeStart=21
408323 page=1 nextHref=
408323 page=1 next=
408301 page=1 fetchUrl=https://acm.timus.ru/status.aspx?space=1&author=408301&count=100&locale=en
408301 page=1 pageSubmissions=16
408301 page=1 submissionsAfterChallengeStart=16
408301 page=1 nextHref=
408301 page=1 next=
408326 page=1 fetchUrl=https://acm.timus.ru/status.aspx?space=1&author=408326&count=100&locale=en
408326 page=1 pageSubmissions=12
408326 page=1 submissionsAfterChallengeStart=12
408326 page=1 nextHref=
408326 page=1 next=
# 2026-08-30T01:38:53.404Z
69385 page=1 fetchUrl=https://acm.timus.ru/status.aspx?space=1&author=69385&count=100&locale=en
69385 page=1 pageSubmissions=100
69385 page=1 submissionsAfterChallengeStart=100
69385 page=1 nextHref=status.aspx?space=1&amp;author=69385&amp;from=11241301
69385 page=1 next=/status.aspx?space=1&author=69385&from=11241301
69385 page=2 fetchUrl=https://acm.timus.ru/status.aspx?space=1&author=69385&from=11241301
69385 page=2 pageSubmissions=10
69385 page=2 submissionsAfterChallengeStart=10
69385 page=2 nextHref=status.aspx?space=1&amp;author=69385&amp;from=11240680
69385 page=2 next=/status.aspx?space=1&author=69385&from=11240680
69385 page=3 fetchUrl=https://acm.timus.ru/status.aspx?space=1&author=69385&from=11240680
69385 page=3 pageSubmissions=10
69385 page=3 submissionsAfterChallengeStart=10
69385 page=3 nextHref=status.aspx?space=1&amp;author=69385&amp;from=11240576
69385 page=3 next=/status.aspx?space=1&author=69385&from=11240576
69385 page=4 fetchUrl=https://acm.timus.ru/status.aspx?space=1&author=69385&from=11240576
69385 page=4 pageSubmissions=10
69385 page=4 submissionsAfterChallengeStart=5
69385 page=4 nextHref=status.aspx?space=1&amp;author=69385&amp;from=9460282
69385 page=4 next=
408257 page=1 fetchUrl=https://acm.timus.ru/status.aspx?space=1&author=408257&count=100&locale=en
408257 page=1 pageSubmissions=81
408257 page=1 submissionsAfterChallengeStart=81
408257 page=1 nextHref=
408257 page=1 next=
408279 page=1 fetchUrl=https://acm.timus.ru/status.aspx?space=1&author=408279&count=100&locale=en
408279 page=1 pageSubmissions=1
408279 page=1 submissionsAfterChallengeStart=1
408279 page=1 nextHref=
408279 page=1 next=
408277 page=1 fetchUrl=https://acm.timus.ru/status.aspx?space=1&author=408277&count=100&locale=en
408277 page=1 pageSubmissions=6
408277 page=1 submissionsAfterChallengeStart=6
408277 page=1 nextHref=
408277 page=1 next=
408280 page=1 fetchUrl=https://acm.timus.ru/status.aspx?space=1&author=408280&count=100&locale=en
408280 page=1 pageSubmissions=26
408280 page=1 submissionsAfterChallengeStart=26
408280 page=1 nextHref=
408280 page=1 next=
408281 page=1 fetchUrl=https://acm.timus.ru/status.aspx?space=1&author=408281&count=100&locale=en
408281 page=1 pageSubmissions=0
408281 page=1 submissionsAfterChallengeStart=0
408281 page=1 nextHref=
408281 page=1 next=
408282 page=1 fetchUrl=https://acm.timus.ru/status.aspx?space=1&author=408282&count=100&locale=en
408282 page=1 pageSubmissions=3
408282 page=1 submissionsAfterChallengeStart=3
408282 page=1 nextHref=
408282 page=1 next=
408283 page=1 fetchUrl=https://acm.timus.ru/status.aspx?space=1&author=408283&count=100&locale=en
408283 page=1 pageSubmissions=51
408283 page=1 submissionsAfterChallengeStart=51
408283 page=1 nextHref=
408283 page=1 next=
408292 page=1 fetchUrl=https://acm.timus.ru/status.aspx?space=1&author=408292&count=100&locale=en
408292 page=1 pageSubmissions=55
408292 page=1 submissionsAfterChallengeStart=55
408292 page=1 nextHref=
408292 page=1 next=
408293 page=1 fetchUrl=https://acm.timus.ru/status.aspx?space=1&author=408293&count=100&locale=en
408293 page=1 pageSubmissions=14
408293 page=1 submissionsAfterChallengeStart=14
408293 page=1 nextHref=
408293 page=1 next=
408296 page=1 fetchUrl=https://acm.timus.ru/status.aspx?space=1&author=408296&count=100&locale=en
408296 page=1 pageSubmissions=32
408296 page=1 submissionsAfterChallengeStart=32
408296 page=1 nextHref=
408296 page=1 next=
408294 page=1 fetchUrl=https://acm.timus.ru/status.aspx?space=1&author=408294&count=100&locale=en
408294 page=1 pageSubmissions=28
408294 page=1 submissionsAfterChallengeStart=28
408294 page=1 nextHref=
408294 page=1 next=
408298 page=1 fetchUrl=https://acm.timus.ru/status.aspx?space=1&author=408298&count=100&locale=en
408298 page=1 pageSubmissions=20
408298 page=1 submissionsAfterChallengeStart=20
408298 page=1 nextHref=
408298 page=1 next=
408303 page=1 fetchUrl=https://acm.timus.ru/status.aspx?space=1&author=408303&count=100&locale=en
408303 page=1 pageSubmissions=91
408303 page=1 submissionsAfterChallengeStart=91
408303 page=1 nextHref=
408303 page=1 next=
408307 page=1 fetchUrl=https://acm.timus.ru/status.aspx?space=1&author=408307&count=100&locale=en
408307 page=1 pageSubmissions=3
408307 page=1 submissionsAfterChallengeStart=3
408307 page=1 nextHref=
408307 page=1 next=
408311 page=1 fetchUrl=https://acm.timus.ru/status.aspx?space=1&author=408311&count=100&locale=en
408311 page=1 pageSubmissions=5
408311 page=1 submissionsAfterChallengeStart=5
408311 page=1 nextHref=
408311 page=1 next=
408323 page=1 fetchUrl=https://acm.timus.ru/status.aspx?space=1&author=408323&count=100&locale=en
408323 page=1 pageSubmissions=21
408323 page=1 submissionsAfterChallengeStart=21
408323 page=1 nextHref=
408323 page=1 next=
408301 page=1 fetchUrl=https://acm.timus.ru/status.aspx?space=1&author=408301&count=100&locale=en
408301 page=1 pageSubmissions=16
408301 page=1 submissionsAfterChallengeStart=16
408301 page=1 nextHref=
408301 page=1 next=
408326 page=1 fetchUrl=https://acm.timus.ru/status.aspx?space=1&author=408326&count=100&locale=en
408326 page=1 pageSubmissions=12
408326 page=1 submissionsAfterChallengeStart=12
408326 page=1 nextHref=
408326 page=1 next=
# 2026-08-30T01:43:52.893Z
69385 page=1 fetchUrl=https://acm.timus.ru/status.aspx?space=1&author=69385&count=100&locale=en
69385 page=1 pageSubmissions=100
69385 page=1 submissionsAfterChallengeStart=100
69385 page=1 nextHref=status.aspx?space=1&amp;author=69385&amp;from=11241301
69385 page=1 next=/status.aspx?space=1&author=69385&from=11241301
69385 page=2 fetchUrl=https://acm.timus.ru/status.aspx?space=1&author=69385&from=11241301
69385 page=2 pageSubmissions=10
69385 page=2 submissionsAfterChallengeStart=10
69385 page=2 nextHref=status.aspx?space=1&amp;author=69385&amp;from=11240680
69385 page=2 next=/status.aspx?space=1&author=69385&from=11240680
69385 page=3 fetchUrl=https://acm.timus.ru/status.aspx?space=1&author=69385&from=11240680
69385 page=3 pageSubmissions=10
69385 page=3 submissionsAfterChallengeStart=10
69385 page=3 nextHref=status.aspx?space=1&amp;author=69385&amp;from=11240576
69385 page=3 next=/status.aspx?space=1&author=69385&from=11240576
69385 page=4 fetchUrl=https://acm.timus.ru/status.aspx?space=1&author=69385&from=11240576
69385 page=4 pageSubmissions=10
69385 page=4 submissionsAfterChallengeStart=5
69385 page=4 nextHref=status.aspx?space=1&amp;author=69385&amp;from=9460282
69385 page=4 next=
408257 page=1 fetchUrl=https://acm.timus.ru/status.aspx?space=1&author=408257&count=100&locale=en
408257 page=1 pageSubmissions=81
408257 page=1 submissionsAfterChallengeStart=81
408257 page=1 nextHref=
408257 page=1 next=
408279 page=1 fetchUrl=https://acm.timus.ru/status.aspx?space=1&author=408279&count=100&locale=en
408279 page=1 pageSubmissions=1
408279 page=1 submissionsAfterChallengeStart=1
408279 page=1 nextHref=
408279 page=1 next=
408277 page=1 fetchUrl=https://acm.timus.ru/status.aspx?space=1&author=408277&count=100&locale=en
408277 page=1 pageSubmissions=6
408277 page=1 submissionsAfterChallengeStart=6
408277 page=1 nextHref=
408277 page=1 next=
408280 page=1 fetchUrl=https://acm.timus.ru/status.aspx?space=1&author=408280&count=100&locale=en
408280 page=1 pageSubmissions=26
408280 page=1 submissionsAfterChallengeStart=26
408280 page=1 nextHref=
408280 page=1 next=
408281 page=1 fetchUrl=https://acm.timus.ru/status.aspx?space=1&author=408281&count=100&locale=en
408281 page=1 pageSubmissions=0
408281 page=1 submissionsAfterChallengeStart=0
408281 page=1 nextHref=
408281 page=1 next=
408282 page=1 fetchUrl=https://acm.timus.ru/status.aspx?space=1&author=408282&count=100&locale=en
408282 page=1 pageSubmissions=3
408282 page=1 submissionsAfterChallengeStart=3
408282 page=1 nextHref=
408282 page=1 next=
408283 page=1 fetchUrl=https://acm.timus.ru/status.aspx?space=1&author=408283&count=100&locale=en
408283 page=1 pageSubmissions=51
408283 page=1 submissionsAfterChallengeStart=51
408283 page=1 nextHref=
408283 page=1 next=
408292 page=1 fetchUrl=https://acm.timus.ru/status.aspx?space=1&author=408292&count=100&locale=en
408292 page=1 pageSubmissions=55
408292 page=1 submissionsAfterChallengeStart=55
408292 page=1 nextHref=
408292 page=1 next=
408293 page=1 fetchUrl=https://acm.timus.ru/status.aspx?space=1&author=408293&count=100&locale=en
408293 page=1 pageSubmissions=14
408293 page=1 submissionsAfterChallengeStart=14
408293 page=1 nextHref=
408293 page=1 next=
408296 page=1 fetchUrl=https://acm.timus.ru/status.aspx?space=1&author=408296&count=100&locale=en
408296 page=1 pageSubmissions=32
408296 page=1 submissionsAfterChallengeStart=32
408296 page=1 nextHref=
408296 page=1 next=
408294 page=1 fetchUrl=https://acm.timus.ru/status.aspx?space=1&author=408294&count=100&locale=en
408294 page=1 pageSubmissions=28
408294 page=1 submissionsAfterChallengeStart=28
408294 page=1 nextHref=
408294 page=1 next=
408298 page=1 fetchUrl=https://acm.timus.ru/status.aspx?space=1&author=408298&count=100&locale=en
408298 page=1 pageSubmissions=20
408298 page=1 submissionsAfterChallengeStart=20
408298 page=1 nextHref=
408298 page=1 next=
408303 page=1 fetchUrl=https://acm.timus.ru/status.aspx?space=1&author=408303&count=100&locale=en
408303 page=1 pageSubmissions=91
408303 page=1 submissionsAfterChallengeStart=91
408303 page=1 nextHref=
408303 page=1 next=
408307 page=1 fetchUrl=https://acm.timus.ru/status.aspx?space=1&author=408307&count=100&locale=en
408307 page=1 pageSubmissions=3
408307 page=1 submissionsAfterChallengeStart=3
408307 page=1 nextHref=
408307 page=1 next=
408311 page=1 fetchUrl=https://acm.timus.ru/status.aspx?space=1&author=408311&count=100&locale=en
408311 page=1 pageSubmissions=5
408311 page=1 submissionsAfterChallengeStart=5
408311 page=1 nextHref=
408311 page=1 next=
408323 page=1 fetchUrl=https://acm.timus.ru/status.aspx?space=1&author=408323&count=100&locale=en
408323 page=1 pageSubmissions=21
408323 page=1 submissionsAfterChallengeStart=21
408323 page=1 nextHref=
408323 page=1 next=
408301 page=1 fetchUrl=https://acm.timus.ru/status.aspx?space=1&author=408301&count=100&locale=en
408301 page=1 pageSubmissions=16
408301 page=1 submissionsAfterChallengeStart=16
408301 page=1 nextHref=
408301 page=1 next=
408326 page=1 fetchUrl=https://acm.timus.ru/status.aspx?space=1&author=408326&count=100&locale=en
408326 page=1 pageSubmissions=12
408326 page=1 submissionsAfterChallengeStart=12
408326 page=1 nextHref=
408326 page=1 next=
# 2026-08-30T01:48:49.786Z
69385 page=1 fetchUrl=https://acm.timus.ru/status.aspx?space=1&author=69385&count=100&locale=en
69385 page=1 pageSubmissions=100
69385 page=1 submissionsAfterChallengeStart=100
69385 page=1 nextHref=status.aspx?space=1&amp;author=69385&amp;from=11241301
69385 page=1 next=/status.aspx?space=1&author=69385&from=11241301
69385 page=2 fetchUrl=https://acm.timus.ru/status.aspx?space=1&author=69385&from=11241301
69385 page=2 pageSubmissions=10
69385 page=2 submissionsAfterChallengeStart=10
69385 page=2 nextHref=status.aspx?space=1&amp;author=69385&amp;from=11240680
69385 page=2 next=/status.aspx?space=1&author=69385&from=11240680
69385 page=3 fetchUrl=https://acm.timus.ru/status.aspx?space=1&author=69385&from=11240680
69385 page=3 pageSubmissions=10
69385 page=3 submissionsAfterChallengeStart=10
69385 page=3 nextHref=status.aspx?space=1&amp;author=69385&amp;from=11240576
69385 page=3 next=/status.aspx?space=1&author=69385&from=11240576
69385 page=4 fetchUrl=https://acm.timus.ru/status.aspx?space=1&author=69385&from=11240576
69385 page=4 pageSubmissions=10
69385 page=4 submissionsAfterChallengeStart=5
69385 page=4 nextHref=status.aspx?space=1&amp;author=69385&amp;from=9460282
69385 page=4 next=
408257 page=1 fetchUrl=https://acm.timus.ru/status.aspx?space=1&author=408257&count=100&locale=en
408257 page=1 pageSubmissions=81
408257 page=1 submissionsAfterChallengeStart=81
408257 page=1 nextHref=
408257 page=1 next=
408279 page=1 fetchUrl=https://acm.timus.ru/status.aspx?space=1&author=408279&count=100&locale=en
408279 page=1 pageSubmissions=1
408279 page=1 submissionsAfterChallengeStart=1
408279 page=1 nextHref=
408279 page=1 next=
408277 page=1 fetchUrl=https://acm.timus.ru/status.aspx?space=1&author=408277&count=100&locale=en
408277 page=1 pageSubmissions=6
408277 page=1 submissionsAfterChallengeStart=6
408277 page=1 nextHref=
408277 page=1 next=
408280 page=1 fetchUrl=https://acm.timus.ru/status.aspx?space=1&author=408280&count=100&locale=en
408280 page=1 pageSubmissions=26
408280 page=1 submissionsAfterChallengeStart=26
408280 page=1 nextHref=
408280 page=1 next=
408281 page=1 fetchUrl=https://acm.timus.ru/status.aspx?space=1&author=408281&count=100&locale=en
408281 page=1 pageSubmissions=0
408281 page=1 submissionsAfterChallengeStart=0
408281 page=1 nextHref=
408281 page=1 next=
408282 page=1 fetchUrl=https://acm.timus.ru/status.aspx?space=1&author=408282&count=100&locale=en
408282 page=1 pageSubmissions=3
408282 page=1 submissionsAfterChallengeStart=3
408282 page=1 nextHref=
408282 page=1 next=
408283 page=1 fetchUrl=https://acm.timus.ru/status.aspx?space=1&author=408283&count=100&locale=en
408283 page=1 pageSubmissions=51
408283 page=1 submissionsAfterChallengeStart=51
408283 page=1 nextHref=
408283 page=1 next=
408292 page=1 fetchUrl=https://acm.timus.ru/status.aspx?space=1&author=408292&count=100&locale=en
408292 page=1 pageSubmissions=55
408292 page=1 submissionsAfterChallengeStart=55
408292 page=1 nextHref=
408292 page=1 next=
408293 page=1 fetchUrl=https://acm.timus.ru/status.aspx?space=1&author=408293&count=100&locale=en
408293 page=1 pageSubmissions=14
408293 page=1 submissionsAfterChallengeStart=14
408293 page=1 nextHref=
408293 page=1 next=
408296 page=1 fetchUrl=https://acm.timus.ru/status.aspx?space=1&author=408296&count=100&locale=en
408296 page=1 pageSubmissions=32
408296 page=1 submissionsAfterChallengeStart=32
408296 page=1 nextHref=
408296 page=1 next=
408294 page=1 fetchUrl=https://acm.timus.ru/status.aspx?space=1&author=408294&count=100&locale=en
408294 page=1 pageSubmissions=28
408294 page=1 submissionsAfterChallengeStart=28
408294 page=1 nextHref=
408294 page=1 next=
408298 page=1 fetchUrl=https://acm.timus.ru/status.aspx?space=1&author=408298&count=100&locale=en
408298 page=1 pageSubmissions=20
408298 page=1 submissionsAfterChallengeStart=20
408298 page=1 nextHref=
408298 page=1 next=
408303 page=1 fetchUrl=https://acm.timus.ru/status.aspx?space=1&author=408303&count=100&locale=en
408303 page=1 pageSubmissions=91
408303 page=1 submissionsAfterChallengeStart=91
408303 page=1 nextHref=
408303 page=1 next=
408307 page=1 fetchUrl=https://acm.timus.ru/status.aspx?space=1&author=408307&count=100&locale=en
408307 page=1 pageSubmissions=3
408307 page=1 submissionsAfterChallengeStart=3
408307 page=1 nextHref=
408307 page=1 next=
408311 page=1 fetchUrl=https://acm.timus.ru/status.aspx?space=1&author=408311&count=100&locale=en
408311 page=1 pageSubmissions=5
408311 page=1 submissionsAfterChallengeStart=5
408311 page=1 nextHref=
408311 page=1 next=
408323 page=1 fetchUrl=https://acm.timus.ru/status.aspx?space=1&author=408323&count=100&locale=en
408323 page=1 pageSubmissions=21
408323 page=1 submissionsAfterChallengeStart=21
408323 page=1 nextHref=
408323 page=1 next=
408301 page=1 fetchUrl=https://acm.timus.ru/status.aspx?space=1&author=408301&count=100&locale=en
408301 page=1 pageSubmissions=16
408301 page=1 submissionsAfterChallengeStart=16
408301 page=1 nextHref=
408301 page=1 next=
408326 page=1 fetchUrl=https://acm.timus.ru/status.aspx?space=1&author=408326&count=100&locale=en
408326 page=1 pageSubmissions=12
408326 page=1 submissionsAfterChallengeStart=12
408326 page=1 nextHref=
408326 page=1 next=
# 2026-08-30T01:53:52.672Z
69385 page=1 fetchUrl=https://acm.timus.ru/status.aspx?space=1&author=69385&count=100&locale=en
69385 page=1 pageSubmissions=100
69385 page=1 submissionsAfterChallengeStart=100
69385 page=1 nextHref=status.aspx?space=1&amp;author=69385&amp;from=11241301
69385 page=1 next=/status.aspx?space=1&author=69385&from=11241301
69385 page=2 fetchUrl=https://acm.timus.ru/status.aspx?space=1&author=69385&from=11241301
69385 page=2 pageSubmissions=10
69385 page=2 submissionsAfterChallengeStart=10
69385 page=2 nextHref=status.aspx?space=1&amp;author=69385&amp;from=11240680
69385 page=2 next=/status.aspx?space=1&author=69385&from=11240680
69385 page=3 fetchUrl=https://acm.timus.ru/status.aspx?space=1&author=69385&from=11240680
69385 page=3 pageSubmissions=10
69385 page=3 submissionsAfterChallengeStart=10
69385 page=3 nextHref=status.aspx?space=1&amp;author=69385&amp;from=11240576
69385 page=3 next=/status.aspx?space=1&author=69385&from=11240576
69385 page=4 fetchUrl=https://acm.timus.ru/status.aspx?space=1&author=69385&from=11240576
69385 page=4 pageSubmissions=10
69385 page=4 submissionsAfterChallengeStart=5
69385 page=4 nextHref=status.aspx?space=1&amp;author=69385&amp;from=9460282
69385 page=4 next=
408257 page=1 fetchUrl=https://acm.timus.ru/status.aspx?space=1&author=408257&count=100&locale=en
408257 page=1 pageSubmissions=81
408257 page=1 submissionsAfterChallengeStart=81
408257 page=1 nextHref=
408257 page=1 next=
408279 page=1 fetchUrl=https://acm.timus.ru/status.aspx?space=1&author=408279&count=100&locale=en
408279 page=1 pageSubmissions=1
408279 page=1 submissionsAfterChallengeStart=1
408279 page=1 nextHref=
408279 page=1 next=
408277 page=1 fetchUrl=https://acm.timus.ru/status.aspx?space=1&author=408277&count=100&locale=en
408277 page=1 pageSubmissions=6
408277 page=1 submissionsAfterChallengeStart=6
408277 page=1 nextHref=
408277 page=1 next=
408280 page=1 fetchUrl=https://acm.timus.ru/status.aspx?space=1&author=408280&count=100&locale=en
408280 page=1 pageSubmissions=26
408280 page=1 submissionsAfterChallengeStart=26
408280 page=1 nextHref=
408280 page=1 next=
408281 page=1 fetchUrl=https://acm.timus.ru/status.aspx?space=1&author=408281&count=100&locale=en
408281 page=1 pageSubmissions=0
408281 page=1 submissionsAfterChallengeStart=0
408281 page=1 nextHref=
408281 page=1 next=
408282 page=1 fetchUrl=https://acm.timus.ru/status.aspx?space=1&author=408282&count=100&locale=en
408282 page=1 pageSubmissions=3
408282 page=1 submissionsAfterChallengeStart=3
408282 page=1 nextHref=
408282 page=1 next=
408283 page=1 fetchUrl=https://acm.timus.ru/status.aspx?space=1&author=408283&count=100&locale=en
408283 page=1 pageSubmissions=51
408283 page=1 submissionsAfterChallengeStart=51
408283 page=1 nextHref=
408283 page=1 next=
408292 page=1 fetchUrl=https://acm.timus.ru/status.aspx?space=1&author=408292&count=100&locale=en
408292 page=1 pageSubmissions=55
408292 page=1 submissionsAfterChallengeStart=55
408292 page=1 nextHref=
408292 page=1 next=
408293 page=1 fetchUrl=https://acm.timus.ru/status.aspx?space=1&author=408293&count=100&locale=en
408293 page=1 pageSubmissions=14
408293 page=1 submissionsAfterChallengeStart=14
408293 page=1 nextHref=
408293 page=1 next=
408296 page=1 fetchUrl=https://acm.timus.ru/status.aspx?space=1&author=408296&count=100&locale=en
408296 page=1 pageSubmissions=32
408296 page=1 submissionsAfterChallengeStart=32
408296 page=1 nextHref=
408296 page=1 next=
408294 page=1 fetchUrl=https://acm.timus.ru/status.aspx?space=1&author=408294&count=100&locale=en
408294 page=1 pageSubmissions=28
408294 page=1 submissionsAfterChallengeStart=28
408294 page=1 nextHref=
408294 page=1 next=
408298 page=1 fetchUrl=https://acm.timus.ru/status.aspx?space=1&author=408298&count=100&locale=en
408298 page=1 pageSubmissions=20
408298 page=1 submissionsAfterChallengeStart=20
408298 page=1 nextHref=
408298 page=1 next=
408303 page=1 fetchUrl=https://acm.timus.ru/status.aspx?space=1&author=408303&count=100&locale=en
408303 page=1 pageSubmissions=91
408303 page=1 submissionsAfterChallengeStart=91
408303 page=1 nextHref=
408303 page=1 next=
408307 page=1 fetchUrl=https://acm.timus.ru/status.aspx?space=1&author=408307&count=100&locale=en
408307 page=1 pageSubmissions=3
408307 page=1 submissionsAfterChallengeStart=3
408307 page=1 nextHref=
408307 page=1 next=
408311 page=1 fetchUrl=https://acm.timus.ru/status.aspx?space=1&author=408311&count=100&locale=en
408311 page=1 pageSubmissions=5
408311 page=1 submissionsAfterChallengeStart=5
408311 page=1 nextHref=
408311 page=1 next=
408323 page=1 fetchUrl=https://acm.timus.ru/status.aspx?space=1&author=408323&count=100&locale=en
408323 page=1 pageSubmissions=21
408323 page=1 submissionsAfterChallengeStart=21
408323 page=1 nextHref=
408323 page=1 next=
408301 page=1 fetchUrl=https://acm.timus.ru/status.aspx?space=1&author=408301&count=100&locale=en
408301 page=1 pageSubmissions=16
408301 page=1 submissionsAfterChallengeStart=16
408301 page=1 nextHref=
408301 page=1 next=
408326 page=1 fetchUrl=https://acm.timus.ru/status.aspx?space=1&author=408326&count=100&locale=en
408326 page=1 pageSubmissions=12
408326 page=1 submissionsAfterChallengeStart=12
408326 page=1 nextHref=
408326 page=1 next=
# 2026-08-30T01:58:50.307Z
69385 page=1 fetchUrl=https://acm.timus.ru/status.aspx?space=1&author=69385&count=100&locale=en
69385 page=1 pageSubmissions=100
69385 page=1 submissionsAfterChallengeStart=100
69385 page=1 nextHref=status.aspx?space=1&amp;author=69385&amp;from=11241301
69385 page=1 next=/status.aspx?space=1&author=69385&from=11241301
69385 page=2 fetchUrl=https://acm.timus.ru/status.aspx?space=1&author=69385&from=11241301
69385 page=2 pageSubmissions=10
69385 page=2 submissionsAfterChallengeStart=10
69385 page=2 nextHref=status.aspx?space=1&amp;author=69385&amp;from=11240680
69385 page=2 next=/status.aspx?space=1&author=69385&from=11240680
69385 page=3 fetchUrl=https://acm.timus.ru/status.aspx?space=1&author=69385&from=11240680
69385 page=3 pageSubmissions=10
69385 page=3 submissionsAfterChallengeStart=10
69385 page=3 nextHref=status.aspx?space=1&amp;author=69385&amp;from=11240576
69385 page=3 next=/status.aspx?space=1&author=69385&from=11240576
69385 page=4 fetchUrl=https://acm.timus.ru/status.aspx?space=1&author=69385&from=11240576
69385 page=4 pageSubmissions=10
69385 page=4 submissionsAfterChallengeStart=5
69385 page=4 nextHref=status.aspx?space=1&amp;author=69385&amp;from=9460282
69385 page=4 next=
408257 page=1 fetchUrl=https://acm.timus.ru/status.aspx?space=1&author=408257&count=100&locale=en
408257 page=1 pageSubmissions=81
408257 page=1 submissionsAfterChallengeStart=81
408257 page=1 nextHref=
408257 page=1 next=
408279 page=1 fetchUrl=https://acm.timus.ru/status.aspx?space=1&author=408279&count=100&locale=en
408279 page=1 pageSubmissions=1
408279 page=1 submissionsAfterChallengeStart=1
408279 page=1 nextHref=
408279 page=1 next=
408277 page=1 fetchUrl=https://acm.timus.ru/status.aspx?space=1&author=408277&count=100&locale=en
408277 page=1 pageSubmissions=6
408277 page=1 submissionsAfterChallengeStart=6
408277 page=1 nextHref=
408277 page=1 next=
408280 page=1 fetchUrl=https://acm.timus.ru/status.aspx?space=1&author=408280&count=100&locale=en
408280 page=1 pageSubmissions=26
408280 page=1 submissionsAfterChallengeStart=26
408280 page=1 nextHref=
408280 page=1 next=
408281 page=1 fetchUrl=https://acm.timus.ru/status.aspx?space=1&author=408281&count=100&locale=en
408281 page=1 pageSubmissions=0
408281 page=1 submissionsAfterChallengeStart=0
408281 page=1 nextHref=
408281 page=1 next=
408282 page=1 fetchUrl=https://acm.timus.ru/status.aspx?space=1&author=408282&count=100&locale=en
408282 page=1 pageSubmissions=3
408282 page=1 submissionsAfterChallengeStart=3
408282 page=1 nextHref=
408282 page=1 next=
408283 page=1 fetchUrl=https://acm.timus.ru/status.aspx?space=1&author=408283&count=100&locale=en
408283 page=1 pageSubmissions=51
408283 page=1 submissionsAfterChallengeStart=51
408283 page=1 nextHref=
408283 page=1 next=
408292 page=1 fetchUrl=https://acm.timus.ru/status.aspx?space=1&author=408292&count=100&locale=en
408292 page=1 pageSubmissions=55
408292 page=1 submissionsAfterChallengeStart=55
408292 page=1 nextHref=
408292 page=1 next=
408293 page=1 fetchUrl=https://acm.timus.ru/status.aspx?space=1&author=408293&count=100&locale=en
408293 page=1 pageSubmissions=14
408293 page=1 submissionsAfterChallengeStart=14
408293 page=1 nextHref=
408293 page=1 next=
408296 page=1 fetchUrl=https://acm.timus.ru/status.aspx?space=1&author=408296&count=100&locale=en
408296 page=1 pageSubmissions=32
408296 page=1 submissionsAfterChallengeStart=32
408296 page=1 nextHref=
408296 page=1 next=
408294 page=1 fetchUrl=https://acm.timus.ru/status.aspx?space=1&author=408294&count=100&locale=en
408294 page=1 pageSubmissions=28
408294 page=1 submissionsAfterChallengeStart=28
408294 page=1 nextHref=
408294 page=1 next=
408298 page=1 fetchUrl=https://acm.timus.ru/status.aspx?space=1&author=408298&count=100&locale=en
408298 page=1 pageSubmissions=20
408298 page=1 submissionsAfterChallengeStart=20
408298 page=1 nextHref=
408298 page=1 next=
408303 page=1 fetchUrl=https://acm.timus.ru/status.aspx?space=1&author=408303&count=100&locale=en
408303 page=1 pageSubmissions=91
408303 page=1 submissionsAfterChallengeStart=91
408303 page=1 nextHref=
408303 page=1 next=
408307 page=1 fetchUrl=https://acm.timus.ru/status.aspx?space=1&author=408307&count=100&locale=en
408307 page=1 pageSubmissions=3
408307 page=1 submissionsAfterChallengeStart=3
408307 page=1 nextHref=
408307 page=1 next=
408311 page=1 fetchUrl=https://acm.timus.ru/status.aspx?space=1&author=408311&count=100&locale=en
408311 page=1 pageSubmissions=5
408311 page=1 submissionsAfterChallengeStart=5
408311 page=1 nextHref=
408311 page=1 next=
408323 page=1 fetchUrl=https://acm.timus.ru/status.aspx?space=1&author=408323&count=100&locale=en
408323 page=1 pageSubmissions=21
408323 page=1 submissionsAfterChallengeStart=21
408323 page=1 nextHref=
408323 page=1 next=
408301 page=1 fetchUrl=https://acm.timus.ru/status.aspx?space=1&author=408301&count=100&locale=en
408301 page=1 pageSubmissions=16
408301 page=1 submissionsAfterChallengeStart=16
408301 page=1 nextHref=
408301 page=1 next=
408326 page=1 fetchUrl=https://acm.timus.ru/status.aspx?space=1&author=408326&count=100&locale=en
408326 page=1 pageSubmissions=12
408326 page=1 submissionsAfterChallengeStart=12
408326 page=1 nextHref=
408326 page=1 next=
# 2026-08-30T02:03:53.023Z
69385 page=1 fetchUrl=https://acm.timus.ru/status.aspx?space=1&author=69385&count=100&locale=en
69385 page=1 pageSubmissions=100
69385 page=1 submissionsAfterChallengeStart=100
69385 page=1 nextHref=status.aspx?space=1&amp;author=69385&amp;from=11241301
69385 page=1 next=/status.aspx?space=1&author=69385&from=11241301
69385 page=2 fetchUrl=https://acm.timus.ru/status.aspx?space=1&author=69385&from=11241301
69385 page=2 pageSubmissions=10
69385 page=2 submissionsAfterChallengeStart=10
69385 page=2 nextHref=status.aspx?space=1&amp;author=69385&amp;from=11240680
69385 page=2 next=/status.aspx?space=1&author=69385&from=11240680
69385 page=3 fetchUrl=https://acm.timus.ru/status.aspx?space=1&author=69385&from=11240680
69385 page=3 pageSubmissions=10
69385 page=3 submissionsAfterChallengeStart=10
69385 page=3 nextHref=status.aspx?space=1&amp;author=69385&amp;from=11240576
69385 page=3 next=/status.aspx?space=1&author=69385&from=11240576
69385 page=4 fetchUrl=https://acm.timus.ru/status.aspx?space=1&author=69385&from=11240576
69385 page=4 pageSubmissions=10
69385 page=4 submissionsAfterChallengeStart=5
69385 page=4 nextHref=status.aspx?space=1&amp;author=69385&amp;from=9460282
69385 page=4 next=
408257 page=1 fetchUrl=https://acm.timus.ru/status.aspx?space=1&author=408257&count=100&locale=en
408257 page=1 pageSubmissions=81
408257 page=1 submissionsAfterChallengeStart=81
408257 page=1 nextHref=
408257 page=1 next=
408279 page=1 fetchUrl=https://acm.timus.ru/status.aspx?space=1&author=408279&count=100&locale=en
408279 page=1 pageSubmissions=1
408279 page=1 submissionsAfterChallengeStart=1
408279 page=1 nextHref=
408279 page=1 next=
408277 page=1 fetchUrl=https://acm.timus.ru/status.aspx?space=1&author=408277&count=100&locale=en
408277 page=1 pageSubmissions=6
408277 page=1 submissionsAfterChallengeStart=6
408277 page=1 nextHref=
408277 page=1 next=
408280 page=1 fetchUrl=https://acm.timus.ru/status.aspx?space=1&author=408280&count=100&locale=en
408280 page=1 pageSubmissions=26
408280 page=1 submissionsAfterChallengeStart=26
408280 page=1 nextHref=
408280 page=1 next=
408281 page=1 fetchUrl=https://acm.timus.ru/status.aspx?space=1&author=408281&count=100&locale=en
408281 page=1 pageSubmissions=0
408281 page=1 submissionsAfterChallengeStart=0
408281 page=1 nextHref=
408281 page=1 next=
408282 page=1 fetchUrl=https://acm.timus.ru/status.aspx?space=1&author=408282&count=100&locale=en
408282 page=1 pageSubmissions=3
408282 page=1 submissionsAfterChallengeStart=3
408282 page=1 nextHref=
408282 page=1 next=
408283 page=1 fetchUrl=https://acm.timus.ru/status.aspx?space=1&author=408283&count=100&locale=en
408283 page=1 pageSubmissions=51
408283 page=1 submissionsAfterChallengeStart=51
408283 page=1 nextHref=
408283 page=1 next=
408292 page=1 fetchUrl=https://acm.timus.ru/status.aspx?space=1&author=408292&count=100&locale=en
408292 page=1 pageSubmissions=55
408292 page=1 submissionsAfterChallengeStart=55
408292 page=1 nextHref=
408292 page=1 next=
408293 page=1 fetchUrl=https://acm.timus.ru/status.aspx?space=1&author=408293&count=100&locale=en
408293 page=1 pageSubmissions=14
408293 page=1 submissionsAfterChallengeStart=14
408293 page=1 nextHref=
408293 page=1 next=
408296 page=1 fetchUrl=https://acm.timus.ru/status.aspx?space=1&author=408296&count=100&locale=en
408296 page=1 pageSubmissions=32
408296 page=1 submissionsAfterChallengeStart=32
408296 page=1 nextHref=
408296 page=1 next=
408294 page=1 fetchUrl=https://acm.timus.ru/status.aspx?space=1&author=408294&count=100&locale=en
408294 page=1 pageSubmissions=28
408294 page=1 submissionsAfterChallengeStart=28
408294 page=1 nextHref=
408294 page=1 next=
408298 page=1 fetchUrl=https://acm.timus.ru/status.aspx?space=1&author=408298&count=100&locale=en
408298 page=1 pageSubmissions=20
408298 page=1 submissionsAfterChallengeStart=20
408298 page=1 nextHref=
408298 page=1 next=
408303 page=1 fetchUrl=https://acm.timus.ru/status.aspx?space=1&author=408303&count=100&locale=en
408303 page=1 pageSubmissions=91
408303 page=1 submissionsAfterChallengeStart=91
408303 page=1 nextHref=
408303 page=1 next=
408307 page=1 fetchUrl=https://acm.timus.ru/status.aspx?space=1&author=408307&count=100&locale=en
408307 page=1 pageSubmissions=3
408307 page=1 submissionsAfterChallengeStart=3
408307 page=1 nextHref=
408307 page=1 next=
408311 page=1 fetchUrl=https://acm.timus.ru/status.aspx?space=1&author=408311&count=100&locale=en
408311 page=1 pageSubmissions=5
408311 page=1 submissionsAfterChallengeStart=5
408311 page=1 nextHref=
408311 page=1 next=
408323 page=1 fetchUrl=https://acm.timus.ru/status.aspx?space=1&author=408323&count=100&locale=en
408323 page=1 pageSubmissions=21
408323 page=1 submissionsAfterChallengeStart=21
408323 page=1 nextHref=
408323 page=1 next=
408301 page=1 fetchUrl=https://acm.timus.ru/status.aspx?space=1&author=408301&count=100&locale=en
408301 page=1 pageSubmissions=16
408301 page=1 submissionsAfterChallengeStart=16
408301 page=1 nextHref=
408301 page=1 next=
408326 page=1 fetchUrl=https://acm.timus.ru/status.aspx?space=1&author=408326&count=100&locale=en
408326 page=1 pageSubmissions=12
408326 page=1 submissionsAfterChallengeStart=12
408326 page=1 nextHref=
408326 page=1 next=
# 2026-08-30T02:08:54.646Z
69385 page=1 fetchUrl=https://acm.timus.ru/status.aspx?space=1&author=69385&count=100&locale=en
69385 page=1 pageSubmissions=100
69385 page=1 submissionsAfterChallengeStart=100
69385 page=1 nextHref=status.aspx?space=1&amp;author=69385&amp;from=11241301
69385 page=1 next=/status.aspx?space=1&author=69385&from=11241301
69385 page=2 fetchUrl=https://acm.timus.ru/status.aspx?space=1&author=69385&from=11241301
69385 page=2 pageSubmissions=10
69385 page=2 submissionsAfterChallengeStart=10
69385 page=2 nextHref=status.aspx?space=1&amp;author=69385&amp;from=11240680
69385 page=2 next=/status.aspx?space=1&author=69385&from=11240680
69385 page=3 fetchUrl=https://acm.timus.ru/status.aspx?space=1&author=69385&from=11240680
69385 page=3 pageSubmissions=10
69385 page=3 submissionsAfterChallengeStart=10
69385 page=3 nextHref=status.aspx?space=1&amp;author=69385&amp;from=11240576
69385 page=3 next=/status.aspx?space=1&author=69385&from=11240576
69385 page=4 fetchUrl=https://acm.timus.ru/status.aspx?space=1&author=69385&from=11240576
69385 page=4 pageSubmissions=10
69385 page=4 submissionsAfterChallengeStart=5
69385 page=4 nextHref=status.aspx?space=1&amp;author=69385&amp;from=9460282
69385 page=4 next=
408257 page=1 fetchUrl=https://acm.timus.ru/status.aspx?space=1&author=408257&count=100&locale=en
408257 page=1 pageSubmissions=81
408257 page=1 submissionsAfterChallengeStart=81
408257 page=1 nextHref=
408257 page=1 next=
408279 page=1 fetchUrl=https://acm.timus.ru/status.aspx?space=1&author=408279&count=100&locale=en
408279 page=1 pageSubmissions=1
408279 page=1 submissionsAfterChallengeStart=1
408279 page=1 nextHref=
408279 page=1 next=
408277 page=1 fetchUrl=https://acm.timus.ru/status.aspx?space=1&author=408277&count=100&locale=en
408277 page=1 pageSubmissions=6
408277 page=1 submissionsAfterChallengeStart=6
408277 page=1 nextHref=
408277 page=1 next=
408280 page=1 fetchUrl=https://acm.timus.ru/status.aspx?space=1&author=408280&count=100&locale=en
408280 page=1 pageSubmissions=26
408280 page=1 submissionsAfterChallengeStart=26
408280 page=1 nextHref=
408280 page=1 next=
408281 page=1 fetchUrl=https://acm.timus.ru/status.aspx?space=1&author=408281&count=100&locale=en
408281 page=1 pageSubmissions=0
408281 page=1 submissionsAfterChallengeStart=0
408281 page=1 nextHref=
408281 page=1 next=
408282 page=1 fetchUrl=https://acm.timus.ru/status.aspx?space=1&author=408282&count=100&locale=en
408282 page=1 pageSubmissions=3
408282 page=1 submissionsAfterChallengeStart=3
408282 page=1 nextHref=
408282 page=1 next=
408283 page=1 fetchUrl=https://acm.timus.ru/status.aspx?space=1&author=408283&count=100&locale=en
408283 page=1 pageSubmissions=51
408283 page=1 submissionsAfterChallengeStart=51
408283 page=1 nextHref=
408283 page=1 next=
408292 page=1 fetchUrl=https://acm.timus.ru/status.aspx?space=1&author=408292&count=100&locale=en
408292 page=1 pageSubmissions=55
408292 page=1 submissionsAfterChallengeStart=55
408292 page=1 nextHref=
408292 page=1 next=
408293 page=1 fetchUrl=https://acm.timus.ru/status.aspx?space=1&author=408293&count=100&locale=en
408293 page=1 pageSubmissions=14
408293 page=1 submissionsAfterChallengeStart=14
408293 page=1 nextHref=
408293 page=1 next=
408296 page=1 fetchUrl=https://acm.timus.ru/status.aspx?space=1&author=408296&count=100&locale=en
408296 page=1 pageSubmissions=32
408296 page=1 submissionsAfterChallengeStart=32
408296 page=1 nextHref=
408296 page=1 next=
408294 page=1 fetchUrl=https://acm.timus.ru/status.aspx?space=1&author=408294&count=100&locale=en
408294 page=1 pageSubmissions=28
408294 page=1 submissionsAfterChallengeStart=28
408294 page=1 nextHref=
408294 page=1 next=
408298 page=1 fetchUrl=https://acm.timus.ru/status.aspx?space=1&author=408298&count=100&locale=en
408298 page=1 pageSubmissions=20
408298 page=1 submissionsAfterChallengeStart=20
408298 page=1 nextHref=
408298 page=1 next=
408303 page=1 fetchUrl=https://acm.timus.ru/status.aspx?space=1&author=408303&count=100&locale=en
408303 page=1 pageSubmissions=91
408303 page=1 submissionsAfterChallengeStart=91
408303 page=1 nextHref=
408303 page=1 next=
408307 page=1 fetchUrl=https://acm.timus.ru/status.aspx?space=1&author=408307&count=100&locale=en
408307 page=1 pageSubmissions=3
408307 page=1 submissionsAfterChallengeStart=3
408307 page=1 nextHref=
408307 page=1 next=
408311 page=1 fetchUrl=https://acm.timus.ru/status.aspx?space=1&author=408311&count=100&locale=en
408311 page=1 pageSubmissions=5
408311 page=1 submissionsAfterChallengeStart=5
408311 page=1 nextHref=
408311 page=1 next=
408323 page=1 fetchUrl=https://acm.timus.ru/status.aspx?space=1&author=408323&count=100&locale=en
408323 page=1 pageSubmissions=21
408323 page=1 submissionsAfterChallengeStart=21
408323 page=1 nextHref=
408323 page=1 next=
408301 page=1 fetchUrl=https://acm.timus.ru/status.aspx?space=1&author=408301&count=100&locale=en
408301 page=1 pageSubmissions=16
408301 page=1 submissionsAfterChallengeStart=16
408301 page=1 nextHref=
408301 page=1 next=
408326 page=1 fetchUrl=https://acm.timus.ru/status.aspx?space=1&author=408326&count=100&locale=en
408326 page=1 pageSubmissions=12
408326 page=1 submissionsAfterChallengeStart=12
408326 page=1 nextHref=
408326 page=1 next=
# 2026-08-30T02:13:53.352Z
69385 page=1 fetchUrl=https://acm.timus.ru/status.aspx?space=1&author=69385&count=100&locale=en
69385 page=1 pageSubmissions=100
69385 page=1 submissionsAfterChallengeStart=100
69385 page=1 nextHref=status.aspx?space=1&amp;author=69385&amp;from=11241301
69385 page=1 next=/status.aspx?space=1&author=69385&from=11241301
69385 page=2 fetchUrl=https://acm.timus.ru/status.aspx?space=1&author=69385&from=11241301
69385 page=2 pageSubmissions=10
69385 page=2 submissionsAfterChallengeStart=10
69385 page=2 nextHref=status.aspx?space=1&amp;author=69385&amp;from=11240680
69385 page=2 next=/status.aspx?space=1&author=69385&from=11240680
69385 page=3 fetchUrl=https://acm.timus.ru/status.aspx?space=1&author=69385&from=11240680
69385 page=3 pageSubmissions=10
69385 page=3 submissionsAfterChallengeStart=10
69385 page=3 nextHref=status.aspx?space=1&amp;author=69385&amp;from=11240576
69385 page=3 next=/status.aspx?space=1&author=69385&from=11240576
69385 page=4 fetchUrl=https://acm.timus.ru/status.aspx?space=1&author=69385&from=11240576
69385 page=4 pageSubmissions=10
69385 page=4 submissionsAfterChallengeStart=5
69385 page=4 nextHref=status.aspx?space=1&amp;author=69385&amp;from=9460282
69385 page=4 next=
408257 page=1 fetchUrl=https://acm.timus.ru/status.aspx?space=1&author=408257&count=100&locale=en
408257 page=1 pageSubmissions=81
408257 page=1 submissionsAfterChallengeStart=81
408257 page=1 nextHref=
408257 page=1 next=
408279 page=1 fetchUrl=https://acm.timus.ru/status.aspx?space=1&author=408279&count=100&locale=en
408279 page=1 pageSubmissions=1
408279 page=1 submissionsAfterChallengeStart=1
408279 page=1 nextHref=
408279 page=1 next=
408277 page=1 fetchUrl=https://acm.timus.ru/status.aspx?space=1&author=408277&count=100&locale=en
408277 page=1 pageSubmissions=6
408277 page=1 submissionsAfterChallengeStart=6
408277 page=1 nextHref=
408277 page=1 next=
408280 page=1 fetchUrl=https://acm.timus.ru/status.aspx?space=1&author=408280&count=100&locale=en
408280 page=1 pageSubmissions=26
408280 page=1 submissionsAfterChallengeStart=26
408280 page=1 nextHref=
408280 page=1 next=
408281 page=1 fetchUrl=https://acm.timus.ru/status.aspx?space=1&author=408281&count=100&locale=en
408281 page=1 pageSubmissions=0
408281 page=1 submissionsAfterChallengeStart=0
408281 page=1 nextHref=
408281 page=1 next=
408282 page=1 fetchUrl=https://acm.timus.ru/status.aspx?space=1&author=408282&count=100&locale=en
408282 page=1 pageSubmissions=3
408282 page=1 submissionsAfterChallengeStart=3
408282 page=1 nextHref=
408282 page=1 next=
408283 page=1 fetchUrl=https://acm.timus.ru/status.aspx?space=1&author=408283&count=100&locale=en
408283 page=1 pageSubmissions=51
408283 page=1 submissionsAfterChallengeStart=51
408283 page=1 nextHref=
408283 page=1 next=
408292 page=1 fetchUrl=https://acm.timus.ru/status.aspx?space=1&author=408292&count=100&locale=en
408292 page=1 pageSubmissions=55
408292 page=1 submissionsAfterChallengeStart=55
408292 page=1 nextHref=
408292 page=1 next=
408293 page=1 fetchUrl=https://acm.timus.ru/status.aspx?space=1&author=408293&count=100&locale=en
408293 page=1 pageSubmissions=14
408293 page=1 submissionsAfterChallengeStart=14
408293 page=1 nextHref=
408293 page=1 next=
408296 page=1 fetchUrl=https://acm.timus.ru/status.aspx?space=1&author=408296&count=100&locale=en
408296 page=1 pageSubmissions=32
408296 page=1 submissionsAfterChallengeStart=32
408296 page=1 nextHref=
408296 page=1 next=
408294 page=1 fetchUrl=https://acm.timus.ru/status.aspx?space=1&author=408294&count=100&locale=en
408294 page=1 pageSubmissions=28
408294 page=1 submissionsAfterChallengeStart=28
408294 page=1 nextHref=
408294 page=1 next=
408298 page=1 fetchUrl=https://acm.timus.ru/status.aspx?space=1&author=408298&count=100&locale=en
408298 page=1 pageSubmissions=20
408298 page=1 submissionsAfterChallengeStart=20
408298 page=1 nextHref=
408298 page=1 next=
408303 page=1 fetchUrl=https://acm.timus.ru/status.aspx?space=1&author=408303&count=100&locale=en
408303 page=1 pageSubmissions=91
408303 page=1 submissionsAfterChallengeStart=91
408303 page=1 nextHref=
408303 page=1 next=
408307 page=1 fetchUrl=https://acm.timus.ru/status.aspx?space=1&author=408307&count=100&locale=en
408307 page=1 pageSubmissions=3
408307 page=1 submissionsAfterChallengeStart=3
408307 page=1 nextHref=
408307 page=1 next=
408311 page=1 fetchUrl=https://acm.timus.ru/status.aspx?space=1&author=408311&count=100&locale=en
408311 page=1 pageSubmissions=5
408311 page=1 submissionsAfterChallengeStart=5
408311 page=1 nextHref=
408311 page=1 next=
408323 page=1 fetchUrl=https://acm.timus.ru/status.aspx?space=1&author=408323&count=100&locale=en
408323 page=1 pageSubmissions=21
408323 page=1 submissionsAfterChallengeStart=21
408323 page=1 nextHref=
408323 page=1 next=
408301 page=1 fetchUrl=https://acm.timus.ru/status.aspx?space=1&author=408301&count=100&locale=en
408301 page=1 pageSubmissions=16
408301 page=1 submissionsAfterChallengeStart=16
408301 page=1 nextHref=
408301 page=1 next=
408326 page=1 fetchUrl=https://acm.timus.ru/status.aspx?space=1&author=408326&count=100&locale=en
408326 page=1 pageSubmissions=12
408326 page=1 submissionsAfterChallengeStart=12
408326 page=1 nextHref=
408326 page=1 next=
# 2026-08-30T02:18:52.175Z
69385 page=1 fetchUrl=https://acm.timus.ru/status.aspx?space=1&author=69385&count=100&locale=en
69385 page=1 pageSubmissions=100
69385 page=1 submissionsAfterChallengeStart=100
69385 page=1 nextHref=status.aspx?space=1&amp;author=69385&amp;from=11241301
69385 page=1 next=/status.aspx?space=1&author=69385&from=11241301
69385 page=2 fetchUrl=https://acm.timus.ru/status.aspx?space=1&author=69385&from=11241301
69385 page=2 pageSubmissions=10
69385 page=2 submissionsAfterChallengeStart=10
69385 page=2 nextHref=status.aspx?space=1&amp;author=69385&amp;from=11240680
69385 page=2 next=/status.aspx?space=1&author=69385&from=11240680
69385 page=3 fetchUrl=https://acm.timus.ru/status.aspx?space=1&author=69385&from=11240680
69385 page=3 pageSubmissions=10
69385 page=3 submissionsAfterChallengeStart=10
69385 page=3 nextHref=status.aspx?space=1&amp;author=69385&amp;from=11240576
69385 page=3 next=/status.aspx?space=1&author=69385&from=11240576
69385 page=4 fetchUrl=https://acm.timus.ru/status.aspx?space=1&author=69385&from=11240576
69385 page=4 pageSubmissions=10
69385 page=4 submissionsAfterChallengeStart=5
69385 page=4 nextHref=status.aspx?space=1&amp;author=69385&amp;from=9460282
69385 page=4 next=
408257 page=1 fetchUrl=https://acm.timus.ru/status.aspx?space=1&author=408257&count=100&locale=en
408257 page=1 pageSubmissions=81
408257 page=1 submissionsAfterChallengeStart=81
408257 page=1 nextHref=
408257 page=1 next=
408279 page=1 fetchUrl=https://acm.timus.ru/status.aspx?space=1&author=408279&count=100&locale=en
408279 page=1 pageSubmissions=1
408279 page=1 submissionsAfterChallengeStart=1
408279 page=1 nextHref=
408279 page=1 next=
408277 page=1 fetchUrl=https://acm.timus.ru/status.aspx?space=1&author=408277&count=100&locale=en
408277 page=1 pageSubmissions=6
408277 page=1 submissionsAfterChallengeStart=6
408277 page=1 nextHref=
408277 page=1 next=
408280 page=1 fetchUrl=https://acm.timus.ru/status.aspx?space=1&author=408280&count=100&locale=en
408280 page=1 pageSubmissions=26
408280 page=1 submissionsAfterChallengeStart=26
408280 page=1 nextHref=
408280 page=1 next=
408281 page=1 fetchUrl=https://acm.timus.ru/status.aspx?space=1&author=408281&count=100&locale=en
408281 page=1 pageSubmissions=0
408281 page=1 submissionsAfterChallengeStart=0
408281 page=1 nextHref=
408281 page=1 next=
408282 page=1 fetchUrl=https://acm.timus.ru/status.aspx?space=1&author=408282&count=100&locale=en
408282 page=1 pageSubmissions=3
408282 page=1 submissionsAfterChallengeStart=3
408282 page=1 nextHref=
408282 page=1 next=
408283 page=1 fetchUrl=https://acm.timus.ru/status.aspx?space=1&author=408283&count=100&locale=en
408283 page=1 pageSubmissions=51
408283 page=1 submissionsAfterChallengeStart=51
408283 page=1 nextHref=
408283 page=1 next=
408292 page=1 fetchUrl=https://acm.timus.ru/status.aspx?space=1&author=408292&count=100&locale=en
408292 page=1 pageSubmissions=55
408292 page=1 submissionsAfterChallengeStart=55
408292 page=1 nextHref=
408292 page=1 next=
408293 page=1 fetchUrl=https://acm.timus.ru/status.aspx?space=1&author=408293&count=100&locale=en
408293 page=1 pageSubmissions=14
408293 page=1 submissionsAfterChallengeStart=14
408293 page=1 nextHref=
408293 page=1 next=
408296 page=1 fetchUrl=https://acm.timus.ru/status.aspx?space=1&author=408296&count=100&locale=en
408296 page=1 pageSubmissions=32
408296 page=1 submissionsAfterChallengeStart=32
408296 page=1 nextHref=
408296 page=1 next=
408294 page=1 fetchUrl=https://acm.timus.ru/status.aspx?space=1&author=408294&count=100&locale=en
408294 page=1 pageSubmissions=28
408294 page=1 submissionsAfterChallengeStart=28
408294 page=1 nextHref=
408294 page=1 next=
408298 page=1 fetchUrl=https://acm.timus.ru/status.aspx?space=1&author=408298&count=100&locale=en
408298 page=1 pageSubmissions=20
408298 page=1 submissionsAfterChallengeStart=20
408298 page=1 nextHref=
408298 page=1 next=
408303 page=1 fetchUrl=https://acm.timus.ru/status.aspx?space=1&author=408303&count=100&locale=en
408303 page=1 pageSubmissions=91
408303 page=1 submissionsAfterChallengeStart=91
408303 page=1 nextHref=
408303 page=1 next=
408307 page=1 fetchUrl=https://acm.timus.ru/status.aspx?space=1&author=408307&count=100&locale=en
408307 page=1 pageSubmissions=3
408307 page=1 submissionsAfterChallengeStart=3
408307 page=1 nextHref=
408307 page=1 next=
408311 page=1 fetchUrl=https://acm.timus.ru/status.aspx?space=1&author=408311&count=100&locale=en
408311 page=1 pageSubmissions=5
408311 page=1 submissionsAfterChallengeStart=5
408311 page=1 nextHref=
408311 page=1 next=
408323 page=1 fetchUrl=https://acm.timus.ru/status.aspx?space=1&author=408323&count=100&locale=en
408323 page=1 pageSubmissions=21
408323 page=1 submissionsAfterChallengeStart=21
408323 page=1 nextHref=
408323 page=1 next=
408301 page=1 fetchUrl=https://acm.timus.ru/status.aspx?space=1&author=408301&count=100&locale=en
408301 page=1 pageSubmissions=16
408301 page=1 submissionsAfterChallengeStart=16
408301 page=1 nextHref=
408301 page=1 next=
408326 page=1 fetchUrl=https://acm.timus.ru/status.aspx?space=1&author=408326&count=100&locale=en
408326 page=1 pageSubmissions=12
408326 page=1 submissionsAfterChallengeStart=12
408326 page=1 nextHref=
408326 page=1 next=
# 2026-08-30T02:23:53.900Z
69385 page=1 fetchUrl=https://acm.timus.ru/status.aspx?space=1&author=69385&count=100&locale=en
69385 page=1 pageSubmissions=100
69385 page=1 submissionsAfterChallengeStart=100
69385 page=1 nextHref=status.aspx?space=1&amp;author=69385&amp;from=11241301
69385 page=1 next=/status.aspx?space=1&author=69385&from=11241301
69385 page=2 fetchUrl=https://acm.timus.ru/status.aspx?space=1&author=69385&from=11241301
69385 page=2 pageSubmissions=10
69385 page=2 submissionsAfterChallengeStart=10
69385 page=2 nextHref=status.aspx?space=1&amp;author=69385&amp;from=11240680
69385 page=2 next=/status.aspx?space=1&author=69385&from=11240680
69385 page=3 fetchUrl=https://acm.timus.ru/status.aspx?space=1&author=69385&from=11240680
69385 page=3 pageSubmissions=10
69385 page=3 submissionsAfterChallengeStart=10
69385 page=3 nextHref=status.aspx?space=1&amp;author=69385&amp;from=11240576
69385 page=3 next=/status.aspx?space=1&author=69385&from=11240576
69385 page=4 fetchUrl=https://acm.timus.ru/status.aspx?space=1&author=69385&from=11240576
69385 page=4 pageSubmissions=10
69385 page=4 submissionsAfterChallengeStart=5
69385 page=4 nextHref=status.aspx?space=1&amp;author=69385&amp;from=9460282
69385 page=4 next=
408257 page=1 fetchUrl=https://acm.timus.ru/status.aspx?space=1&author=408257&count=100&locale=en
408257 page=1 pageSubmissions=81
408257 page=1 submissionsAfterChallengeStart=81
408257 page=1 nextHref=
408257 page=1 next=
408279 page=1 fetchUrl=https://acm.timus.ru/status.aspx?space=1&author=408279&count=100&locale=en
408279 page=1 pageSubmissions=1
408279 page=1 submissionsAfterChallengeStart=1
408279 page=1 nextHref=
408279 page=1 next=
408277 page=1 fetchUrl=https://acm.timus.ru/status.aspx?space=1&author=408277&count=100&locale=en
408277 page=1 pageSubmissions=6
408277 page=1 submissionsAfterChallengeStart=6
408277 page=1 nextHref=
408277 page=1 next=
408280 page=1 fetchUrl=https://acm.timus.ru/status.aspx?space=1&author=408280&count=100&locale=en
408280 page=1 pageSubmissions=26
408280 page=1 submissionsAfterChallengeStart=26
408280 page=1 nextHref=
408280 page=1 next=
408281 page=1 fetchUrl=https://acm.timus.ru/status.aspx?space=1&author=408281&count=100&locale=en
408281 page=1 pageSubmissions=0
408281 page=1 submissionsAfterChallengeStart=0
408281 page=1 nextHref=
408281 page=1 next=
408282 page=1 fetchUrl=https://acm.timus.ru/status.aspx?space=1&author=408282&count=100&locale=en
408282 page=1 pageSubmissions=3
408282 page=1 submissionsAfterChallengeStart=3
408282 page=1 nextHref=
408282 page=1 next=
408283 page=1 fetchUrl=https://acm.timus.ru/status.aspx?space=1&author=408283&count=100&locale=en
408283 page=1 pageSubmissions=51
408283 page=1 submissionsAfterChallengeStart=51
408283 page=1 nextHref=
408283 page=1 next=
408292 page=1 fetchUrl=https://acm.timus.ru/status.aspx?space=1&author=408292&count=100&locale=en
408292 page=1 pageSubmissions=55
408292 page=1 submissionsAfterChallengeStart=55
408292 page=1 nextHref=
408292 page=1 next=
408293 page=1 fetchUrl=https://acm.timus.ru/status.aspx?space=1&author=408293&count=100&locale=en
408293 page=1 pageSubmissions=14
408293 page=1 submissionsAfterChallengeStart=14
408293 page=1 nextHref=
408293 page=1 next=
408296 page=1 fetchUrl=https://acm.timus.ru/status.aspx?space=1&author=408296&count=100&locale=en
408296 page=1 pageSubmissions=32
408296 page=1 submissionsAfterChallengeStart=32
408296 page=1 nextHref=
408296 page=1 next=
408294 page=1 fetchUrl=https://acm.timus.ru/status.aspx?space=1&author=408294&count=100&locale=en
408294 page=1 pageSubmissions=28
408294 page=1 submissionsAfterChallengeStart=28
408294 page=1 nextHref=
408294 page=1 next=
408298 page=1 fetchUrl=https://acm.timus.ru/status.aspx?space=1&author=408298&count=100&locale=en
408298 page=1 pageSubmissions=20
408298 page=1 submissionsAfterChallengeStart=20
408298 page=1 nextHref=
408298 page=1 next=
408303 page=1 fetchUrl=https://acm.timus.ru/status.aspx?space=1&author=408303&count=100&locale=en
408303 page=1 pageSubmissions=91
408303 page=1 submissionsAfterChallengeStart=91
408303 page=1 nextHref=
408303 page=1 next=
408307 page=1 fetchUrl=https://acm.timus.ru/status.aspx?space=1&author=408307&count=100&locale=en
408307 page=1 pageSubmissions=3
408307 page=1 submissionsAfterChallengeStart=3
408307 page=1 nextHref=
408307 page=1 next=
408311 page=1 fetchUrl=https://acm.timus.ru/status.aspx?space=1&author=408311&count=100&locale=en
408311 page=1 pageSubmissions=5
408311 page=1 submissionsAfterChallengeStart=5
408311 page=1 nextHref=
408311 page=1 next=
408323 page=1 fetchUrl=https://acm.timus.ru/status.aspx?space=1&author=408323&count=100&locale=en
408323 page=1 pageSubmissions=21
408323 page=1 submissionsAfterChallengeStart=21
408323 page=1 nextHref=
408323 page=1 next=
408301 page=1 fetchUrl=https://acm.timus.ru/status.aspx?space=1&author=408301&count=100&locale=en
408301 page=1 pageSubmissions=16
408301 page=1 submissionsAfterChallengeStart=16
408301 page=1 nextHref=
408301 page=1 next=
408326 page=1 fetchUrl=https://acm.timus.ru/status.aspx?space=1&author=408326&count=100&locale=en
408326 page=1 pageSubmissions=12
408326 page=1 submissionsAfterChallengeStart=12
408326 page=1 nextHref=
408326 page=1 next=
# 2026-08-30T02:28:51.990Z
69385 page=1 fetchUrl=https://acm.timus.ru/status.aspx?space=1&author=69385&count=100&locale=en
69385 page=1 pageSubmissions=100
69385 page=1 submissionsAfterChallengeStart=100
69385 page=1 nextHref=status.aspx?space=1&amp;author=69385&amp;from=11241301
69385 page=1 next=/status.aspx?space=1&author=69385&from=11241301
69385 page=2 fetchUrl=https://acm.timus.ru/status.aspx?space=1&author=69385&from=11241301
69385 page=2 pageSubmissions=10
69385 page=2 submissionsAfterChallengeStart=10
69385 page=2 nextHref=status.aspx?space=1&amp;author=69385&amp;from=11240680
69385 page=2 next=/status.aspx?space=1&author=69385&from=11240680
69385 page=3 fetchUrl=https://acm.timus.ru/status.aspx?space=1&author=69385&from=11240680
69385 page=3 pageSubmissions=10
69385 page=3 submissionsAfterChallengeStart=10
69385 page=3 nextHref=status.aspx?space=1&amp;author=69385&amp;from=11240576
69385 page=3 next=/status.aspx?space=1&author=69385&from=11240576
69385 page=4 fetchUrl=https://acm.timus.ru/status.aspx?space=1&author=69385&from=11240576
69385 page=4 pageSubmissions=10
69385 page=4 submissionsAfterChallengeStart=5
69385 page=4 nextHref=status.aspx?space=1&amp;author=69385&amp;from=9460282
69385 page=4 next=
408257 page=1 fetchUrl=https://acm.timus.ru/status.aspx?space=1&author=408257&count=100&locale=en
408257 page=1 pageSubmissions=81
408257 page=1 submissionsAfterChallengeStart=81
408257 page=1 nextHref=
408257 page=1 next=
408279 page=1 fetchUrl=https://acm.timus.ru/status.aspx?space=1&author=408279&count=100&locale=en
408279 page=1 pageSubmissions=1
408279 page=1 submissionsAfterChallengeStart=1
408279 page=1 nextHref=
408279 page=1 next=
408277 page=1 fetchUrl=https://acm.timus.ru/status.aspx?space=1&author=408277&count=100&locale=en
408277 page=1 pageSubmissions=6
408277 page=1 submissionsAfterChallengeStart=6
408277 page=1 nextHref=
408277 page=1 next=
408280 page=1 fetchUrl=https://acm.timus.ru/status.aspx?space=1&author=408280&count=100&locale=en
408280 page=1 pageSubmissions=26
408280 page=1 submissionsAfterChallengeStart=26
408280 page=1 nextHref=
408280 page=1 next=
408281 page=1 fetchUrl=https://acm.timus.ru/status.aspx?space=1&author=408281&count=100&locale=en
408281 page=1 pageSubmissions=0
408281 page=1 submissionsAfterChallengeStart=0
408281 page=1 nextHref=
408281 page=1 next=
408282 page=1 fetchUrl=https://acm.timus.ru/status.aspx?space=1&author=408282&count=100&locale=en
408282 page=1 pageSubmissions=3
408282 page=1 submissionsAfterChallengeStart=3
408282 page=1 nextHref=
408282 page=1 next=
408283 page=1 fetchUrl=https://acm.timus.ru/status.aspx?space=1&author=408283&count=100&locale=en
408283 page=1 pageSubmissions=51
408283 page=1 submissionsAfterChallengeStart=51
408283 page=1 nextHref=
408283 page=1 next=
408292 page=1 fetchUrl=https://acm.timus.ru/status.aspx?space=1&author=408292&count=100&locale=en
408292 page=1 pageSubmissions=55
408292 page=1 submissionsAfterChallengeStart=55
408292 page=1 nextHref=
408292 page=1 next=
408293 page=1 fetchUrl=https://acm.timus.ru/status.aspx?space=1&author=408293&count=100&locale=en
408293 page=1 pageSubmissions=14
408293 page=1 submissionsAfterChallengeStart=14
408293 page=1 nextHref=
408293 page=1 next=
408296 page=1 fetchUrl=https://acm.timus.ru/status.aspx?space=1&author=408296&count=100&locale=en
408296 page=1 pageSubmissions=32
408296 page=1 submissionsAfterChallengeStart=32
408296 page=1 nextHref=
408296 page=1 next=
408294 page=1 fetchUrl=https://acm.timus.ru/status.aspx?space=1&author=408294&count=100&locale=en
408294 page=1 pageSubmissions=28
408294 page=1 submissionsAfterChallengeStart=28
408294 page=1 nextHref=
408294 page=1 next=
408298 page=1 fetchUrl=https://acm.timus.ru/status.aspx?space=1&author=408298&count=100&locale=en
408298 page=1 pageSubmissions=20
408298 page=1 submissionsAfterChallengeStart=20
408298 page=1 nextHref=
408298 page=1 next=
408303 page=1 fetchUrl=https://acm.timus.ru/status.aspx?space=1&author=408303&count=100&locale=en
408303 page=1 pageSubmissions=91
408303 page=1 submissionsAfterChallengeStart=91
408303 page=1 nextHref=
408303 page=1 next=
408307 page=1 fetchUrl=https://acm.timus.ru/status.aspx?space=1&author=408307&count=100&locale=en
408307 page=1 pageSubmissions=3
408307 page=1 submissionsAfterChallengeStart=3
408307 page=1 nextHref=
408307 page=1 next=
408311 page=1 fetchUrl=https://acm.timus.ru/status.aspx?space=1&author=408311&count=100&locale=en
408311 page=1 pageSubmissions=5
408311 page=1 submissionsAfterChallengeStart=5
408311 page=1 nextHref=
408311 page=1 next=
408323 page=1 fetchUrl=https://acm.timus.ru/status.aspx?space=1&author=408323&count=100&locale=en
408323 page=1 pageSubmissions=21
408323 page=1 submissionsAfterChallengeStart=21
408323 page=1 nextHref=
408323 page=1 next=
408301 page=1 fetchUrl=https://acm.timus.ru/status.aspx?space=1&author=408301&count=100&locale=en
408301 page=1 pageSubmissions=16
408301 page=1 submissionsAfterChallengeStart=16
408301 page=1 nextHref=
408301 page=1 next=
408326 page=1 fetchUrl=https://acm.timus.ru/status.aspx?space=1&author=408326&count=100&locale=en
408326 page=1 pageSubmissions=12
408326 page=1 submissionsAfterChallengeStart=12
408326 page=1 nextHref=
408326 page=1 next=
# 2026-08-30T02:33:52.590Z
69385 page=1 fetchUrl=https://acm.timus.ru/status.aspx?space=1&author=69385&count=100&locale=en
69385 page=1 pageSubmissions=100
69385 page=1 submissionsAfterChallengeStart=100
69385 page=1 nextHref=status.aspx?space=1&amp;author=69385&amp;from=11241301
69385 page=1 next=/status.aspx?space=1&author=69385&from=11241301
69385 page=2 fetchUrl=https://acm.timus.ru/status.aspx?space=1&author=69385&from=11241301
69385 page=2 pageSubmissions=10
69385 page=2 submissionsAfterChallengeStart=10
69385 page=2 nextHref=status.aspx?space=1&amp;author=69385&amp;from=11240680
69385 page=2 next=/status.aspx?space=1&author=69385&from=11240680
69385 page=3 fetchUrl=https://acm.timus.ru/status.aspx?space=1&author=69385&from=11240680
69385 page=3 pageSubmissions=10
69385 page=3 submissionsAfterChallengeStart=10
69385 page=3 nextHref=status.aspx?space=1&amp;author=69385&amp;from=11240576
69385 page=3 next=/status.aspx?space=1&author=69385&from=11240576
69385 page=4 fetchUrl=https://acm.timus.ru/status.aspx?space=1&author=69385&from=11240576
69385 page=4 pageSubmissions=10
69385 page=4 submissionsAfterChallengeStart=5
69385 page=4 nextHref=status.aspx?space=1&amp;author=69385&amp;from=9460282
69385 page=4 next=
408257 page=1 fetchUrl=https://acm.timus.ru/status.aspx?space=1&author=408257&count=100&locale=en
408257 page=1 pageSubmissions=81
408257 page=1 submissionsAfterChallengeStart=81
408257 page=1 nextHref=
408257 page=1 next=
408279 page=1 fetchUrl=https://acm.timus.ru/status.aspx?space=1&author=408279&count=100&locale=en
408279 page=1 pageSubmissions=1
408279 page=1 submissionsAfterChallengeStart=1
408279 page=1 nextHref=
408279 page=1 next=
408277 page=1 fetchUrl=https://acm.timus.ru/status.aspx?space=1&author=408277&count=100&locale=en
408277 page=1 pageSubmissions=6
408277 page=1 submissionsAfterChallengeStart=6
408277 page=1 nextHref=
408277 page=1 next=
408280 page=1 fetchUrl=https://acm.timus.ru/status.aspx?space=1&author=408280&count=100&locale=en
408280 page=1 pageSubmissions=26
408280 page=1 submissionsAfterChallengeStart=26
408280 page=1 nextHref=
408280 page=1 next=
408281 page=1 fetchUrl=https://acm.timus.ru/status.aspx?space=1&author=408281&count=100&locale=en
408281 page=1 pageSubmissions=0
408281 page=1 submissionsAfterChallengeStart=0
408281 page=1 nextHref=
408281 page=1 next=
408282 page=1 fetchUrl=https://acm.timus.ru/status.aspx?space=1&author=408282&count=100&locale=en
408282 page=1 pageSubmissions=3
408282 page=1 submissionsAfterChallengeStart=3
408282 page=1 nextHref=
408282 page=1 next=
408283 page=1 fetchUrl=https://acm.timus.ru/status.aspx?space=1&author=408283&count=100&locale=en
408283 page=1 pageSubmissions=51
408283 page=1 submissionsAfterChallengeStart=51
408283 page=1 nextHref=
408283 page=1 next=
408292 page=1 fetchUrl=https://acm.timus.ru/status.aspx?space=1&author=408292&count=100&locale=en
408292 page=1 pageSubmissions=55
408292 page=1 submissionsAfterChallengeStart=55
408292 page=1 nextHref=
408292 page=1 next=
408293 page=1 fetchUrl=https://acm.timus.ru/status.aspx?space=1&author=408293&count=100&locale=en
408293 page=1 pageSubmissions=14
408293 page=1 submissionsAfterChallengeStart=14
408293 page=1 nextHref=
408293 page=1 next=
408296 page=1 fetchUrl=https://acm.timus.ru/status.aspx?space=1&author=408296&count=100&locale=en
408296 page=1 pageSubmissions=32
408296 page=1 submissionsAfterChallengeStart=32
408296 page=1 nextHref=
408296 page=1 next=
408294 page=1 fetchUrl=https://acm.timus.ru/status.aspx?space=1&author=408294&count=100&locale=en
408294 page=1 pageSubmissions=28
408294 page=1 submissionsAfterChallengeStart=28
408294 page=1 nextHref=
408294 page=1 next=
408298 page=1 fetchUrl=https://acm.timus.ru/status.aspx?space=1&author=408298&count=100&locale=en
408298 page=1 pageSubmissions=20
408298 page=1 submissionsAfterChallengeStart=20
408298 page=1 nextHref=
408298 page=1 next=
408303 page=1 fetchUrl=https://acm.timus.ru/status.aspx?space=1&author=408303&count=100&locale=en
408303 page=1 pageSubmissions=91
408303 page=1 submissionsAfterChallengeStart=91
408303 page=1 nextHref=
408303 page=1 next=
408307 page=1 fetchUrl=https://acm.timus.ru/status.aspx?space=1&author=408307&count=100&locale=en
408307 page=1 pageSubmissions=3
408307 page=1 submissionsAfterChallengeStart=3
408307 page=1 nextHref=
408307 page=1 next=
408311 page=1 fetchUrl=https://acm.timus.ru/status.aspx?space=1&author=408311&count=100&locale=en
408311 page=1 pageSubmissions=5
408311 page=1 submissionsAfterChallengeStart=5
408311 page=1 nextHref=
408311 page=1 next=
408323 page=1 fetchUrl=https://acm.timus.ru/status.aspx?space=1&author=408323&count=100&locale=en
408323 page=1 pageSubmissions=21
408323 page=1 submissionsAfterChallengeStart=21
408323 page=1 nextHref=
408323 page=1 next=
408301 page=1 fetchUrl=https://acm.timus.ru/status.aspx?space=1&author=408301&count=100&locale=en
408301 page=1 pageSubmissions=16
408301 page=1 submissionsAfterChallengeStart=16
408301 page=1 nextHref=
408301 page=1 next=
408326 page=1 fetchUrl=https://acm.timus.ru/status.aspx?space=1&author=408326&count=100&locale=en
408326 page=1 pageSubmissions=12
408326 page=1 submissionsAfterChallengeStart=12
408326 page=1 nextHref=
408326 page=1 next=
# 2026-08-30T02:38:55.685Z
69385 page=1 fetchUrl=https://acm.timus.ru/status.aspx?space=1&author=69385&count=100&locale=en
69385 page=1 pageSubmissions=100
69385 page=1 submissionsAfterChallengeStart=100
69385 page=1 nextHref=status.aspx?space=1&amp;author=69385&amp;from=11241301
69385 page=1 next=/status.aspx?space=1&author=69385&from=11241301
69385 page=2 fetchUrl=https://acm.timus.ru/status.aspx?space=1&author=69385&from=11241301
69385 page=2 pageSubmissions=10
69385 page=2 submissionsAfterChallengeStart=10
69385 page=2 nextHref=status.aspx?space=1&amp;author=69385&amp;from=11240680
69385 page=2 next=/status.aspx?space=1&author=69385&from=11240680
69385 page=3 fetchUrl=https://acm.timus.ru/status.aspx?space=1&author=69385&from=11240680
69385 page=3 pageSubmissions=10
69385 page=3 submissionsAfterChallengeStart=10
69385 page=3 nextHref=status.aspx?space=1&amp;author=69385&amp;from=11240576
69385 page=3 next=/status.aspx?space=1&author=69385&from=11240576
69385 page=4 fetchUrl=https://acm.timus.ru/status.aspx?space=1&author=69385&from=11240576
69385 page=4 pageSubmissions=10
69385 page=4 submissionsAfterChallengeStart=5
69385 page=4 nextHref=status.aspx?space=1&amp;author=69385&amp;from=9460282
69385 page=4 next=
408257 page=1 fetchUrl=https://acm.timus.ru/status.aspx?space=1&author=408257&count=100&locale=en
408257 page=1 pageSubmissions=81
408257 page=1 submissionsAfterChallengeStart=81
408257 page=1 nextHref=
408257 page=1 next=
408279 page=1 fetchUrl=https://acm.timus.ru/status.aspx?space=1&author=408279&count=100&locale=en
408279 page=1 pageSubmissions=1
408279 page=1 submissionsAfterChallengeStart=1
408279 page=1 nextHref=
408279 page=1 next=
408277 page=1 fetchUrl=https://acm.timus.ru/status.aspx?space=1&author=408277&count=100&locale=en
408277 page=1 pageSubmissions=6
408277 page=1 submissionsAfterChallengeStart=6
408277 page=1 nextHref=
408277 page=1 next=
408280 page=1 fetchUrl=https://acm.timus.ru/status.aspx?space=1&author=408280&count=100&locale=en
408280 page=1 pageSubmissions=26
408280 page=1 submissionsAfterChallengeStart=26
408280 page=1 nextHref=
408280 page=1 next=
408281 page=1 fetchUrl=https://acm.timus.ru/status.aspx?space=1&author=408281&count=100&locale=en
408281 page=1 pageSubmissions=0
408281 page=1 submissionsAfterChallengeStart=0
408281 page=1 nextHref=
408281 page=1 next=
408282 page=1 fetchUrl=https://acm.timus.ru/status.aspx?space=1&author=408282&count=100&locale=en
408282 page=1 pageSubmissions=3
408282 page=1 submissionsAfterChallengeStart=3
408282 page=1 nextHref=
408282 page=1 next=
408283 page=1 fetchUrl=https://acm.timus.ru/status.aspx?space=1&author=408283&count=100&locale=en
408283 page=1 pageSubmissions=51
408283 page=1 submissionsAfterChallengeStart=51
408283 page=1 nextHref=
408283 page=1 next=
408292 page=1 fetchUrl=https://acm.timus.ru/status.aspx?space=1&author=408292&count=100&locale=en
408292 page=1 pageSubmissions=55
408292 page=1 submissionsAfterChallengeStart=55
408292 page=1 nextHref=
408292 page=1 next=
408293 page=1 fetchUrl=https://acm.timus.ru/status.aspx?space=1&author=408293&count=100&locale=en
408293 page=1 pageSubmissions=14
408293 page=1 submissionsAfterChallengeStart=14
408293 page=1 nextHref=
408293 page=1 next=
408296 page=1 fetchUrl=https://acm.timus.ru/status.aspx?space=1&author=408296&count=100&locale=en
408296 page=1 pageSubmissions=32
408296 page=1 submissionsAfterChallengeStart=32
408296 page=1 nextHref=
408296 page=1 next=
408294 page=1 fetchUrl=https://acm.timus.ru/status.aspx?space=1&author=408294&count=100&locale=en
408294 page=1 pageSubmissions=28
408294 page=1 submissionsAfterChallengeStart=28
408294 page=1 nextHref=
408294 page=1 next=
408298 page=1 fetchUrl=https://acm.timus.ru/status.aspx?space=1&author=408298&count=100&locale=en
408298 page=1 pageSubmissions=20
408298 page=1 submissionsAfterChallengeStart=20
408298 page=1 nextHref=
408298 page=1 next=
408303 page=1 fetchUrl=https://acm.timus.ru/status.aspx?space=1&author=408303&count=100&locale=en
408303 page=1 pageSubmissions=91
408303 page=1 submissionsAfterChallengeStart=91
408303 page=1 nextHref=
408303 page=1 next=
408307 page=1 fetchUrl=https://acm.timus.ru/status.aspx?space=1&author=408307&count=100&locale=en
408307 page=1 pageSubmissions=3
408307 page=1 submissionsAfterChallengeStart=3
408307 page=1 nextHref=
408307 page=1 next=
408311 page=1 fetchUrl=https://acm.timus.ru/status.aspx?space=1&author=408311&count=100&locale=en
408311 page=1 pageSubmissions=5
408311 page=1 submissionsAfterChallengeStart=5
408311 page=1 nextHref=
408311 page=1 next=
408323 page=1 fetchUrl=https://acm.timus.ru/status.aspx?space=1&author=408323&count=100&locale=en
408323 page=1 pageSubmissions=21
408323 page=1 submissionsAfterChallengeStart=21
408323 page=1 nextHref=
408323 page=1 next=
408301 page=1 fetchUrl=https://acm.timus.ru/status.aspx?space=1&author=408301&count=100&locale=en
408301 page=1 pageSubmissions=16
408301 page=1 submissionsAfterChallengeStart=16
408301 page=1 nextHref=
408301 page=1 next=
408326 page=1 fetchUrl=https://acm.timus.ru/status.aspx?space=1&author=408326&count=100&locale=en
408326 page=1 pageSubmissions=12
408326 page=1 submissionsAfterChallengeStart=12
408326 page=1 nextHref=
408326 page=1 next=
# 2026-08-30T02:43:51.251Z
69385 page=1 fetchUrl=https://acm.timus.ru/status.aspx?space=1&author=69385&count=100&locale=en
69385 page=1 pageSubmissions=100
69385 page=1 submissionsAfterChallengeStart=100
69385 page=1 nextHref=status.aspx?space=1&amp;author=69385&amp;from=11241301
69385 page=1 next=/status.aspx?space=1&author=69385&from=11241301
69385 page=2 fetchUrl=https://acm.timus.ru/status.aspx?space=1&author=69385&from=11241301
69385 page=2 pageSubmissions=10
69385 page=2 submissionsAfterChallengeStart=10
69385 page=2 nextHref=status.aspx?space=1&amp;author=69385&amp;from=11240680
69385 page=2 next=/status.aspx?space=1&author=69385&from=11240680
69385 page=3 fetchUrl=https://acm.timus.ru/status.aspx?space=1&author=69385&from=11240680
69385 page=3 pageSubmissions=10
69385 page=3 submissionsAfterChallengeStart=10
69385 page=3 nextHref=status.aspx?space=1&amp;author=69385&amp;from=11240576
69385 page=3 next=/status.aspx?space=1&author=69385&from=11240576
69385 page=4 fetchUrl=https://acm.timus.ru/status.aspx?space=1&author=69385&from=11240576
69385 page=4 pageSubmissions=10
69385 page=4 submissionsAfterChallengeStart=5
69385 page=4 nextHref=status.aspx?space=1&amp;author=69385&amp;from=9460282
69385 page=4 next=
408257 page=1 fetchUrl=https://acm.timus.ru/status.aspx?space=1&author=408257&count=100&locale=en
408257 page=1 pageSubmissions=81
408257 page=1 submissionsAfterChallengeStart=81
408257 page=1 nextHref=
408257 page=1 next=
408279 page=1 fetchUrl=https://acm.timus.ru/status.aspx?space=1&author=408279&count=100&locale=en
408279 page=1 pageSubmissions=1
408279 page=1 submissionsAfterChallengeStart=1
408279 page=1 nextHref=
408279 page=1 next=
408277 page=1 fetchUrl=https://acm.timus.ru/status.aspx?space=1&author=408277&count=100&locale=en
408277 page=1 pageSubmissions=6
408277 page=1 submissionsAfterChallengeStart=6
408277 page=1 nextHref=
408277 page=1 next=
408280 page=1 fetchUrl=https://acm.timus.ru/status.aspx?space=1&author=408280&count=100&locale=en
408280 page=1 pageSubmissions=26
408280 page=1 submissionsAfterChallengeStart=26
408280 page=1 nextHref=
408280 page=1 next=
408281 page=1 fetchUrl=https://acm.timus.ru/status.aspx?space=1&author=408281&count=100&locale=en
408281 page=1 pageSubmissions=0
408281 page=1 submissionsAfterChallengeStart=0
408281 page=1 nextHref=
408281 page=1 next=
408282 page=1 fetchUrl=https://acm.timus.ru/status.aspx?space=1&author=408282&count=100&locale=en
408282 page=1 pageSubmissions=3
408282 page=1 submissionsAfterChallengeStart=3
408282 page=1 nextHref=
408282 page=1 next=
408283 page=1 fetchUrl=https://acm.timus.ru/status.aspx?space=1&author=408283&count=100&locale=en
408283 page=1 pageSubmissions=51
408283 page=1 submissionsAfterChallengeStart=51
408283 page=1 nextHref=
408283 page=1 next=
408292 page=1 fetchUrl=https://acm.timus.ru/status.aspx?space=1&author=408292&count=100&locale=en
408292 page=1 pageSubmissions=55
408292 page=1 submissionsAfterChallengeStart=55
408292 page=1 nextHref=
408292 page=1 next=
408293 page=1 fetchUrl=https://acm.timus.ru/status.aspx?space=1&author=408293&count=100&locale=en
408293 page=1 pageSubmissions=14
408293 page=1 submissionsAfterChallengeStart=14
408293 page=1 nextHref=
408293 page=1 next=
408296 page=1 fetchUrl=https://acm.timus.ru/status.aspx?space=1&author=408296&count=100&locale=en
408296 page=1 pageSubmissions=32
408296 page=1 submissionsAfterChallengeStart=32
408296 page=1 nextHref=
408296 page=1 next=
408294 page=1 fetchUrl=https://acm.timus.ru/status.aspx?space=1&author=408294&count=100&locale=en
408294 page=1 pageSubmissions=28
408294 page=1 submissionsAfterChallengeStart=28
408294 page=1 nextHref=
408294 page=1 next=
408298 page=1 fetchUrl=https://acm.timus.ru/status.aspx?space=1&author=408298&count=100&locale=en
408298 page=1 pageSubmissions=20
408298 page=1 submissionsAfterChallengeStart=20
408298 page=1 nextHref=
408298 page=1 next=
408303 page=1 fetchUrl=https://acm.timus.ru/status.aspx?space=1&author=408303&count=100&locale=en
408303 page=1 pageSubmissions=91
408303 page=1 submissionsAfterChallengeStart=91
408303 page=1 nextHref=
408303 page=1 next=
408307 page=1 fetchUrl=https://acm.timus.ru/status.aspx?space=1&author=408307&count=100&locale=en
408307 page=1 pageSubmissions=3
408307 page=1 submissionsAfterChallengeStart=3
408307 page=1 nextHref=
408307 page=1 next=
408311 page=1 fetchUrl=https://acm.timus.ru/status.aspx?space=1&author=408311&count=100&locale=en
408311 page=1 pageSubmissions=5
408311 page=1 submissionsAfterChallengeStart=5
408311 page=1 nextHref=
408311 page=1 next=
408323 page=1 fetchUrl=https://acm.timus.ru/status.aspx?space=1&author=408323&count=100&locale=en
408323 page=1 pageSubmissions=21
408323 page=1 submissionsAfterChallengeStart=21
408323 page=1 nextHref=
408323 page=1 next=
408301 page=1 fetchUrl=https://acm.timus.ru/status.aspx?space=1&author=408301&count=100&locale=en
408301 page=1 pageSubmissions=16
408301 page=1 submissionsAfterChallengeStart=16
408301 page=1 nextHref=
408301 page=1 next=
408326 page=1 fetchUrl=https://acm.timus.ru/status.aspx?space=1&author=408326&count=100&locale=en
408326 page=1 pageSubmissions=12
408326 page=1 submissionsAfterChallengeStart=12
408326 page=1 nextHref=
408326 page=1 next=
# 2026-08-30T02:48:52.975Z
69385 page=1 fetchUrl=https://acm.timus.ru/status.aspx?space=1&author=69385&count=100&locale=en
69385 page=1 pageSubmissions=100
69385 page=1 submissionsAfterChallengeStart=100
69385 page=1 nextHref=status.aspx?space=1&amp;author=69385&amp;from=11241301
69385 page=1 next=/status.aspx?space=1&author=69385&from=11241301
69385 page=2 fetchUrl=https://acm.timus.ru/status.aspx?space=1&author=69385&from=11241301
69385 page=2 pageSubmissions=10
69385 page=2 submissionsAfterChallengeStart=10
69385 page=2 nextHref=status.aspx?space=1&amp;author=69385&amp;from=11240680
69385 page=2 next=/status.aspx?space=1&author=69385&from=11240680
69385 page=3 fetchUrl=https://acm.timus.ru/status.aspx?space=1&author=69385&from=11240680
69385 page=3 pageSubmissions=10
69385 page=3 submissionsAfterChallengeStart=10
69385 page=3 nextHref=status.aspx?space=1&amp;author=69385&amp;from=11240576
69385 page=3 next=/status.aspx?space=1&author=69385&from=11240576
69385 page=4 fetchUrl=https://acm.timus.ru/status.aspx?space=1&author=69385&from=11240576
69385 page=4 pageSubmissions=10
69385 page=4 submissionsAfterChallengeStart=5
69385 page=4 nextHref=status.aspx?space=1&amp;author=69385&amp;from=9460282
69385 page=4 next=
408257 page=1 fetchUrl=https://acm.timus.ru/status.aspx?space=1&author=408257&count=100&locale=en
408257 page=1 pageSubmissions=81
408257 page=1 submissionsAfterChallengeStart=81
408257 page=1 nextHref=
408257 page=1 next=
408279 page=1 fetchUrl=https://acm.timus.ru/status.aspx?space=1&author=408279&count=100&locale=en
408279 page=1 pageSubmissions=1
408279 page=1 submissionsAfterChallengeStart=1
408279 page=1 nextHref=
408279 page=1 next=
408277 page=1 fetchUrl=https://acm.timus.ru/status.aspx?space=1&author=408277&count=100&locale=en
408277 page=1 pageSubmissions=6
408277 page=1 submissionsAfterChallengeStart=6
408277 page=1 nextHref=
408277 page=1 next=
408280 page=1 fetchUrl=https://acm.timus.ru/status.aspx?space=1&author=408280&count=100&locale=en
408280 page=1 pageSubmissions=26
408280 page=1 submissionsAfterChallengeStart=26
408280 page=1 nextHref=
408280 page=1 next=
408281 page=1 fetchUrl=https://acm.timus.ru/status.aspx?space=1&author=408281&count=100&locale=en
408281 page=1 pageSubmissions=0
408281 page=1 submissionsAfterChallengeStart=0
408281 page=1 nextHref=
408281 page=1 next=
408282 page=1 fetchUrl=https://acm.timus.ru/status.aspx?space=1&author=408282&count=100&locale=en
408282 page=1 pageSubmissions=3
408282 page=1 submissionsAfterChallengeStart=3
408282 page=1 nextHref=
408282 page=1 next=
408283 page=1 fetchUrl=https://acm.timus.ru/status.aspx?space=1&author=408283&count=100&locale=en
408283 page=1 pageSubmissions=51
408283 page=1 submissionsAfterChallengeStart=51
408283 page=1 nextHref=
408283 page=1 next=
408292 page=1 fetchUrl=https://acm.timus.ru/status.aspx?space=1&author=408292&count=100&locale=en
408292 page=1 pageSubmissions=55
408292 page=1 submissionsAfterChallengeStart=55
408292 page=1 nextHref=
408292 page=1 next=
408293 page=1 fetchUrl=https://acm.timus.ru/status.aspx?space=1&author=408293&count=100&locale=en
408293 page=1 pageSubmissions=14
408293 page=1 submissionsAfterChallengeStart=14
408293 page=1 nextHref=
408293 page=1 next=
408296 page=1 fetchUrl=https://acm.timus.ru/status.aspx?space=1&author=408296&count=100&locale=en
408296 page=1 pageSubmissions=32
408296 page=1 submissionsAfterChallengeStart=32
408296 page=1 nextHref=
408296 page=1 next=
408294 page=1 fetchUrl=https://acm.timus.ru/status.aspx?space=1&author=408294&count=100&locale=en
408294 page=1 pageSubmissions=28
408294 page=1 submissionsAfterChallengeStart=28
408294 page=1 nextHref=
408294 page=1 next=
408298 page=1 fetchUrl=https://acm.timus.ru/status.aspx?space=1&author=408298&count=100&locale=en
408298 page=1 pageSubmissions=20
408298 page=1 submissionsAfterChallengeStart=20
408298 page=1 nextHref=
408298 page=1 next=
408303 page=1 fetchUrl=https://acm.timus.ru/status.aspx?space=1&author=408303&count=100&locale=en
408303 page=1 pageSubmissions=91
408303 page=1 submissionsAfterChallengeStart=91
408303 page=1 nextHref=
408303 page=1 next=
408307 page=1 fetchUrl=https://acm.timus.ru/status.aspx?space=1&author=408307&count=100&locale=en
408307 page=1 pageSubmissions=3
408307 page=1 submissionsAfterChallengeStart=3
408307 page=1 nextHref=
408307 page=1 next=
408311 page=1 fetchUrl=https://acm.timus.ru/status.aspx?space=1&author=408311&count=100&locale=en
408311 page=1 pageSubmissions=5
408311 page=1 submissionsAfterChallengeStart=5
408311 page=1 nextHref=
408311 page=1 next=
408323 page=1 fetchUrl=https://acm.timus.ru/status.aspx?space=1&author=408323&count=100&locale=en
408323 page=1 pageSubmissions=21
408323 page=1 submissionsAfterChallengeStart=21
408323 page=1 nextHref=
408323 page=1 next=
408301 page=1 fetchUrl=https://acm.timus.ru/status.aspx?space=1&author=408301&count=100&locale=en
408301 page=1 pageSubmissions=16
408301 page=1 submissionsAfterChallengeStart=16
408301 page=1 nextHref=
408301 page=1 next=
408326 page=1 fetchUrl=https://acm.timus.ru/status.aspx?space=1&author=408326&count=100&locale=en
408326 page=1 pageSubmissions=12
408326 page=1 submissionsAfterChallengeStart=12
408326 page=1 nextHref=
408326 page=1 next=
# 2026-08-30T02:53:54.197Z
69385 page=1 fetchUrl=https://acm.timus.ru/status.aspx?space=1&author=69385&count=100&locale=en
69385 page=1 pageSubmissions=100
69385 page=1 submissionsAfterChallengeStart=100
69385 page=1 nextHref=status.aspx?space=1&amp;author=69385&amp;from=11241301
69385 page=1 next=/status.aspx?space=1&author=69385&from=11241301
69385 page=2 fetchUrl=https://acm.timus.ru/status.aspx?space=1&author=69385&from=11241301
69385 page=2 pageSubmissions=10
69385 page=2 submissionsAfterChallengeStart=10
69385 page=2 nextHref=status.aspx?space=1&amp;author=69385&amp;from=11240680
69385 page=2 next=/status.aspx?space=1&author=69385&from=11240680
69385 page=3 fetchUrl=https://acm.timus.ru/status.aspx?space=1&author=69385&from=11240680
69385 page=3 pageSubmissions=10
69385 page=3 submissionsAfterChallengeStart=10
69385 page=3 nextHref=status.aspx?space=1&amp;author=69385&amp;from=11240576
69385 page=3 next=/status.aspx?space=1&author=69385&from=11240576
69385 page=4 fetchUrl=https://acm.timus.ru/status.aspx?space=1&author=69385&from=11240576
69385 page=4 pageSubmissions=10
69385 page=4 submissionsAfterChallengeStart=5
69385 page=4 nextHref=status.aspx?space=1&amp;author=69385&amp;from=9460282
69385 page=4 next=
408257 page=1 fetchUrl=https://acm.timus.ru/status.aspx?space=1&author=408257&count=100&locale=en
408257 page=1 pageSubmissions=81
408257 page=1 submissionsAfterChallengeStart=81
408257 page=1 nextHref=
408257 page=1 next=
408279 page=1 fetchUrl=https://acm.timus.ru/status.aspx?space=1&author=408279&count=100&locale=en
408279 page=1 pageSubmissions=1
408279 page=1 submissionsAfterChallengeStart=1
408279 page=1 nextHref=
408279 page=1 next=
408277 page=1 fetchUrl=https://acm.timus.ru/status.aspx?space=1&author=408277&count=100&locale=en
408277 page=1 pageSubmissions=6
408277 page=1 submissionsAfterChallengeStart=6
408277 page=1 nextHref=
408277 page=1 next=
408280 page=1 fetchUrl=https://acm.timus.ru/status.aspx?space=1&author=408280&count=100&locale=en
408280 page=1 pageSubmissions=26
408280 page=1 submissionsAfterChallengeStart=26
408280 page=1 nextHref=
408280 page=1 next=
408281 page=1 fetchUrl=https://acm.timus.ru/status.aspx?space=1&author=408281&count=100&locale=en
408281 page=1 pageSubmissions=0
408281 page=1 submissionsAfterChallengeStart=0
408281 page=1 nextHref=
408281 page=1 next=
408282 page=1 fetchUrl=https://acm.timus.ru/status.aspx?space=1&author=408282&count=100&locale=en
408282 page=1 pageSubmissions=3
408282 page=1 submissionsAfterChallengeStart=3
408282 page=1 nextHref=
408282 page=1 next=
408283 page=1 fetchUrl=https://acm.timus.ru/status.aspx?space=1&author=408283&count=100&locale=en
408283 page=1 pageSubmissions=51
408283 page=1 submissionsAfterChallengeStart=51
408283 page=1 nextHref=
408283 page=1 next=
408292 page=1 fetchUrl=https://acm.timus.ru/status.aspx?space=1&author=408292&count=100&locale=en
408292 page=1 pageSubmissions=55
408292 page=1 submissionsAfterChallengeStart=55
408292 page=1 nextHref=
408292 page=1 next=
408293 page=1 fetchUrl=https://acm.timus.ru/status.aspx?space=1&author=408293&count=100&locale=en
408293 page=1 pageSubmissions=14
408293 page=1 submissionsAfterChallengeStart=14
408293 page=1 nextHref=
408293 page=1 next=
408296 page=1 fetchUrl=https://acm.timus.ru/status.aspx?space=1&author=408296&count=100&locale=en
408296 page=1 pageSubmissions=32
408296 page=1 submissionsAfterChallengeStart=32
408296 page=1 nextHref=
408296 page=1 next=
408294 page=1 fetchUrl=https://acm.timus.ru/status.aspx?space=1&author=408294&count=100&locale=en
408294 page=1 pageSubmissions=28
408294 page=1 submissionsAfterChallengeStart=28
408294 page=1 nextHref=
408294 page=1 next=
408298 page=1 fetchUrl=https://acm.timus.ru/status.aspx?space=1&author=408298&count=100&locale=en
408298 page=1 pageSubmissions=20
408298 page=1 submissionsAfterChallengeStart=20
408298 page=1 nextHref=
408298 page=1 next=
408303 page=1 fetchUrl=https://acm.timus.ru/status.aspx?space=1&author=408303&count=100&locale=en
408303 page=1 pageSubmissions=91
408303 page=1 submissionsAfterChallengeStart=91
408303 page=1 nextHref=
408303 page=1 next=
408307 page=1 fetchUrl=https://acm.timus.ru/status.aspx?space=1&author=408307&count=100&locale=en
408307 page=1 pageSubmissions=3
408307 page=1 submissionsAfterChallengeStart=3
408307 page=1 nextHref=
408307 page=1 next=
408311 page=1 fetchUrl=https://acm.timus.ru/status.aspx?space=1&author=408311&count=100&locale=en
408311 page=1 pageSubmissions=5
408311 page=1 submissionsAfterChallengeStart=5
408311 page=1 nextHref=
408311 page=1 next=
408323 page=1 fetchUrl=https://acm.timus.ru/status.aspx?space=1&author=408323&count=100&locale=en
408323 page=1 pageSubmissions=21
408323 page=1 submissionsAfterChallengeStart=21
408323 page=1 nextHref=
408323 page=1 next=
408301 page=1 fetchUrl=https://acm.timus.ru/status.aspx?space=1&author=408301&count=100&locale=en
408301 page=1 pageSubmissions=16
408301 page=1 submissionsAfterChallengeStart=16
408301 page=1 nextHref=
408301 page=1 next=
408326 page=1 fetchUrl=https://acm.timus.ru/status.aspx?space=1&author=408326&count=100&locale=en
408326 page=1 pageSubmissions=12
408326 page=1 submissionsAfterChallengeStart=12
408326 page=1 nextHref=
408326 page=1 next=
# 2026-08-30T02:58:52.952Z
69385 page=1 fetchUrl=https://acm.timus.ru/status.aspx?space=1&author=69385&count=100&locale=en
69385 page=1 pageSubmissions=100
69385 page=1 submissionsAfterChallengeStart=100
69385 page=1 nextHref=status.aspx?space=1&amp;author=69385&amp;from=11241301
69385 page=1 next=/status.aspx?space=1&author=69385&from=11241301
69385 page=2 fetchUrl=https://acm.timus.ru/status.aspx?space=1&author=69385&from=11241301
69385 page=2 pageSubmissions=10
69385 page=2 submissionsAfterChallengeStart=10
69385 page=2 nextHref=status.aspx?space=1&amp;author=69385&amp;from=11240680
69385 page=2 next=/status.aspx?space=1&author=69385&from=11240680
69385 page=3 fetchUrl=https://acm.timus.ru/status.aspx?space=1&author=69385&from=11240680
69385 page=3 pageSubmissions=10
69385 page=3 submissionsAfterChallengeStart=10
69385 page=3 nextHref=status.aspx?space=1&amp;author=69385&amp;from=11240576
69385 page=3 next=/status.aspx?space=1&author=69385&from=11240576
69385 page=4 fetchUrl=https://acm.timus.ru/status.aspx?space=1&author=69385&from=11240576
69385 page=4 pageSubmissions=10
69385 page=4 submissionsAfterChallengeStart=5
69385 page=4 nextHref=status.aspx?space=1&amp;author=69385&amp;from=9460282
69385 page=4 next=
408257 page=1 fetchUrl=https://acm.timus.ru/status.aspx?space=1&author=408257&count=100&locale=en
408257 page=1 pageSubmissions=81
408257 page=1 submissionsAfterChallengeStart=81
408257 page=1 nextHref=
408257 page=1 next=
408279 page=1 fetchUrl=https://acm.timus.ru/status.aspx?space=1&author=408279&count=100&locale=en
408279 page=1 pageSubmissions=1
408279 page=1 submissionsAfterChallengeStart=1
408279 page=1 nextHref=
408279 page=1 next=
408277 page=1 fetchUrl=https://acm.timus.ru/status.aspx?space=1&author=408277&count=100&locale=en
408277 page=1 pageSubmissions=6
408277 page=1 submissionsAfterChallengeStart=6
408277 page=1 nextHref=
408277 page=1 next=
408280 page=1 fetchUrl=https://acm.timus.ru/status.aspx?space=1&author=408280&count=100&locale=en
408280 page=1 pageSubmissions=26
408280 page=1 submissionsAfterChallengeStart=26
408280 page=1 nextHref=
408280 page=1 next=
408281 page=1 fetchUrl=https://acm.timus.ru/status.aspx?space=1&author=408281&count=100&locale=en
408281 page=1 pageSubmissions=0
408281 page=1 submissionsAfterChallengeStart=0
408281 page=1 nextHref=
408281 page=1 next=
408282 page=1 fetchUrl=https://acm.timus.ru/status.aspx?space=1&author=408282&count=100&locale=en
408282 page=1 pageSubmissions=3
408282 page=1 submissionsAfterChallengeStart=3
408282 page=1 nextHref=
408282 page=1 next=
408283 page=1 fetchUrl=https://acm.timus.ru/status.aspx?space=1&author=408283&count=100&locale=en
408283 page=1 pageSubmissions=51
408283 page=1 submissionsAfterChallengeStart=51
408283 page=1 nextHref=
408283 page=1 next=
408292 page=1 fetchUrl=https://acm.timus.ru/status.aspx?space=1&author=408292&count=100&locale=en
408292 page=1 pageSubmissions=55
408292 page=1 submissionsAfterChallengeStart=55
408292 page=1 nextHref=
408292 page=1 next=
408293 page=1 fetchUrl=https://acm.timus.ru/status.aspx?space=1&author=408293&count=100&locale=en
408293 page=1 pageSubmissions=14
408293 page=1 submissionsAfterChallengeStart=14
408293 page=1 nextHref=
408293 page=1 next=
408296 page=1 fetchUrl=https://acm.timus.ru/status.aspx?space=1&author=408296&count=100&locale=en
408296 page=1 pageSubmissions=32
408296 page=1 submissionsAfterChallengeStart=32
408296 page=1 nextHref=
408296 page=1 next=
408294 page=1 fetchUrl=https://acm.timus.ru/status.aspx?space=1&author=408294&count=100&locale=en
408294 page=1 pageSubmissions=28
408294 page=1 submissionsAfterChallengeStart=28
408294 page=1 nextHref=
408294 page=1 next=
408298 page=1 fetchUrl=https://acm.timus.ru/status.aspx?space=1&author=408298&count=100&locale=en
408298 page=1 pageSubmissions=20
408298 page=1 submissionsAfterChallengeStart=20
408298 page=1 nextHref=
408298 page=1 next=
408303 page=1 fetchUrl=https://acm.timus.ru/status.aspx?space=1&author=408303&count=100&locale=en
408303 page=1 pageSubmissions=91
408303 page=1 submissionsAfterChallengeStart=91
408303 page=1 nextHref=
408303 page=1 next=
408307 page=1 fetchUrl=https://acm.timus.ru/status.aspx?space=1&author=408307&count=100&locale=en
408307 page=1 pageSubmissions=3
408307 page=1 submissionsAfterChallengeStart=3
408307 page=1 nextHref=
408307 page=1 next=
408311 page=1 fetchUrl=https://acm.timus.ru/status.aspx?space=1&author=408311&count=100&locale=en
408311 page=1 pageSubmissions=5
408311 page=1 submissionsAfterChallengeStart=5
408311 page=1 nextHref=
408311 page=1 next=
408323 page=1 fetchUrl=https://acm.timus.ru/status.aspx?space=1&author=408323&count=100&locale=en
408323 page=1 pageSubmissions=21
408323 page=1 submissionsAfterChallengeStart=21
408323 page=1 nextHref=
408323 page=1 next=
408301 page=1 fetchUrl=https://acm.timus.ru/status.aspx?space=1&author=408301&count=100&locale=en
408301 page=1 pageSubmissions=16
408301 page=1 submissionsAfterChallengeStart=16
408301 page=1 nextHref=
408301 page=1 next=
408326 page=1 fetchUrl=https://acm.timus.ru/status.aspx?space=1&author=408326&count=100&locale=en
408326 page=1 pageSubmissions=12
408326 page=1 submissionsAfterChallengeStart=12
408326 page=1 nextHref=
408326 page=1 next=
# 2026-08-30T03:03:55.432Z
69385 page=1 fetchUrl=https://acm.timus.ru/status.aspx?space=1&author=69385&count=100&locale=en
69385 page=1 pageSubmissions=100
69385 page=1 submissionsAfterChallengeStart=100
69385 page=1 nextHref=status.aspx?space=1&amp;author=69385&amp;from=11241301
69385 page=1 next=/status.aspx?space=1&author=69385&from=11241301
69385 page=2 fetchUrl=https://acm.timus.ru/status.aspx?space=1&author=69385&from=11241301
69385 page=2 pageSubmissions=10
69385 page=2 submissionsAfterChallengeStart=10
69385 page=2 nextHref=status.aspx?space=1&amp;author=69385&amp;from=11240680
69385 page=2 next=/status.aspx?space=1&author=69385&from=11240680
69385 page=3 fetchUrl=https://acm.timus.ru/status.aspx?space=1&author=69385&from=11240680
69385 page=3 pageSubmissions=10
69385 page=3 submissionsAfterChallengeStart=10
69385 page=3 nextHref=status.aspx?space=1&amp;author=69385&amp;from=11240576
69385 page=3 next=/status.aspx?space=1&author=69385&from=11240576
69385 page=4 fetchUrl=https://acm.timus.ru/status.aspx?space=1&author=69385&from=11240576
69385 page=4 pageSubmissions=10
69385 page=4 submissionsAfterChallengeStart=5
69385 page=4 nextHref=status.aspx?space=1&amp;author=69385&amp;from=9460282
69385 page=4 next=
408257 page=1 fetchUrl=https://acm.timus.ru/status.aspx?space=1&author=408257&count=100&locale=en
408257 page=1 pageSubmissions=81
408257 page=1 submissionsAfterChallengeStart=81
408257 page=1 nextHref=
408257 page=1 next=
408279 page=1 fetchUrl=https://acm.timus.ru/status.aspx?space=1&author=408279&count=100&locale=en
408279 page=1 pageSubmissions=1
408279 page=1 submissionsAfterChallengeStart=1
408279 page=1 nextHref=
408279 page=1 next=
408277 page=1 fetchUrl=https://acm.timus.ru/status.aspx?space=1&author=408277&count=100&locale=en
408277 page=1 pageSubmissions=6
408277 page=1 submissionsAfterChallengeStart=6
408277 page=1 nextHref=
408277 page=1 next=
408280 page=1 fetchUrl=https://acm.timus.ru/status.aspx?space=1&author=408280&count=100&locale=en
408280 page=1 pageSubmissions=26
408280 page=1 submissionsAfterChallengeStart=26
408280 page=1 nextHref=
408280 page=1 next=
408281 page=1 fetchUrl=https://acm.timus.ru/status.aspx?space=1&author=408281&count=100&locale=en
408281 page=1 pageSubmissions=0
408281 page=1 submissionsAfterChallengeStart=0
408281 page=1 nextHref=
408281 page=1 next=
408282 page=1 fetchUrl=https://acm.timus.ru/status.aspx?space=1&author=408282&count=100&locale=en
408282 page=1 pageSubmissions=3
408282 page=1 submissionsAfterChallengeStart=3
408282 page=1 nextHref=
408282 page=1 next=
408283 page=1 fetchUrl=https://acm.timus.ru/status.aspx?space=1&author=408283&count=100&locale=en
408283 page=1 pageSubmissions=51
408283 page=1 submissionsAfterChallengeStart=51
408283 page=1 nextHref=
408283 page=1 next=
408292 page=1 fetchUrl=https://acm.timus.ru/status.aspx?space=1&author=408292&count=100&locale=en
408292 page=1 pageSubmissions=55
408292 page=1 submissionsAfterChallengeStart=55
408292 page=1 nextHref=
408292 page=1 next=
408293 page=1 fetchUrl=https://acm.timus.ru/status.aspx?space=1&author=408293&count=100&locale=en
408293 page=1 pageSubmissions=14
408293 page=1 submissionsAfterChallengeStart=14
408293 page=1 nextHref=
408293 page=1 next=
408296 page=1 fetchUrl=https://acm.timus.ru/status.aspx?space=1&author=408296&count=100&locale=en
408296 page=1 pageSubmissions=32
408296 page=1 submissionsAfterChallengeStart=32
408296 page=1 nextHref=
408296 page=1 next=
408294 page=1 fetchUrl=https://acm.timus.ru/status.aspx?space=1&author=408294&count=100&locale=en
408294 page=1 pageSubmissions=28
408294 page=1 submissionsAfterChallengeStart=28
408294 page=1 nextHref=
408294 page=1 next=
408298 page=1 fetchUrl=https://acm.timus.ru/status.aspx?space=1&author=408298&count=100&locale=en
408298 page=1 pageSubmissions=20
408298 page=1 submissionsAfterChallengeStart=20
408298 page=1 nextHref=
408298 page=1 next=
408303 page=1 fetchUrl=https://acm.timus.ru/status.aspx?space=1&author=408303&count=100&locale=en
408303 page=1 pageSubmissions=91
408303 page=1 submissionsAfterChallengeStart=91
408303 page=1 nextHref=
408303 page=1 next=
408307 page=1 fetchUrl=https://acm.timus.ru/status.aspx?space=1&author=408307&count=100&locale=en
408307 page=1 pageSubmissions=3
408307 page=1 submissionsAfterChallengeStart=3
408307 page=1 nextHref=
408307 page=1 next=
408311 page=1 fetchUrl=https://acm.timus.ru/status.aspx?space=1&author=408311&count=100&locale=en
408311 page=1 pageSubmissions=5
408311 page=1 submissionsAfterChallengeStart=5
408311 page=1 nextHref=
408311 page=1 next=
408323 page=1 fetchUrl=https://acm.timus.ru/status.aspx?space=1&author=408323&count=100&locale=en
408323 page=1 pageSubmissions=21
408323 page=1 submissionsAfterChallengeStart=21
408323 page=1 nextHref=
408323 page=1 next=
408301 page=1 fetchUrl=https://acm.timus.ru/status.aspx?space=1&author=408301&count=100&locale=en
408301 page=1 pageSubmissions=16
408301 page=1 submissionsAfterChallengeStart=16
408301 page=1 nextHref=
408301 page=1 next=
408326 page=1 fetchUrl=https://acm.timus.ru/status.aspx?space=1&author=408326&count=100&locale=en
408326 page=1 pageSubmissions=12
408326 page=1 submissionsAfterChallengeStart=12
408326 page=1 nextHref=
408326 page=1 next=
# 2026-08-30T03:08:56.391Z
69385 page=1 fetchUrl=https://acm.timus.ru/status.aspx?space=1&author=69385&count=100&locale=en
69385 page=1 pageSubmissions=100
69385 page=1 submissionsAfterChallengeStart=100
69385 page=1 nextHref=status.aspx?space=1&amp;author=69385&amp;from=11241301
69385 page=1 next=/status.aspx?space=1&author=69385&from=11241301
69385 page=2 fetchUrl=https://acm.timus.ru/status.aspx?space=1&author=69385&from=11241301
69385 page=2 pageSubmissions=10
69385 page=2 submissionsAfterChallengeStart=10
69385 page=2 nextHref=status.aspx?space=1&amp;author=69385&amp;from=11240680
69385 page=2 next=/status.aspx?space=1&author=69385&from=11240680
69385 page=3 fetchUrl=https://acm.timus.ru/status.aspx?space=1&author=69385&from=11240680
69385 page=3 pageSubmissions=10
69385 page=3 submissionsAfterChallengeStart=10
69385 page=3 nextHref=status.aspx?space=1&amp;author=69385&amp;from=11240576
69385 page=3 next=/status.aspx?space=1&author=69385&from=11240576
69385 page=4 fetchUrl=https://acm.timus.ru/status.aspx?space=1&author=69385&from=11240576
69385 page=4 pageSubmissions=10
69385 page=4 submissionsAfterChallengeStart=5
69385 page=4 nextHref=status.aspx?space=1&amp;author=69385&amp;from=9460282
69385 page=4 next=
408257 page=1 fetchUrl=https://acm.timus.ru/status.aspx?space=1&author=408257&count=100&locale=en
408257 page=1 pageSubmissions=81
408257 page=1 submissionsAfterChallengeStart=81
408257 page=1 nextHref=
408257 page=1 next=
408279 page=1 fetchUrl=https://acm.timus.ru/status.aspx?space=1&author=408279&count=100&locale=en
408279 page=1 pageSubmissions=1
408279 page=1 submissionsAfterChallengeStart=1
408279 page=1 nextHref=
408279 page=1 next=
408277 page=1 fetchUrl=https://acm.timus.ru/status.aspx?space=1&author=408277&count=100&locale=en
408277 page=1 pageSubmissions=6
408277 page=1 submissionsAfterChallengeStart=6
408277 page=1 nextHref=
408277 page=1 next=
408280 page=1 fetchUrl=https://acm.timus.ru/status.aspx?space=1&author=408280&count=100&locale=en
408280 page=1 pageSubmissions=26
408280 page=1 submissionsAfterChallengeStart=26
408280 page=1 nextHref=
408280 page=1 next=
408281 page=1 fetchUrl=https://acm.timus.ru/status.aspx?space=1&author=408281&count=100&locale=en
408281 page=1 pageSubmissions=0
408281 page=1 submissionsAfterChallengeStart=0
408281 page=1 nextHref=
408281 page=1 next=
408282 page=1 fetchUrl=https://acm.timus.ru/status.aspx?space=1&author=408282&count=100&locale=en
408282 page=1 pageSubmissions=3
408282 page=1 submissionsAfterChallengeStart=3
408282 page=1 nextHref=
408282 page=1 next=
408283 page=1 fetchUrl=https://acm.timus.ru/status.aspx?space=1&author=408283&count=100&locale=en
408283 page=1 pageSubmissions=51
408283 page=1 submissionsAfterChallengeStart=51
408283 page=1 nextHref=
408283 page=1 next=
408292 page=1 fetchUrl=https://acm.timus.ru/status.aspx?space=1&author=408292&count=100&locale=en
408292 page=1 pageSubmissions=55
408292 page=1 submissionsAfterChallengeStart=55
408292 page=1 nextHref=
408292 page=1 next=
408293 page=1 fetchUrl=https://acm.timus.ru/status.aspx?space=1&author=408293&count=100&locale=en
408293 page=1 pageSubmissions=14
408293 page=1 submissionsAfterChallengeStart=14
408293 page=1 nextHref=
408293 page=1 next=
408296 page=1 fetchUrl=https://acm.timus.ru/status.aspx?space=1&author=408296&count=100&locale=en
408296 page=1 pageSubmissions=32
408296 page=1 submissionsAfterChallengeStart=32
408296 page=1 nextHref=
408296 page=1 next=
408294 page=1 fetchUrl=https://acm.timus.ru/status.aspx?space=1&author=408294&count=100&locale=en
408294 page=1 pageSubmissions=28
408294 page=1 submissionsAfterChallengeStart=28
408294 page=1 nextHref=
408294 page=1 next=
408298 page=1 fetchUrl=https://acm.timus.ru/status.aspx?space=1&author=408298&count=100&locale=en
408298 page=1 pageSubmissions=20
408298 page=1 submissionsAfterChallengeStart=20
408298 page=1 nextHref=
408298 page=1 next=
408303 page=1 fetchUrl=https://acm.timus.ru/status.aspx?space=1&author=408303&count=100&locale=en
408303 page=1 pageSubmissions=91
408303 page=1 submissionsAfterChallengeStart=91
408303 page=1 nextHref=
408303 page=1 next=
408307 page=1 fetchUrl=https://acm.timus.ru/status.aspx?space=1&author=408307&count=100&locale=en
408307 page=1 pageSubmissions=3
408307 page=1 submissionsAfterChallengeStart=3
408307 page=1 nextHref=
408307 page=1 next=
408311 page=1 fetchUrl=https://acm.timus.ru/status.aspx?space=1&author=408311&count=100&locale=en
408311 page=1 pageSubmissions=5
408311 page=1 submissionsAfterChallengeStart=5
408311 page=1 nextHref=
408311 page=1 next=
408323 page=1 fetchUrl=https://acm.timus.ru/status.aspx?space=1&author=408323&count=100&locale=en
408323 page=1 pageSubmissions=21
408323 page=1 submissionsAfterChallengeStart=21
408323 page=1 nextHref=
408323 page=1 next=
408301 page=1 fetchUrl=https://acm.timus.ru/status.aspx?space=1&author=408301&count=100&locale=en
408301 page=1 pageSubmissions=16
408301 page=1 submissionsAfterChallengeStart=16
408301 page=1 nextHref=
408301 page=1 next=
408326 page=1 fetchUrl=https://acm.timus.ru/status.aspx?space=1&author=408326&count=100&locale=en
408326 page=1 pageSubmissions=12
408326 page=1 submissionsAfterChallengeStart=12
408326 page=1 nextHref=
408326 page=1 next=
# 2026-08-30T03:13:52.029Z
69385 page=1 fetchUrl=https://acm.timus.ru/status.aspx?space=1&author=69385&count=100&locale=en
69385 page=1 pageSubmissions=100
69385 page=1 submissionsAfterChallengeStart=100
69385 page=1 nextHref=status.aspx?space=1&amp;author=69385&amp;from=11241301
69385 page=1 next=/status.aspx?space=1&author=69385&from=11241301
69385 page=2 fetchUrl=https://acm.timus.ru/status.aspx?space=1&author=69385&from=11241301
69385 page=2 pageSubmissions=10
69385 page=2 submissionsAfterChallengeStart=10
69385 page=2 nextHref=status.aspx?space=1&amp;author=69385&amp;from=11240680
69385 page=2 next=/status.aspx?space=1&author=69385&from=11240680
69385 page=3 fetchUrl=https://acm.timus.ru/status.aspx?space=1&author=69385&from=11240680
69385 page=3 pageSubmissions=10
69385 page=3 submissionsAfterChallengeStart=10
69385 page=3 nextHref=status.aspx?space=1&amp;author=69385&amp;from=11240576
69385 page=3 next=/status.aspx?space=1&author=69385&from=11240576
69385 page=4 fetchUrl=https://acm.timus.ru/status.aspx?space=1&author=69385&from=11240576
69385 page=4 pageSubmissions=10
69385 page=4 submissionsAfterChallengeStart=5
69385 page=4 nextHref=status.aspx?space=1&amp;author=69385&amp;from=9460282
69385 page=4 next=
408257 page=1 fetchUrl=https://acm.timus.ru/status.aspx?space=1&author=408257&count=100&locale=en
408257 page=1 pageSubmissions=81
408257 page=1 submissionsAfterChallengeStart=81
408257 page=1 nextHref=
408257 page=1 next=
408279 page=1 fetchUrl=https://acm.timus.ru/status.aspx?space=1&author=408279&count=100&locale=en
408279 page=1 pageSubmissions=1
408279 page=1 submissionsAfterChallengeStart=1
408279 page=1 nextHref=
408279 page=1 next=
408277 page=1 fetchUrl=https://acm.timus.ru/status.aspx?space=1&author=408277&count=100&locale=en
408277 page=1 pageSubmissions=6
408277 page=1 submissionsAfterChallengeStart=6
408277 page=1 nextHref=
408277 page=1 next=
408280 page=1 fetchUrl=https://acm.timus.ru/status.aspx?space=1&author=408280&count=100&locale=en
408280 page=1 pageSubmissions=26
408280 page=1 submissionsAfterChallengeStart=26
408280 page=1 nextHref=
408280 page=1 next=
408281 page=1 fetchUrl=https://acm.timus.ru/status.aspx?space=1&author=408281&count=100&locale=en
408281 page=1 pageSubmissions=0
408281 page=1 submissionsAfterChallengeStart=0
408281 page=1 nextHref=
408281 page=1 next=
408282 page=1 fetchUrl=https://acm.timus.ru/status.aspx?space=1&author=408282&count=100&locale=en
408282 page=1 pageSubmissions=3
408282 page=1 submissionsAfterChallengeStart=3
408282 page=1 nextHref=
408282 page=1 next=
408283 page=1 fetchUrl=https://acm.timus.ru/status.aspx?space=1&author=408283&count=100&locale=en
408283 page=1 pageSubmissions=51
408283 page=1 submissionsAfterChallengeStart=51
408283 page=1 nextHref=
408283 page=1 next=
408292 page=1 fetchUrl=https://acm.timus.ru/status.aspx?space=1&author=408292&count=100&locale=en
408292 page=1 pageSubmissions=55
408292 page=1 submissionsAfterChallengeStart=55
408292 page=1 nextHref=
408292 page=1 next=
408293 page=1 fetchUrl=https://acm.timus.ru/status.aspx?space=1&author=408293&count=100&locale=en
408293 page=1 pageSubmissions=14
408293 page=1 submissionsAfterChallengeStart=14
408293 page=1 nextHref=
408293 page=1 next=
408296 page=1 fetchUrl=https://acm.timus.ru/status.aspx?space=1&author=408296&count=100&locale=en
408296 page=1 pageSubmissions=32
408296 page=1 submissionsAfterChallengeStart=32
408296 page=1 nextHref=
408296 page=1 next=
408294 page=1 fetchUrl=https://acm.timus.ru/status.aspx?space=1&author=408294&count=100&locale=en
408294 page=1 pageSubmissions=28
408294 page=1 submissionsAfterChallengeStart=28
408294 page=1 nextHref=
408294 page=1 next=
408298 page=1 fetchUrl=https://acm.timus.ru/status.aspx?space=1&author=408298&count=100&locale=en
408298 page=1 pageSubmissions=20
408298 page=1 submissionsAfterChallengeStart=20
408298 page=1 nextHref=
408298 page=1 next=
408303 page=1 fetchUrl=https://acm.timus.ru/status.aspx?space=1&author=408303&count=100&locale=en
408303 page=1 pageSubmissions=91
408303 page=1 submissionsAfterChallengeStart=91
408303 page=1 nextHref=
408303 page=1 next=
408307 page=1 fetchUrl=https://acm.timus.ru/status.aspx?space=1&author=408307&count=100&locale=en
408307 page=1 pageSubmissions=3
408307 page=1 submissionsAfterChallengeStart=3
408307 page=1 nextHref=
408307 page=1 next=
408311 page=1 fetchUrl=https://acm.timus.ru/status.aspx?space=1&author=408311&count=100&locale=en
408311 page=1 pageSubmissions=5
408311 page=1 submissionsAfterChallengeStart=5
408311 page=1 nextHref=
408311 page=1 next=
408323 page=1 fetchUrl=https://acm.timus.ru/status.aspx?space=1&author=408323&count=100&locale=en
408323 page=1 pageSubmissions=21
408323 page=1 submissionsAfterChallengeStart=21
408323 page=1 nextHref=
408323 page=1 next=
408301 page=1 fetchUrl=https://acm.timus.ru/status.aspx?space=1&author=408301&count=100&locale=en
408301 page=1 pageSubmissions=16
408301 page=1 submissionsAfterChallengeStart=16
408301 page=1 nextHref=
408301 page=1 next=
408326 page=1 fetchUrl=https://acm.timus.ru/status.aspx?space=1&author=408326&count=100&locale=en
408326 page=1 pageSubmissions=12
408326 page=1 submissionsAfterChallengeStart=12
408326 page=1 nextHref=
408326 page=1 next=
# 2026-08-30T03:18:50.418Z
69385 page=1 fetchUrl=https://acm.timus.ru/status.aspx?space=1&author=69385&count=100&locale=en
69385 page=1 pageSubmissions=100
69385 page=1 submissionsAfterChallengeStart=100
69385 page=1 nextHref=status.aspx?space=1&amp;author=69385&amp;from=11241301
69385 page=1 next=/status.aspx?space=1&author=69385&from=11241301
69385 page=2 fetchUrl=https://acm.timus.ru/status.aspx?space=1&author=69385&from=11241301
69385 page=2 pageSubmissions=10
69385 page=2 submissionsAfterChallengeStart=10
69385 page=2 nextHref=status.aspx?space=1&amp;author=69385&amp;from=11240680
69385 page=2 next=/status.aspx?space=1&author=69385&from=11240680
69385 page=3 fetchUrl=https://acm.timus.ru/status.aspx?space=1&author=69385&from=11240680
69385 page=3 pageSubmissions=10
69385 page=3 submissionsAfterChallengeStart=10
69385 page=3 nextHref=status.aspx?space=1&amp;author=69385&amp;from=11240576
69385 page=3 next=/status.aspx?space=1&author=69385&from=11240576
69385 page=4 fetchUrl=https://acm.timus.ru/status.aspx?space=1&author=69385&from=11240576
69385 page=4 pageSubmissions=10
69385 page=4 submissionsAfterChallengeStart=5
69385 page=4 nextHref=status.aspx?space=1&amp;author=69385&amp;from=9460282
69385 page=4 next=
408257 page=1 fetchUrl=https://acm.timus.ru/status.aspx?space=1&author=408257&count=100&locale=en
408257 page=1 pageSubmissions=81
408257 page=1 submissionsAfterChallengeStart=81
408257 page=1 nextHref=
408257 page=1 next=
408279 page=1 fetchUrl=https://acm.timus.ru/status.aspx?space=1&author=408279&count=100&locale=en
408279 page=1 pageSubmissions=1
408279 page=1 submissionsAfterChallengeStart=1
408279 page=1 nextHref=
408279 page=1 next=
408277 page=1 fetchUrl=https://acm.timus.ru/status.aspx?space=1&author=408277&count=100&locale=en
408277 page=1 pageSubmissions=6
408277 page=1 submissionsAfterChallengeStart=6
408277 page=1 nextHref=
408277 page=1 next=
408280 page=1 fetchUrl=https://acm.timus.ru/status.aspx?space=1&author=408280&count=100&locale=en
408280 page=1 pageSubmissions=26
408280 page=1 submissionsAfterChallengeStart=26
408280 page=1 nextHref=
408280 page=1 next=
408281 page=1 fetchUrl=https://acm.timus.ru/status.aspx?space=1&author=408281&count=100&locale=en
408281 page=1 pageSubmissions=0
408281 page=1 submissionsAfterChallengeStart=0
408281 page=1 nextHref=
408281 page=1 next=
408282 page=1 fetchUrl=https://acm.timus.ru/status.aspx?space=1&author=408282&count=100&locale=en
408282 page=1 pageSubmissions=3
408282 page=1 submissionsAfterChallengeStart=3
408282 page=1 nextHref=
408282 page=1 next=
408283 page=1 fetchUrl=https://acm.timus.ru/status.aspx?space=1&author=408283&count=100&locale=en
408283 page=1 pageSubmissions=51
408283 page=1 submissionsAfterChallengeStart=51
408283 page=1 nextHref=
408283 page=1 next=
408292 page=1 fetchUrl=https://acm.timus.ru/status.aspx?space=1&author=408292&count=100&locale=en
408292 page=1 pageSubmissions=55
408292 page=1 submissionsAfterChallengeStart=55
408292 page=1 nextHref=
408292 page=1 next=
408293 page=1 fetchUrl=https://acm.timus.ru/status.aspx?space=1&author=408293&count=100&locale=en
408293 page=1 pageSubmissions=14
408293 page=1 submissionsAfterChallengeStart=14
408293 page=1 nextHref=
408293 page=1 next=
408296 page=1 fetchUrl=https://acm.timus.ru/status.aspx?space=1&author=408296&count=100&locale=en
408296 page=1 pageSubmissions=32
408296 page=1 submissionsAfterChallengeStart=32
408296 page=1 nextHref=
408296 page=1 next=
408294 page=1 fetchUrl=https://acm.timus.ru/status.aspx?space=1&author=408294&count=100&locale=en
408294 page=1 pageSubmissions=28
408294 page=1 submissionsAfterChallengeStart=28
408294 page=1 nextHref=
408294 page=1 next=
408298 page=1 fetchUrl=https://acm.timus.ru/status.aspx?space=1&author=408298&count=100&locale=en
408298 page=1 pageSubmissions=20
408298 page=1 submissionsAfterChallengeStart=20
408298 page=1 nextHref=
408298 page=1 next=
408303 page=1 fetchUrl=https://acm.timus.ru/status.aspx?space=1&author=408303&count=100&locale=en
408303 page=1 pageSubmissions=91
408303 page=1 submissionsAfterChallengeStart=91
408303 page=1 nextHref=
408303 page=1 next=
408307 page=1 fetchUrl=https://acm.timus.ru/status.aspx?space=1&author=408307&count=100&locale=en
408307 page=1 pageSubmissions=3
408307 page=1 submissionsAfterChallengeStart=3
408307 page=1 nextHref=
408307 page=1 next=
408311 page=1 fetchUrl=https://acm.timus.ru/status.aspx?space=1&author=408311&count=100&locale=en
408311 page=1 pageSubmissions=5
408311 page=1 submissionsAfterChallengeStart=5
408311 page=1 nextHref=
408311 page=1 next=
408323 page=1 fetchUrl=https://acm.timus.ru/status.aspx?space=1&author=408323&count=100&locale=en
408323 page=1 pageSubmissions=21
408323 page=1 submissionsAfterChallengeStart=21
408323 page=1 nextHref=
408323 page=1 next=
408301 page=1 fetchUrl=https://acm.timus.ru/status.aspx?space=1&author=408301&count=100&locale=en
408301 page=1 pageSubmissions=16
408301 page=1 submissionsAfterChallengeStart=16
408301 page=1 nextHref=
408301 page=1 next=
408326 page=1 fetchUrl=https://acm.timus.ru/status.aspx?space=1&author=408326&count=100&locale=en
408326 page=1 pageSubmissions=12
408326 page=1 submissionsAfterChallengeStart=12
408326 page=1 nextHref=
408326 page=1 next=
# 2026-08-30T03:23:52.024Z
69385 page=1 fetchUrl=https://acm.timus.ru/status.aspx?space=1&author=69385&count=100&locale=en
69385 page=1 pageSubmissions=100
69385 page=1 submissionsAfterChallengeStart=100
69385 page=1 nextHref=status.aspx?space=1&amp;author=69385&amp;from=11241301
69385 page=1 next=/status.aspx?space=1&author=69385&from=11241301
69385 page=2 fetchUrl=https://acm.timus.ru/status.aspx?space=1&author=69385&from=11241301
69385 page=2 pageSubmissions=10
69385 page=2 submissionsAfterChallengeStart=10
69385 page=2 nextHref=status.aspx?space=1&amp;author=69385&amp;from=11240680
69385 page=2 next=/status.aspx?space=1&author=69385&from=11240680
69385 page=3 fetchUrl=https://acm.timus.ru/status.aspx?space=1&author=69385&from=11240680
69385 page=3 pageSubmissions=10
69385 page=3 submissionsAfterChallengeStart=10
69385 page=3 nextHref=status.aspx?space=1&amp;author=69385&amp;from=11240576
69385 page=3 next=/status.aspx?space=1&author=69385&from=11240576
69385 page=4 fetchUrl=https://acm.timus.ru/status.aspx?space=1&author=69385&from=11240576
69385 page=4 pageSubmissions=10
69385 page=4 submissionsAfterChallengeStart=5
69385 page=4 nextHref=status.aspx?space=1&amp;author=69385&amp;from=9460282
69385 page=4 next=
408257 page=1 fetchUrl=https://acm.timus.ru/status.aspx?space=1&author=408257&count=100&locale=en
408257 page=1 pageSubmissions=81
408257 page=1 submissionsAfterChallengeStart=81
408257 page=1 nextHref=
408257 page=1 next=
408279 page=1 fetchUrl=https://acm.timus.ru/status.aspx?space=1&author=408279&count=100&locale=en
408279 page=1 pageSubmissions=1
408279 page=1 submissionsAfterChallengeStart=1
408279 page=1 nextHref=
408279 page=1 next=
408277 page=1 fetchUrl=https://acm.timus.ru/status.aspx?space=1&author=408277&count=100&locale=en
408277 page=1 pageSubmissions=6
408277 page=1 submissionsAfterChallengeStart=6
408277 page=1 nextHref=
408277 page=1 next=
408280 page=1 fetchUrl=https://acm.timus.ru/status.aspx?space=1&author=408280&count=100&locale=en
408280 page=1 pageSubmissions=26
408280 page=1 submissionsAfterChallengeStart=26
408280 page=1 nextHref=
408280 page=1 next=
408281 page=1 fetchUrl=https://acm.timus.ru/status.aspx?space=1&author=408281&count=100&locale=en
408281 page=1 pageSubmissions=0
408281 page=1 submissionsAfterChallengeStart=0
408281 page=1 nextHref=
408281 page=1 next=
408282 page=1 fetchUrl=https://acm.timus.ru/status.aspx?space=1&author=408282&count=100&locale=en
408282 page=1 pageSubmissions=3
408282 page=1 submissionsAfterChallengeStart=3
408282 page=1 nextHref=
408282 page=1 next=
408283 page=1 fetchUrl=https://acm.timus.ru/status.aspx?space=1&author=408283&count=100&locale=en
408283 page=1 pageSubmissions=51
408283 page=1 submissionsAfterChallengeStart=51
408283 page=1 nextHref=
408283 page=1 next=
408292 page=1 fetchUrl=https://acm.timus.ru/status.aspx?space=1&author=408292&count=100&locale=en
408292 page=1 pageSubmissions=55
408292 page=1 submissionsAfterChallengeStart=55
408292 page=1 nextHref=
408292 page=1 next=
408293 page=1 fetchUrl=https://acm.timus.ru/status.aspx?space=1&author=408293&count=100&locale=en
408293 page=1 pageSubmissions=14
408293 page=1 submissionsAfterChallengeStart=14
408293 page=1 nextHref=
408293 page=1 next=
408296 page=1 fetchUrl=https://acm.timus.ru/status.aspx?space=1&author=408296&count=100&locale=en
408296 page=1 pageSubmissions=32
408296 page=1 submissionsAfterChallengeStart=32
408296 page=1 nextHref=
408296 page=1 next=
408294 page=1 fetchUrl=https://acm.timus.ru/status.aspx?space=1&author=408294&count=100&locale=en
408294 page=1 pageSubmissions=28
408294 page=1 submissionsAfterChallengeStart=28
408294 page=1 nextHref=
408294 page=1 next=
408298 page=1 fetchUrl=https://acm.timus.ru/status.aspx?space=1&author=408298&count=100&locale=en
408298 page=1 pageSubmissions=20
408298 page=1 submissionsAfterChallengeStart=20
408298 page=1 nextHref=
408298 page=1 next=
408303 page=1 fetchUrl=https://acm.timus.ru/status.aspx?space=1&author=408303&count=100&locale=en
408303 page=1 pageSubmissions=91
408303 page=1 submissionsAfterChallengeStart=91
408303 page=1 nextHref=
408303 page=1 next=
408307 page=1 fetchUrl=https://acm.timus.ru/status.aspx?space=1&author=408307&count=100&locale=en
408307 page=1 pageSubmissions=3
408307 page=1 submissionsAfterChallengeStart=3
408307 page=1 nextHref=
408307 page=1 next=
408311 page=1 fetchUrl=https://acm.timus.ru/status.aspx?space=1&author=408311&count=100&locale=en
408311 page=1 pageSubmissions=5
408311 page=1 submissionsAfterChallengeStart=5
408311 page=1 nextHref=
408311 page=1 next=
408323 page=1 fetchUrl=https://acm.timus.ru/status.aspx?space=1&author=408323&count=100&locale=en
408323 page=1 pageSubmissions=21
408323 page=1 submissionsAfterChallengeStart=21
408323 page=1 nextHref=
408323 page=1 next=
408301 page=1 fetchUrl=https://acm.timus.ru/status.aspx?space=1&author=408301&count=100&locale=en
408301 page=1 pageSubmissions=16
408301 page=1 submissionsAfterChallengeStart=16
408301 page=1 nextHref=
408301 page=1 next=
408326 page=1 fetchUrl=https://acm.timus.ru/status.aspx?space=1&author=408326&count=100&locale=en
408326 page=1 pageSubmissions=12
408326 page=1 submissionsAfterChallengeStart=12
408326 page=1 nextHref=
408326 page=1 next=
# 2026-08-30T03:28:52.451Z
69385 page=1 fetchUrl=https://acm.timus.ru/status.aspx?space=1&author=69385&count=100&locale=en
69385 page=1 pageSubmissions=100
69385 page=1 submissionsAfterChallengeStart=100
69385 page=1 nextHref=status.aspx?space=1&amp;author=69385&amp;from=11241301
69385 page=1 next=/status.aspx?space=1&author=69385&from=11241301
69385 page=2 fetchUrl=https://acm.timus.ru/status.aspx?space=1&author=69385&from=11241301
69385 page=2 pageSubmissions=10
69385 page=2 submissionsAfterChallengeStart=10
69385 page=2 nextHref=status.aspx?space=1&amp;author=69385&amp;from=11240680
69385 page=2 next=/status.aspx?space=1&author=69385&from=11240680
69385 page=3 fetchUrl=https://acm.timus.ru/status.aspx?space=1&author=69385&from=11240680
69385 page=3 pageSubmissions=10
69385 page=3 submissionsAfterChallengeStart=10
69385 page=3 nextHref=status.aspx?space=1&amp;author=69385&amp;from=11240576
69385 page=3 next=/status.aspx?space=1&author=69385&from=11240576
69385 page=4 fetchUrl=https://acm.timus.ru/status.aspx?space=1&author=69385&from=11240576
69385 page=4 pageSubmissions=10
69385 page=4 submissionsAfterChallengeStart=5
69385 page=4 nextHref=status.aspx?space=1&amp;author=69385&amp;from=9460282
69385 page=4 next=
408257 page=1 fetchUrl=https://acm.timus.ru/status.aspx?space=1&author=408257&count=100&locale=en
408257 page=1 pageSubmissions=81
408257 page=1 submissionsAfterChallengeStart=81
408257 page=1 nextHref=
408257 page=1 next=
408279 page=1 fetchUrl=https://acm.timus.ru/status.aspx?space=1&author=408279&count=100&locale=en
408279 page=1 pageSubmissions=1
408279 page=1 submissionsAfterChallengeStart=1
408279 page=1 nextHref=
408279 page=1 next=
408277 page=1 fetchUrl=https://acm.timus.ru/status.aspx?space=1&author=408277&count=100&locale=en
408277 page=1 pageSubmissions=6
408277 page=1 submissionsAfterChallengeStart=6
408277 page=1 nextHref=
408277 page=1 next=
408280 page=1 fetchUrl=https://acm.timus.ru/status.aspx?space=1&author=408280&count=100&locale=en
408280 page=1 pageSubmissions=26
408280 page=1 submissionsAfterChallengeStart=26
408280 page=1 nextHref=
408280 page=1 next=
408281 page=1 fetchUrl=https://acm.timus.ru/status.aspx?space=1&author=408281&count=100&locale=en
408281 page=1 pageSubmissions=0
408281 page=1 submissionsAfterChallengeStart=0
408281 page=1 nextHref=
408281 page=1 next=
408282 page=1 fetchUrl=https://acm.timus.ru/status.aspx?space=1&author=408282&count=100&locale=en
408282 page=1 pageSubmissions=3
408282 page=1 submissionsAfterChallengeStart=3
408282 page=1 nextHref=
408282 page=1 next=
408283 page=1 fetchUrl=https://acm.timus.ru/status.aspx?space=1&author=408283&count=100&locale=en
408283 page=1 pageSubmissions=51
408283 page=1 submissionsAfterChallengeStart=51
408283 page=1 nextHref=
408283 page=1 next=
408292 page=1 fetchUrl=https://acm.timus.ru/status.aspx?space=1&author=408292&count=100&locale=en
408292 page=1 pageSubmissions=55
408292 page=1 submissionsAfterChallengeStart=55
408292 page=1 nextHref=
408292 page=1 next=
408293 page=1 fetchUrl=https://acm.timus.ru/status.aspx?space=1&author=408293&count=100&locale=en
408293 page=1 pageSubmissions=14
408293 page=1 submissionsAfterChallengeStart=14
408293 page=1 nextHref=
408293 page=1 next=
408296 page=1 fetchUrl=https://acm.timus.ru/status.aspx?space=1&author=408296&count=100&locale=en
408296 page=1 pageSubmissions=32
408296 page=1 submissionsAfterChallengeStart=32
408296 page=1 nextHref=
408296 page=1 next=
408294 page=1 fetchUrl=https://acm.timus.ru/status.aspx?space=1&author=408294&count=100&locale=en
408294 page=1 pageSubmissions=28
408294 page=1 submissionsAfterChallengeStart=28
408294 page=1 nextHref=
408294 page=1 next=
408298 page=1 fetchUrl=https://acm.timus.ru/status.aspx?space=1&author=408298&count=100&locale=en
408298 page=1 pageSubmissions=20
408298 page=1 submissionsAfterChallengeStart=20
408298 page=1 nextHref=
408298 page=1 next=
408303 page=1 fetchUrl=https://acm.timus.ru/status.aspx?space=1&author=408303&count=100&locale=en
408303 page=1 pageSubmissions=91
408303 page=1 submissionsAfterChallengeStart=91
408303 page=1 nextHref=
408303 page=1 next=
408307 page=1 fetchUrl=https://acm.timus.ru/status.aspx?space=1&author=408307&count=100&locale=en
408307 page=1 pageSubmissions=3
408307 page=1 submissionsAfterChallengeStart=3
408307 page=1 nextHref=
408307 page=1 next=
408311 page=1 fetchUrl=https://acm.timus.ru/status.aspx?space=1&author=408311&count=100&locale=en
408311 page=1 pageSubmissions=5
408311 page=1 submissionsAfterChallengeStart=5
408311 page=1 nextHref=
408311 page=1 next=
408323 page=1 fetchUrl=https://acm.timus.ru/status.aspx?space=1&author=408323&count=100&locale=en
408323 page=1 pageSubmissions=21
408323 page=1 submissionsAfterChallengeStart=21
408323 page=1 nextHref=
408323 page=1 next=
408301 page=1 fetchUrl=https://acm.timus.ru/status.aspx?space=1&author=408301&count=100&locale=en
408301 page=1 pageSubmissions=16
408301 page=1 submissionsAfterChallengeStart=16
408301 page=1 nextHref=
408301 page=1 next=
408326 page=1 fetchUrl=https://acm.timus.ru/status.aspx?space=1&author=408326&count=100&locale=en
408326 page=1 pageSubmissions=12
408326 page=1 submissionsAfterChallengeStart=12
408326 page=1 nextHref=
408326 page=1 next=
# 2026-08-30T03:33:50.711Z
69385 page=1 fetchUrl=https://acm.timus.ru/status.aspx?space=1&author=69385&count=100&locale=en
69385 page=1 pageSubmissions=100
69385 page=1 submissionsAfterChallengeStart=100
69385 page=1 nextHref=status.aspx?space=1&amp;author=69385&amp;from=11241301
69385 page=1 next=/status.aspx?space=1&author=69385&from=11241301
69385 page=2 fetchUrl=https://acm.timus.ru/status.aspx?space=1&author=69385&from=11241301
69385 page=2 pageSubmissions=10
69385 page=2 submissionsAfterChallengeStart=10
69385 page=2 nextHref=status.aspx?space=1&amp;author=69385&amp;from=11240680
69385 page=2 next=/status.aspx?space=1&author=69385&from=11240680
69385 page=3 fetchUrl=https://acm.timus.ru/status.aspx?space=1&author=69385&from=11240680
69385 page=3 pageSubmissions=10
69385 page=3 submissionsAfterChallengeStart=10
69385 page=3 nextHref=status.aspx?space=1&amp;author=69385&amp;from=11240576
69385 page=3 next=/status.aspx?space=1&author=69385&from=11240576
69385 page=4 fetchUrl=https://acm.timus.ru/status.aspx?space=1&author=69385&from=11240576
69385 page=4 pageSubmissions=10
69385 page=4 submissionsAfterChallengeStart=5
69385 page=4 nextHref=status.aspx?space=1&amp;author=69385&amp;from=9460282
69385 page=4 next=
408257 page=1 fetchUrl=https://acm.timus.ru/status.aspx?space=1&author=408257&count=100&locale=en
408257 page=1 pageSubmissions=81
408257 page=1 submissionsAfterChallengeStart=81
408257 page=1 nextHref=
408257 page=1 next=
408279 page=1 fetchUrl=https://acm.timus.ru/status.aspx?space=1&author=408279&count=100&locale=en
408279 page=1 pageSubmissions=1
408279 page=1 submissionsAfterChallengeStart=1
408279 page=1 nextHref=
408279 page=1 next=
408277 page=1 fetchUrl=https://acm.timus.ru/status.aspx?space=1&author=408277&count=100&locale=en
408277 page=1 pageSubmissions=6
408277 page=1 submissionsAfterChallengeStart=6
408277 page=1 nextHref=
408277 page=1 next=
408280 page=1 fetchUrl=https://acm.timus.ru/status.aspx?space=1&author=408280&count=100&locale=en
408280 page=1 pageSubmissions=26
408280 page=1 submissionsAfterChallengeStart=26
408280 page=1 nextHref=
408280 page=1 next=
408281 page=1 fetchUrl=https://acm.timus.ru/status.aspx?space=1&author=408281&count=100&locale=en
408281 page=1 pageSubmissions=0
408281 page=1 submissionsAfterChallengeStart=0
408281 page=1 nextHref=
408281 page=1 next=
408282 page=1 fetchUrl=https://acm.timus.ru/status.aspx?space=1&author=408282&count=100&locale=en
408282 page=1 pageSubmissions=3
408282 page=1 submissionsAfterChallengeStart=3
408282 page=1 nextHref=
408282 page=1 next=
408283 page=1 fetchUrl=https://acm.timus.ru/status.aspx?space=1&author=408283&count=100&locale=en
408283 page=1 pageSubmissions=51
408283 page=1 submissionsAfterChallengeStart=51
408283 page=1 nextHref=
408283 page=1 next=
408292 page=1 fetchUrl=https://acm.timus.ru/status.aspx?space=1&author=408292&count=100&locale=en
408292 page=1 pageSubmissions=55
408292 page=1 submissionsAfterChallengeStart=55
408292 page=1 nextHref=
408292 page=1 next=
408293 page=1 fetchUrl=https://acm.timus.ru/status.aspx?space=1&author=408293&count=100&locale=en
408293 page=1 pageSubmissions=14
408293 page=1 submissionsAfterChallengeStart=14
408293 page=1 nextHref=
408293 page=1 next=
408296 page=1 fetchUrl=https://acm.timus.ru/status.aspx?space=1&author=408296&count=100&locale=en
408296 page=1 pageSubmissions=32
408296 page=1 submissionsAfterChallengeStart=32
408296 page=1 nextHref=
408296 page=1 next=
408294 page=1 fetchUrl=https://acm.timus.ru/status.aspx?space=1&author=408294&count=100&locale=en
408294 page=1 pageSubmissions=28
408294 page=1 submissionsAfterChallengeStart=28
408294 page=1 nextHref=
408294 page=1 next=
408298 page=1 fetchUrl=https://acm.timus.ru/status.aspx?space=1&author=408298&count=100&locale=en
408298 page=1 pageSubmissions=20
408298 page=1 submissionsAfterChallengeStart=20
408298 page=1 nextHref=
408298 page=1 next=
408303 page=1 fetchUrl=https://acm.timus.ru/status.aspx?space=1&author=408303&count=100&locale=en
408303 page=1 pageSubmissions=91
408303 page=1 submissionsAfterChallengeStart=91
408303 page=1 nextHref=
408303 page=1 next=
408307 page=1 fetchUrl=https://acm.timus.ru/status.aspx?space=1&author=408307&count=100&locale=en
408307 page=1 pageSubmissions=3
408307 page=1 submissionsAfterChallengeStart=3
408307 page=1 nextHref=
408307 page=1 next=
408311 page=1 fetchUrl=https://acm.timus.ru/status.aspx?space=1&author=408311&count=100&locale=en
408311 page=1 pageSubmissions=5
408311 page=1 submissionsAfterChallengeStart=5
408311 page=1 nextHref=
408311 page=1 next=
408323 page=1 fetchUrl=https://acm.timus.ru/status.aspx?space=1&author=408323&count=100&locale=en
408323 page=1 pageSubmissions=21
408323 page=1 submissionsAfterChallengeStart=21
408323 page=1 nextHref=
408323 page=1 next=
408301 page=1 fetchUrl=https://acm.timus.ru/status.aspx?space=1&author=408301&count=100&locale=en
408301 page=1 pageSubmissions=16
408301 page=1 submissionsAfterChallengeStart=16
408301 page=1 nextHref=
408301 page=1 next=
408326 page=1 fetchUrl=https://acm.timus.ru/status.aspx?space=1&author=408326&count=100&locale=en
408326 page=1 pageSubmissions=12
408326 page=1 submissionsAfterChallengeStart=12
408326 page=1 nextHref=
408326 page=1 next=
# 2026-08-30T03:38:50.583Z
69385 page=1 fetchUrl=https://acm.timus.ru/status.aspx?space=1&author=69385&count=100&locale=en
69385 page=1 pageSubmissions=100
69385 page=1 submissionsAfterChallengeStart=100
69385 page=1 nextHref=status.aspx?space=1&amp;author=69385&amp;from=11241301
69385 page=1 next=/status.aspx?space=1&author=69385&from=11241301
69385 page=2 fetchUrl=https://acm.timus.ru/status.aspx?space=1&author=69385&from=11241301
69385 page=2 pageSubmissions=10
69385 page=2 submissionsAfterChallengeStart=10
69385 page=2 nextHref=status.aspx?space=1&amp;author=69385&amp;from=11240680
69385 page=2 next=/status.aspx?space=1&author=69385&from=11240680
69385 page=3 fetchUrl=https://acm.timus.ru/status.aspx?space=1&author=69385&from=11240680
69385 page=3 pageSubmissions=10
69385 page=3 submissionsAfterChallengeStart=10
69385 page=3 nextHref=status.aspx?space=1&amp;author=69385&amp;from=11240576
69385 page=3 next=/status.aspx?space=1&author=69385&from=11240576
69385 page=4 fetchUrl=https://acm.timus.ru/status.aspx?space=1&author=69385&from=11240576
69385 page=4 pageSubmissions=10
69385 page=4 submissionsAfterChallengeStart=5
69385 page=4 nextHref=status.aspx?space=1&amp;author=69385&amp;from=9460282
69385 page=4 next=
408257 page=1 fetchUrl=https://acm.timus.ru/status.aspx?space=1&author=408257&count=100&locale=en
408257 page=1 pageSubmissions=81
408257 page=1 submissionsAfterChallengeStart=81
408257 page=1 nextHref=
408257 page=1 next=
408279 page=1 fetchUrl=https://acm.timus.ru/status.aspx?space=1&author=408279&count=100&locale=en
408279 page=1 pageSubmissions=1
408279 page=1 submissionsAfterChallengeStart=1
408279 page=1 nextHref=
408279 page=1 next=
408277 page=1 fetchUrl=https://acm.timus.ru/status.aspx?space=1&author=408277&count=100&locale=en
408277 page=1 pageSubmissions=6
408277 page=1 submissionsAfterChallengeStart=6
408277 page=1 nextHref=
408277 page=1 next=
408280 page=1 fetchUrl=https://acm.timus.ru/status.aspx?space=1&author=408280&count=100&locale=en
408280 page=1 pageSubmissions=26
408280 page=1 submissionsAfterChallengeStart=26
408280 page=1 nextHref=
408280 page=1 next=
408281 page=1 fetchUrl=https://acm.timus.ru/status.aspx?space=1&author=408281&count=100&locale=en
408281 page=1 pageSubmissions=0
408281 page=1 submissionsAfterChallengeStart=0
408281 page=1 nextHref=
408281 page=1 next=
408282 page=1 fetchUrl=https://acm.timus.ru/status.aspx?space=1&author=408282&count=100&locale=en
408282 page=1 pageSubmissions=3
408282 page=1 submissionsAfterChallengeStart=3
408282 page=1 nextHref=
408282 page=1 next=
408283 page=1 fetchUrl=https://acm.timus.ru/status.aspx?space=1&author=408283&count=100&locale=en
408283 page=1 pageSubmissions=51
408283 page=1 submissionsAfterChallengeStart=51
408283 page=1 nextHref=
408283 page=1 next=
408292 page=1 fetchUrl=https://acm.timus.ru/status.aspx?space=1&author=408292&count=100&locale=en
408292 page=1 pageSubmissions=55
408292 page=1 submissionsAfterChallengeStart=55
408292 page=1 nextHref=
408292 page=1 next=
408293 page=1 fetchUrl=https://acm.timus.ru/status.aspx?space=1&author=408293&count=100&locale=en
408293 page=1 pageSubmissions=14
408293 page=1 submissionsAfterChallengeStart=14
408293 page=1 nextHref=
408293 page=1 next=
408296 page=1 fetchUrl=https://acm.timus.ru/status.aspx?space=1&author=408296&count=100&locale=en
408296 page=1 pageSubmissions=32
408296 page=1 submissionsAfterChallengeStart=32
408296 page=1 nextHref=
408296 page=1 next=
408294 page=1 fetchUrl=https://acm.timus.ru/status.aspx?space=1&author=408294&count=100&locale=en
408294 page=1 pageSubmissions=28
408294 page=1 submissionsAfterChallengeStart=28
408294 page=1 nextHref=
408294 page=1 next=
408298 page=1 fetchUrl=https://acm.timus.ru/status.aspx?space=1&author=408298&count=100&locale=en
408298 page=1 pageSubmissions=20
408298 page=1 submissionsAfterChallengeStart=20
408298 page=1 nextHref=
408298 page=1 next=
408303 page=1 fetchUrl=https://acm.timus.ru/status.aspx?space=1&author=408303&count=100&locale=en
408303 page=1 pageSubmissions=91
408303 page=1 submissionsAfterChallengeStart=91
408303 page=1 nextHref=
408303 page=1 next=
408307 page=1 fetchUrl=https://acm.timus.ru/status.aspx?space=1&author=408307&count=100&locale=en
408307 page=1 pageSubmissions=3
408307 page=1 submissionsAfterChallengeStart=3
408307 page=1 nextHref=
408307 page=1 next=
408311 page=1 fetchUrl=https://acm.timus.ru/status.aspx?space=1&author=408311&count=100&locale=en
408311 page=1 pageSubmissions=5
408311 page=1 submissionsAfterChallengeStart=5
408311 page=1 nextHref=
408311 page=1 next=
408323 page=1 fetchUrl=https://acm.timus.ru/status.aspx?space=1&author=408323&count=100&locale=en
408323 page=1 pageSubmissions=21
408323 page=1 submissionsAfterChallengeStart=21
408323 page=1 nextHref=
408323 page=1 next=
408301 page=1 fetchUrl=https://acm.timus.ru/status.aspx?space=1&author=408301&count=100&locale=en
408301 page=1 pageSubmissions=16
408301 page=1 submissionsAfterChallengeStart=16
408301 page=1 nextHref=
408301 page=1 next=
408326 page=1 fetchUrl=https://acm.timus.ru/status.aspx?space=1&author=408326&count=100&locale=en
408326 page=1 pageSubmissions=12
408326 page=1 submissionsAfterChallengeStart=12
408326 page=1 nextHref=
408326 page=1 next=
# 2026-08-30T03:43:51.153Z
69385 page=1 fetchUrl=https://acm.timus.ru/status.aspx?space=1&author=69385&count=100&locale=en
69385 page=1 pageSubmissions=100
69385 page=1 submissionsAfterChallengeStart=100
69385 page=1 nextHref=status.aspx?space=1&amp;author=69385&amp;from=11241301
69385 page=1 next=/status.aspx?space=1&author=69385&from=11241301
69385 page=2 fetchUrl=https://acm.timus.ru/status.aspx?space=1&author=69385&from=11241301
69385 page=2 pageSubmissions=10
69385 page=2 submissionsAfterChallengeStart=10
69385 page=2 nextHref=status.aspx?space=1&amp;author=69385&amp;from=11240680
69385 page=2 next=/status.aspx?space=1&author=69385&from=11240680
69385 page=3 fetchUrl=https://acm.timus.ru/status.aspx?space=1&author=69385&from=11240680
69385 page=3 pageSubmissions=10
69385 page=3 submissionsAfterChallengeStart=10
69385 page=3 nextHref=status.aspx?space=1&amp;author=69385&amp;from=11240576
69385 page=3 next=/status.aspx?space=1&author=69385&from=11240576
69385 page=4 fetchUrl=https://acm.timus.ru/status.aspx?space=1&author=69385&from=11240576
69385 page=4 pageSubmissions=10
69385 page=4 submissionsAfterChallengeStart=5
69385 page=4 nextHref=status.aspx?space=1&amp;author=69385&amp;from=9460282
69385 page=4 next=
408257 page=1 fetchUrl=https://acm.timus.ru/status.aspx?space=1&author=408257&count=100&locale=en
408257 page=1 pageSubmissions=81
408257 page=1 submissionsAfterChallengeStart=81
408257 page=1 nextHref=
408257 page=1 next=
408279 page=1 fetchUrl=https://acm.timus.ru/status.aspx?space=1&author=408279&count=100&locale=en
408279 page=1 pageSubmissions=1
408279 page=1 submissionsAfterChallengeStart=1
408279 page=1 nextHref=
408279 page=1 next=
408277 page=1 fetchUrl=https://acm.timus.ru/status.aspx?space=1&author=408277&count=100&locale=en
408277 page=1 pageSubmissions=6
408277 page=1 submissionsAfterChallengeStart=6
408277 page=1 nextHref=
408277 page=1 next=
408280 page=1 fetchUrl=https://acm.timus.ru/status.aspx?space=1&author=408280&count=100&locale=en
408280 page=1 pageSubmissions=26
408280 page=1 submissionsAfterChallengeStart=26
408280 page=1 nextHref=
408280 page=1 next=
408281 page=1 fetchUrl=https://acm.timus.ru/status.aspx?space=1&author=408281&count=100&locale=en
408281 page=1 pageSubmissions=0
408281 page=1 submissionsAfterChallengeStart=0
408281 page=1 nextHref=
408281 page=1 next=
408282 page=1 fetchUrl=https://acm.timus.ru/status.aspx?space=1&author=408282&count=100&locale=en
408282 page=1 pageSubmissions=3
408282 page=1 submissionsAfterChallengeStart=3
408282 page=1 nextHref=
408282 page=1 next=
408283 page=1 fetchUrl=https://acm.timus.ru/status.aspx?space=1&author=408283&count=100&locale=en
408283 page=1 pageSubmissions=51
408283 page=1 submissionsAfterChallengeStart=51
408283 page=1 nextHref=
408283 page=1 next=
408292 page=1 fetchUrl=https://acm.timus.ru/status.aspx?space=1&author=408292&count=100&locale=en
408292 page=1 pageSubmissions=55
408292 page=1 submissionsAfterChallengeStart=55
408292 page=1 nextHref=
408292 page=1 next=
408293 page=1 fetchUrl=https://acm.timus.ru/status.aspx?space=1&author=408293&count=100&locale=en
408293 page=1 pageSubmissions=14
408293 page=1 submissionsAfterChallengeStart=14
408293 page=1 nextHref=
408293 page=1 next=
408296 page=1 fetchUrl=https://acm.timus.ru/status.aspx?space=1&author=408296&count=100&locale=en
408296 page=1 pageSubmissions=32
408296 page=1 submissionsAfterChallengeStart=32
408296 page=1 nextHref=
408296 page=1 next=
408294 page=1 fetchUrl=https://acm.timus.ru/status.aspx?space=1&author=408294&count=100&locale=en
408294 page=1 pageSubmissions=28
408294 page=1 submissionsAfterChallengeStart=28
408294 page=1 nextHref=
408294 page=1 next=
408298 page=1 fetchUrl=https://acm.timus.ru/status.aspx?space=1&author=408298&count=100&locale=en
408298 page=1 pageSubmissions=20
408298 page=1 submissionsAfterChallengeStart=20
408298 page=1 nextHref=
408298 page=1 next=
408303 page=1 fetchUrl=https://acm.timus.ru/status.aspx?space=1&author=408303&count=100&locale=en
408303 page=1 pageSubmissions=91
408303 page=1 submissionsAfterChallengeStart=91
408303 page=1 nextHref=
408303 page=1 next=
408307 page=1 fetchUrl=https://acm.timus.ru/status.aspx?space=1&author=408307&count=100&locale=en
408307 page=1 pageSubmissions=3
408307 page=1 submissionsAfterChallengeStart=3
408307 page=1 nextHref=
408307 page=1 next=
408311 page=1 fetchUrl=https://acm.timus.ru/status.aspx?space=1&author=408311&count=100&locale=en
408311 page=1 pageSubmissions=5
408311 page=1 submissionsAfterChallengeStart=5
408311 page=1 nextHref=
408311 page=1 next=
408323 page=1 fetchUrl=https://acm.timus.ru/status.aspx?space=1&author=408323&count=100&locale=en
408323 page=1 pageSubmissions=21
408323 page=1 submissionsAfterChallengeStart=21
408323 page=1 nextHref=
408323 page=1 next=
408301 page=1 fetchUrl=https://acm.timus.ru/status.aspx?space=1&author=408301&count=100&locale=en
408301 page=1 pageSubmissions=16
408301 page=1 submissionsAfterChallengeStart=16
408301 page=1 nextHref=
408301 page=1 next=
408326 page=1 fetchUrl=https://acm.timus.ru/status.aspx?space=1&author=408326&count=100&locale=en
408326 page=1 pageSubmissions=12
408326 page=1 submissionsAfterChallengeStart=12
408326 page=1 nextHref=
408326 page=1 next=
# 2026-08-30T03:48:50.108Z
69385 page=1 fetchUrl=https://acm.timus.ru/status.aspx?space=1&author=69385&count=100&locale=en
69385 page=1 pageSubmissions=100
69385 page=1 submissionsAfterChallengeStart=100
69385 page=1 nextHref=status.aspx?space=1&amp;author=69385&amp;from=11241301
69385 page=1 next=/status.aspx?space=1&author=69385&from=11241301
69385 page=2 fetchUrl=https://acm.timus.ru/status.aspx?space=1&author=69385&from=11241301
69385 page=2 pageSubmissions=10
69385 page=2 submissionsAfterChallengeStart=10
69385 page=2 nextHref=status.aspx?space=1&amp;author=69385&amp;from=11240680
69385 page=2 next=/status.aspx?space=1&author=69385&from=11240680
69385 page=3 fetchUrl=https://acm.timus.ru/status.aspx?space=1&author=69385&from=11240680
69385 page=3 pageSubmissions=10
69385 page=3 submissionsAfterChallengeStart=10
69385 page=3 nextHref=status.aspx?space=1&amp;author=69385&amp;from=11240576
69385 page=3 next=/status.aspx?space=1&author=69385&from=11240576
69385 page=4 fetchUrl=https://acm.timus.ru/status.aspx?space=1&author=69385&from=11240576
69385 page=4 pageSubmissions=10
69385 page=4 submissionsAfterChallengeStart=5
69385 page=4 nextHref=status.aspx?space=1&amp;author=69385&amp;from=9460282
69385 page=4 next=
408257 page=1 fetchUrl=https://acm.timus.ru/status.aspx?space=1&author=408257&count=100&locale=en
408257 page=1 pageSubmissions=81
408257 page=1 submissionsAfterChallengeStart=81
408257 page=1 nextHref=
408257 page=1 next=
408279 page=1 fetchUrl=https://acm.timus.ru/status.aspx?space=1&author=408279&count=100&locale=en
408279 page=1 pageSubmissions=1
408279 page=1 submissionsAfterChallengeStart=1
408279 page=1 nextHref=
408279 page=1 next=
408277 page=1 fetchUrl=https://acm.timus.ru/status.aspx?space=1&author=408277&count=100&locale=en
408277 page=1 pageSubmissions=6
408277 page=1 submissionsAfterChallengeStart=6
408277 page=1 nextHref=
408277 page=1 next=
408280 page=1 fetchUrl=https://acm.timus.ru/status.aspx?space=1&author=408280&count=100&locale=en
408280 page=1 pageSubmissions=26
408280 page=1 submissionsAfterChallengeStart=26
408280 page=1 nextHref=
408280 page=1 next=
408281 page=1 fetchUrl=https://acm.timus.ru/status.aspx?space=1&author=408281&count=100&locale=en
408281 page=1 pageSubmissions=0
408281 page=1 submissionsAfterChallengeStart=0
408281 page=1 nextHref=
408281 page=1 next=
408282 page=1 fetchUrl=https://acm.timus.ru/status.aspx?space=1&author=408282&count=100&locale=en
408282 page=1 pageSubmissions=3
408282 page=1 submissionsAfterChallengeStart=3
408282 page=1 nextHref=
408282 page=1 next=
408283 page=1 fetchUrl=https://acm.timus.ru/status.aspx?space=1&author=408283&count=100&locale=en
408283 page=1 pageSubmissions=51
408283 page=1 submissionsAfterChallengeStart=51
408283 page=1 nextHref=
408283 page=1 next=
408292 page=1 fetchUrl=https://acm.timus.ru/status.aspx?space=1&author=408292&count=100&locale=en
408292 page=1 pageSubmissions=55
408292 page=1 submissionsAfterChallengeStart=55
408292 page=1 nextHref=
408292 page=1 next=
408293 page=1 fetchUrl=https://acm.timus.ru/status.aspx?space=1&author=408293&count=100&locale=en
408293 page=1 pageSubmissions=14
408293 page=1 submissionsAfterChallengeStart=14
408293 page=1 nextHref=
408293 page=1 next=
408296 page=1 fetchUrl=https://acm.timus.ru/status.aspx?space=1&author=408296&count=100&locale=en
408296 page=1 pageSubmissions=32
408296 page=1 submissionsAfterChallengeStart=32
408296 page=1 nextHref=
408296 page=1 next=
408294 page=1 fetchUrl=https://acm.timus.ru/status.aspx?space=1&author=408294&count=100&locale=en
408294 page=1 pageSubmissions=28
408294 page=1 submissionsAfterChallengeStart=28
408294 page=1 nextHref=
408294 page=1 next=
408298 page=1 fetchUrl=https://acm.timus.ru/status.aspx?space=1&author=408298&count=100&locale=en
408298 page=1 pageSubmissions=20
408298 page=1 submissionsAfterChallengeStart=20
408298 page=1 nextHref=
408298 page=1 next=
408303 page=1 fetchUrl=https://acm.timus.ru/status.aspx?space=1&author=408303&count=100&locale=en
408303 page=1 pageSubmissions=91
408303 page=1 submissionsAfterChallengeStart=91
408303 page=1 nextHref=
408303 page=1 next=
408307 page=1 fetchUrl=https://acm.timus.ru/status.aspx?space=1&author=408307&count=100&locale=en
408307 page=1 pageSubmissions=3
408307 page=1 submissionsAfterChallengeStart=3
408307 page=1 nextHref=
408307 page=1 next=
408311 page=1 fetchUrl=https://acm.timus.ru/status.aspx?space=1&author=408311&count=100&locale=en
408311 page=1 pageSubmissions=5
408311 page=1 submissionsAfterChallengeStart=5
408311 page=1 nextHref=
408311 page=1 next=
408323 page=1 fetchUrl=https://acm.timus.ru/status.aspx?space=1&author=408323&count=100&locale=en
408323 page=1 pageSubmissions=21
408323 page=1 submissionsAfterChallengeStart=21
408323 page=1 nextHref=
408323 page=1 next=
408301 page=1 fetchUrl=https://acm.timus.ru/status.aspx?space=1&author=408301&count=100&locale=en
408301 page=1 pageSubmissions=16
408301 page=1 submissionsAfterChallengeStart=16
408301 page=1 nextHref=
408301 page=1 next=
408326 page=1 fetchUrl=https://acm.timus.ru/status.aspx?space=1&author=408326&count=100&locale=en
408326 page=1 pageSubmissions=12
408326 page=1 submissionsAfterChallengeStart=12
408326 page=1 nextHref=
408326 page=1 next=
# 2026-08-30T03:53:53.632Z
69385 page=1 fetchUrl=https://acm.timus.ru/status.aspx?space=1&author=69385&count=100&locale=en
69385 page=1 pageSubmissions=100
69385 page=1 submissionsAfterChallengeStart=100
69385 page=1 nextHref=status.aspx?space=1&amp;author=69385&amp;from=11241301
69385 page=1 next=/status.aspx?space=1&author=69385&from=11241301
69385 page=2 fetchUrl=https://acm.timus.ru/status.aspx?space=1&author=69385&from=11241301
69385 page=2 pageSubmissions=10
69385 page=2 submissionsAfterChallengeStart=10
69385 page=2 nextHref=status.aspx?space=1&amp;author=69385&amp;from=11240680
69385 page=2 next=/status.aspx?space=1&author=69385&from=11240680
69385 page=3 fetchUrl=https://acm.timus.ru/status.aspx?space=1&author=69385&from=11240680
69385 page=3 pageSubmissions=10
69385 page=3 submissionsAfterChallengeStart=10
69385 page=3 nextHref=status.aspx?space=1&amp;author=69385&amp;from=11240576
69385 page=3 next=/status.aspx?space=1&author=69385&from=11240576
69385 page=4 fetchUrl=https://acm.timus.ru/status.aspx?space=1&author=69385&from=11240576
69385 page=4 pageSubmissions=10
69385 page=4 submissionsAfterChallengeStart=5
69385 page=4 nextHref=status.aspx?space=1&amp;author=69385&amp;from=9460282
69385 page=4 next=
408257 page=1 fetchUrl=https://acm.timus.ru/status.aspx?space=1&author=408257&count=100&locale=en
408257 page=1 pageSubmissions=81
408257 page=1 submissionsAfterChallengeStart=81
408257 page=1 nextHref=
408257 page=1 next=
408279 page=1 fetchUrl=https://acm.timus.ru/status.aspx?space=1&author=408279&count=100&locale=en
408279 page=1 pageSubmissions=1
408279 page=1 submissionsAfterChallengeStart=1
408279 page=1 nextHref=
408279 page=1 next=
408277 page=1 fetchUrl=https://acm.timus.ru/status.aspx?space=1&author=408277&count=100&locale=en
408277 page=1 pageSubmissions=6
408277 page=1 submissionsAfterChallengeStart=6
408277 page=1 nextHref=
408277 page=1 next=
408280 page=1 fetchUrl=https://acm.timus.ru/status.aspx?space=1&author=408280&count=100&locale=en
408280 page=1 pageSubmissions=26
408280 page=1 submissionsAfterChallengeStart=26
408280 page=1 nextHref=
408280 page=1 next=
408281 page=1 fetchUrl=https://acm.timus.ru/status.aspx?space=1&author=408281&count=100&locale=en
408281 page=1 pageSubmissions=0
408281 page=1 submissionsAfterChallengeStart=0
408281 page=1 nextHref=
408281 page=1 next=
408282 page=1 fetchUrl=https://acm.timus.ru/status.aspx?space=1&author=408282&count=100&locale=en
408282 page=1 pageSubmissions=3
408282 page=1 submissionsAfterChallengeStart=3
408282 page=1 nextHref=
408282 page=1 next=
408283 page=1 fetchUrl=https://acm.timus.ru/status.aspx?space=1&author=408283&count=100&locale=en
408283 page=1 pageSubmissions=51
408283 page=1 submissionsAfterChallengeStart=51
408283 page=1 nextHref=
408283 page=1 next=
408292 page=1 fetchUrl=https://acm.timus.ru/status.aspx?space=1&author=408292&count=100&locale=en
408292 page=1 pageSubmissions=55
408292 page=1 submissionsAfterChallengeStart=55
408292 page=1 nextHref=
408292 page=1 next=
408293 page=1 fetchUrl=https://acm.timus.ru/status.aspx?space=1&author=408293&count=100&locale=en
408293 page=1 pageSubmissions=14
408293 page=1 submissionsAfterChallengeStart=14
408293 page=1 nextHref=
408293 page=1 next=
408296 page=1 fetchUrl=https://acm.timus.ru/status.aspx?space=1&author=408296&count=100&locale=en
408296 page=1 pageSubmissions=32
408296 page=1 submissionsAfterChallengeStart=32
408296 page=1 nextHref=
408296 page=1 next=
408294 page=1 fetchUrl=https://acm.timus.ru/status.aspx?space=1&author=408294&count=100&locale=en
408294 page=1 pageSubmissions=28
408294 page=1 submissionsAfterChallengeStart=28
408294 page=1 nextHref=
408294 page=1 next=
408298 page=1 fetchUrl=https://acm.timus.ru/status.aspx?space=1&author=408298&count=100&locale=en
408298 page=1 pageSubmissions=20
408298 page=1 submissionsAfterChallengeStart=20
408298 page=1 nextHref=
408298 page=1 next=
408303 page=1 fetchUrl=https://acm.timus.ru/status.aspx?space=1&author=408303&count=100&locale=en
408303 page=1 pageSubmissions=91
408303 page=1 submissionsAfterChallengeStart=91
408303 page=1 nextHref=
408303 page=1 next=
408307 page=1 fetchUrl=https://acm.timus.ru/status.aspx?space=1&author=408307&count=100&locale=en
408307 page=1 pageSubmissions=3
408307 page=1 submissionsAfterChallengeStart=3
408307 page=1 nextHref=
408307 page=1 next=
408311 page=1 fetchUrl=https://acm.timus.ru/status.aspx?space=1&author=408311&count=100&locale=en
408311 page=1 pageSubmissions=5
408311 page=1 submissionsAfterChallengeStart=5
408311 page=1 nextHref=
408311 page=1 next=
408323 page=1 fetchUrl=https://acm.timus.ru/status.aspx?space=1&author=408323&count=100&locale=en
408323 page=1 pageSubmissions=21
408323 page=1 submissionsAfterChallengeStart=21
408323 page=1 nextHref=
408323 page=1 next=
408301 page=1 fetchUrl=https://acm.timus.ru/status.aspx?space=1&author=408301&count=100&locale=en
408301 page=1 pageSubmissions=16
408301 page=1 submissionsAfterChallengeStart=16
408301 page=1 nextHref=
408301 page=1 next=
408326 page=1 fetchUrl=https://acm.timus.ru/status.aspx?space=1&author=408326&count=100&locale=en
408326 page=1 pageSubmissions=12
408326 page=1 submissionsAfterChallengeStart=12
408326 page=1 nextHref=
408326 page=1 next=
# 2026-08-30T03:58:51.350Z
69385 page=1 fetchUrl=https://acm.timus.ru/status.aspx?space=1&author=69385&count=100&locale=en
69385 page=1 pageSubmissions=100
69385 page=1 submissionsAfterChallengeStart=100
69385 page=1 nextHref=status.aspx?space=1&amp;author=69385&amp;from=11241301
69385 page=1 next=/status.aspx?space=1&author=69385&from=11241301
69385 page=2 fetchUrl=https://acm.timus.ru/status.aspx?space=1&author=69385&from=11241301
69385 page=2 pageSubmissions=10
69385 page=2 submissionsAfterChallengeStart=10
69385 page=2 nextHref=status.aspx?space=1&amp;author=69385&amp;from=11240680
69385 page=2 next=/status.aspx?space=1&author=69385&from=11240680
69385 page=3 fetchUrl=https://acm.timus.ru/status.aspx?space=1&author=69385&from=11240680
69385 page=3 pageSubmissions=10
69385 page=3 submissionsAfterChallengeStart=10
69385 page=3 nextHref=status.aspx?space=1&amp;author=69385&amp;from=11240576
69385 page=3 next=/status.aspx?space=1&author=69385&from=11240576
69385 page=4 fetchUrl=https://acm.timus.ru/status.aspx?space=1&author=69385&from=11240576
69385 page=4 pageSubmissions=10
69385 page=4 submissionsAfterChallengeStart=5
69385 page=4 nextHref=status.aspx?space=1&amp;author=69385&amp;from=9460282
69385 page=4 next=
408257 page=1 fetchUrl=https://acm.timus.ru/status.aspx?space=1&author=408257&count=100&locale=en
408257 page=1 pageSubmissions=81
408257 page=1 submissionsAfterChallengeStart=81
408257 page=1 nextHref=
408257 page=1 next=
408279 page=1 fetchUrl=https://acm.timus.ru/status.aspx?space=1&author=408279&count=100&locale=en
408279 page=1 pageSubmissions=1
408279 page=1 submissionsAfterChallengeStart=1
408279 page=1 nextHref=
408279 page=1 next=
408277 page=1 fetchUrl=https://acm.timus.ru/status.aspx?space=1&author=408277&count=100&locale=en
408277 page=1 pageSubmissions=6
408277 page=1 submissionsAfterChallengeStart=6
408277 page=1 nextHref=
408277 page=1 next=
408280 page=1 fetchUrl=https://acm.timus.ru/status.aspx?space=1&author=408280&count=100&locale=en
408280 page=1 pageSubmissions=26
408280 page=1 submissionsAfterChallengeStart=26
408280 page=1 nextHref=
408280 page=1 next=
408281 page=1 fetchUrl=https://acm.timus.ru/status.aspx?space=1&author=408281&count=100&locale=en
408281 page=1 pageSubmissions=0
408281 page=1 submissionsAfterChallengeStart=0
408281 page=1 nextHref=
408281 page=1 next=
408282 page=1 fetchUrl=https://acm.timus.ru/status.aspx?space=1&author=408282&count=100&locale=en
408282 page=1 pageSubmissions=3
408282 page=1 submissionsAfterChallengeStart=3
408282 page=1 nextHref=
408282 page=1 next=
408283 page=1 fetchUrl=https://acm.timus.ru/status.aspx?space=1&author=408283&count=100&locale=en
408283 page=1 pageSubmissions=51
408283 page=1 submissionsAfterChallengeStart=51
408283 page=1 nextHref=
408283 page=1 next=
408292 page=1 fetchUrl=https://acm.timus.ru/status.aspx?space=1&author=408292&count=100&locale=en
408292 page=1 pageSubmissions=55
408292 page=1 submissionsAfterChallengeStart=55
408292 page=1 nextHref=
408292 page=1 next=
408293 page=1 fetchUrl=https://acm.timus.ru/status.aspx?space=1&author=408293&count=100&locale=en
408293 page=1 pageSubmissions=14
408293 page=1 submissionsAfterChallengeStart=14
408293 page=1 nextHref=
408293 page=1 next=
408296 page=1 fetchUrl=https://acm.timus.ru/status.aspx?space=1&author=408296&count=100&locale=en
408296 page=1 pageSubmissions=32
408296 page=1 submissionsAfterChallengeStart=32
408296 page=1 nextHref=
408296 page=1 next=
408294 page=1 fetchUrl=https://acm.timus.ru/status.aspx?space=1&author=408294&count=100&locale=en
408294 page=1 pageSubmissions=28
408294 page=1 submissionsAfterChallengeStart=28
408294 page=1 nextHref=
408294 page=1 next=
408298 page=1 fetchUrl=https://acm.timus.ru/status.aspx?space=1&author=408298&count=100&locale=en
408298 page=1 pageSubmissions=20
408298 page=1 submissionsAfterChallengeStart=20
408298 page=1 nextHref=
408298 page=1 next=
408303 page=1 fetchUrl=https://acm.timus.ru/status.aspx?space=1&author=408303&count=100&locale=en
408303 page=1 pageSubmissions=91
408303 page=1 submissionsAfterChallengeStart=91
408303 page=1 nextHref=
408303 page=1 next=
408307 page=1 fetchUrl=https://acm.timus.ru/status.aspx?space=1&author=408307&count=100&locale=en
408307 page=1 pageSubmissions=3
408307 page=1 submissionsAfterChallengeStart=3
408307 page=1 nextHref=
408307 page=1 next=
408311 page=1 fetchUrl=https://acm.timus.ru/status.aspx?space=1&author=408311&count=100&locale=en
408311 page=1 pageSubmissions=5
408311 page=1 submissionsAfterChallengeStart=5
408311 page=1 nextHref=
408311 page=1 next=
408323 page=1 fetchUrl=https://acm.timus.ru/status.aspx?space=1&author=408323&count=100&locale=en
408323 page=1 pageSubmissions=21
408323 page=1 submissionsAfterChallengeStart=21
408323 page=1 nextHref=
408323 page=1 next=
408301 page=1 fetchUrl=https://acm.timus.ru/status.aspx?space=1&author=408301&count=100&locale=en
408301 page=1 pageSubmissions=16
408301 page=1 submissionsAfterChallengeStart=16
408301 page=1 nextHref=
408301 page=1 next=
408326 page=1 fetchUrl=https://acm.timus.ru/status.aspx?space=1&author=408326&count=100&locale=en
408326 page=1 pageSubmissions=12
408326 page=1 submissionsAfterChallengeStart=12
408326 page=1 nextHref=
408326 page=1 next=
# 2026-08-30T04:03:50.907Z
69385 page=1 fetchUrl=https://acm.timus.ru/status.aspx?space=1&author=69385&count=100&locale=en
69385 page=1 pageSubmissions=100
69385 page=1 submissionsAfterChallengeStart=100
69385 page=1 nextHref=status.aspx?space=1&amp;author=69385&amp;from=11241301
69385 page=1 next=/status.aspx?space=1&author=69385&from=11241301
69385 page=2 fetchUrl=https://acm.timus.ru/status.aspx?space=1&author=69385&from=11241301
69385 page=2 pageSubmissions=10
69385 page=2 submissionsAfterChallengeStart=10
69385 page=2 nextHref=status.aspx?space=1&amp;author=69385&amp;from=11240680
69385 page=2 next=/status.aspx?space=1&author=69385&from=11240680
69385 page=3 fetchUrl=https://acm.timus.ru/status.aspx?space=1&author=69385&from=11240680
69385 page=3 pageSubmissions=10
69385 page=3 submissionsAfterChallengeStart=10
69385 page=3 nextHref=status.aspx?space=1&amp;author=69385&amp;from=11240576
69385 page=3 next=/status.aspx?space=1&author=69385&from=11240576
69385 page=4 fetchUrl=https://acm.timus.ru/status.aspx?space=1&author=69385&from=11240576
69385 page=4 pageSubmissions=10
69385 page=4 submissionsAfterChallengeStart=5
69385 page=4 nextHref=status.aspx?space=1&amp;author=69385&amp;from=9460282
69385 page=4 next=
408257 page=1 fetchUrl=https://acm.timus.ru/status.aspx?space=1&author=408257&count=100&locale=en
408257 page=1 pageSubmissions=81
408257 page=1 submissionsAfterChallengeStart=81
408257 page=1 nextHref=
408257 page=1 next=
408279 page=1 fetchUrl=https://acm.timus.ru/status.aspx?space=1&author=408279&count=100&locale=en
408279 page=1 pageSubmissions=1
408279 page=1 submissionsAfterChallengeStart=1
408279 page=1 nextHref=
408279 page=1 next=
408277 page=1 fetchUrl=https://acm.timus.ru/status.aspx?space=1&author=408277&count=100&locale=en
408277 page=1 pageSubmissions=6
408277 page=1 submissionsAfterChallengeStart=6
408277 page=1 nextHref=
408277 page=1 next=
408280 page=1 fetchUrl=https://acm.timus.ru/status.aspx?space=1&author=408280&count=100&locale=en
408280 page=1 pageSubmissions=26
408280 page=1 submissionsAfterChallengeStart=26
408280 page=1 nextHref=
408280 page=1 next=
408281 page=1 fetchUrl=https://acm.timus.ru/status.aspx?space=1&author=408281&count=100&locale=en
408281 page=1 pageSubmissions=0
408281 page=1 submissionsAfterChallengeStart=0
408281 page=1 nextHref=
408281 page=1 next=
408282 page=1 fetchUrl=https://acm.timus.ru/status.aspx?space=1&author=408282&count=100&locale=en
408282 page=1 pageSubmissions=3
408282 page=1 submissionsAfterChallengeStart=3
408282 page=1 nextHref=
408282 page=1 next=
408283 page=1 fetchUrl=https://acm.timus.ru/status.aspx?space=1&author=408283&count=100&locale=en
408283 page=1 pageSubmissions=51
408283 page=1 submissionsAfterChallengeStart=51
408283 page=1 nextHref=
408283 page=1 next=
408292 page=1 fetchUrl=https://acm.timus.ru/status.aspx?space=1&author=408292&count=100&locale=en
408292 page=1 pageSubmissions=55
408292 page=1 submissionsAfterChallengeStart=55
408292 page=1 nextHref=
408292 page=1 next=
408293 page=1 fetchUrl=https://acm.timus.ru/status.aspx?space=1&author=408293&count=100&locale=en
408293 page=1 pageSubmissions=14
408293 page=1 submissionsAfterChallengeStart=14
408293 page=1 nextHref=
408293 page=1 next=
408296 page=1 fetchUrl=https://acm.timus.ru/status.aspx?space=1&author=408296&count=100&locale=en
408296 page=1 pageSubmissions=32
408296 page=1 submissionsAfterChallengeStart=32
408296 page=1 nextHref=
408296 page=1 next=
408294 page=1 fetchUrl=https://acm.timus.ru/status.aspx?space=1&author=408294&count=100&locale=en
408294 page=1 pageSubmissions=28
408294 page=1 submissionsAfterChallengeStart=28
408294 page=1 nextHref=
408294 page=1 next=
408298 page=1 fetchUrl=https://acm.timus.ru/status.aspx?space=1&author=408298&count=100&locale=en
408298 page=1 pageSubmissions=20
408298 page=1 submissionsAfterChallengeStart=20
408298 page=1 nextHref=
408298 page=1 next=
408303 page=1 fetchUrl=https://acm.timus.ru/status.aspx?space=1&author=408303&count=100&locale=en
408303 page=1 pageSubmissions=91
408303 page=1 submissionsAfterChallengeStart=91
408303 page=1 nextHref=
408303 page=1 next=
408307 page=1 fetchUrl=https://acm.timus.ru/status.aspx?space=1&author=408307&count=100&locale=en
408307 page=1 pageSubmissions=3
408307 page=1 submissionsAfterChallengeStart=3
408307 page=1 nextHref=
408307 page=1 next=
408311 page=1 fetchUrl=https://acm.timus.ru/status.aspx?space=1&author=408311&count=100&locale=en
408311 page=1 pageSubmissions=5
408311 page=1 submissionsAfterChallengeStart=5
408311 page=1 nextHref=
408311 page=1 next=
408323 page=1 fetchUrl=https://acm.timus.ru/status.aspx?space=1&author=408323&count=100&locale=en
408323 page=1 pageSubmissions=21
408323 page=1 submissionsAfterChallengeStart=21
408323 page=1 nextHref=
408323 page=1 next=
408301 page=1 fetchUrl=https://acm.timus.ru/status.aspx?space=1&author=408301&count=100&locale=en
408301 page=1 pageSubmissions=16
408301 page=1 submissionsAfterChallengeStart=16
408301 page=1 nextHref=
408301 page=1 next=
408326 page=1 fetchUrl=https://acm.timus.ru/status.aspx?space=1&author=408326&count=100&locale=en
408326 page=1 pageSubmissions=12
408326 page=1 submissionsAfterChallengeStart=12
408326 page=1 nextHref=
408326 page=1 next=
# 2026-08-30T04:08:53.130Z
69385 page=1 fetchUrl=https://acm.timus.ru/status.aspx?space=1&author=69385&count=100&locale=en
69385 page=1 pageSubmissions=100
69385 page=1 submissionsAfterChallengeStart=100
69385 page=1 nextHref=status.aspx?space=1&amp;author=69385&amp;from=11241301
69385 page=1 next=/status.aspx?space=1&author=69385&from=11241301
69385 page=2 fetchUrl=https://acm.timus.ru/status.aspx?space=1&author=69385&from=11241301
69385 page=2 pageSubmissions=10
69385 page=2 submissionsAfterChallengeStart=10
69385 page=2 nextHref=status.aspx?space=1&amp;author=69385&amp;from=11240680
69385 page=2 next=/status.aspx?space=1&author=69385&from=11240680
69385 page=3 fetchUrl=https://acm.timus.ru/status.aspx?space=1&author=69385&from=11240680
69385 page=3 pageSubmissions=10
69385 page=3 submissionsAfterChallengeStart=10
69385 page=3 nextHref=status.aspx?space=1&amp;author=69385&amp;from=11240576
69385 page=3 next=/status.aspx?space=1&author=69385&from=11240576
69385 page=4 fetchUrl=https://acm.timus.ru/status.aspx?space=1&author=69385&from=11240576
69385 page=4 pageSubmissions=10
69385 page=4 submissionsAfterChallengeStart=5
69385 page=4 nextHref=status.aspx?space=1&amp;author=69385&amp;from=9460282
69385 page=4 next=
408257 page=1 fetchUrl=https://acm.timus.ru/status.aspx?space=1&author=408257&count=100&locale=en
408257 page=1 pageSubmissions=81
408257 page=1 submissionsAfterChallengeStart=81
408257 page=1 nextHref=
408257 page=1 next=
408279 page=1 fetchUrl=https://acm.timus.ru/status.aspx?space=1&author=408279&count=100&locale=en
408279 page=1 pageSubmissions=1
408279 page=1 submissionsAfterChallengeStart=1
408279 page=1 nextHref=
408279 page=1 next=
408277 page=1 fetchUrl=https://acm.timus.ru/status.aspx?space=1&author=408277&count=100&locale=en
408277 page=1 pageSubmissions=6
408277 page=1 submissionsAfterChallengeStart=6
408277 page=1 nextHref=
408277 page=1 next=
408280 page=1 fetchUrl=https://acm.timus.ru/status.aspx?space=1&author=408280&count=100&locale=en
408280 page=1 pageSubmissions=26
408280 page=1 submissionsAfterChallengeStart=26
408280 page=1 nextHref=
408280 page=1 next=
408281 page=1 fetchUrl=https://acm.timus.ru/status.aspx?space=1&author=408281&count=100&locale=en
408281 page=1 pageSubmissions=0
408281 page=1 submissionsAfterChallengeStart=0
408281 page=1 nextHref=
408281 page=1 next=
408282 page=1 fetchUrl=https://acm.timus.ru/status.aspx?space=1&author=408282&count=100&locale=en
408282 page=1 pageSubmissions=3
408282 page=1 submissionsAfterChallengeStart=3
408282 page=1 nextHref=
408282 page=1 next=
408283 page=1 fetchUrl=https://acm.timus.ru/status.aspx?space=1&author=408283&count=100&locale=en
408283 page=1 pageSubmissions=51
408283 page=1 submissionsAfterChallengeStart=51
408283 page=1 nextHref=
408283 page=1 next=
408292 page=1 fetchUrl=https://acm.timus.ru/status.aspx?space=1&author=408292&count=100&locale=en
408292 page=1 pageSubmissions=55
408292 page=1 submissionsAfterChallengeStart=55
408292 page=1 nextHref=
408292 page=1 next=
408293 page=1 fetchUrl=https://acm.timus.ru/status.aspx?space=1&author=408293&count=100&locale=en
408293 page=1 pageSubmissions=14
408293 page=1 submissionsAfterChallengeStart=14
408293 page=1 nextHref=
408293 page=1 next=
408296 page=1 fetchUrl=https://acm.timus.ru/status.aspx?space=1&author=408296&count=100&locale=en
408296 page=1 pageSubmissions=32
408296 page=1 submissionsAfterChallengeStart=32
408296 page=1 nextHref=
408296 page=1 next=
408294 page=1 fetchUrl=https://acm.timus.ru/status.aspx?space=1&author=408294&count=100&locale=en
408294 page=1 pageSubmissions=28
408294 page=1 submissionsAfterChallengeStart=28
408294 page=1 nextHref=
408294 page=1 next=
408298 page=1 fetchUrl=https://acm.timus.ru/status.aspx?space=1&author=408298&count=100&locale=en
408298 page=1 pageSubmissions=20
408298 page=1 submissionsAfterChallengeStart=20
408298 page=1 nextHref=
408298 page=1 next=
408303 page=1 fetchUrl=https://acm.timus.ru/status.aspx?space=1&author=408303&count=100&locale=en
408303 page=1 pageSubmissions=91
408303 page=1 submissionsAfterChallengeStart=91
408303 page=1 nextHref=
408303 page=1 next=
408307 page=1 fetchUrl=https://acm.timus.ru/status.aspx?space=1&author=408307&count=100&locale=en
408307 page=1 pageSubmissions=3
408307 page=1 submissionsAfterChallengeStart=3
408307 page=1 nextHref=
408307 page=1 next=
408311 page=1 fetchUrl=https://acm.timus.ru/status.aspx?space=1&author=408311&count=100&locale=en
408311 page=1 pageSubmissions=5
408311 page=1 submissionsAfterChallengeStart=5
408311 page=1 nextHref=
408311 page=1 next=
408323 page=1 fetchUrl=https://acm.timus.ru/status.aspx?space=1&author=408323&count=100&locale=en
408323 page=1 pageSubmissions=21
408323 page=1 submissionsAfterChallengeStart=21
408323 page=1 nextHref=
408323 page=1 next=
408301 page=1 fetchUrl=https://acm.timus.ru/status.aspx?space=1&author=408301&count=100&locale=en
408301 page=1 pageSubmissions=16
408301 page=1 submissionsAfterChallengeStart=16
408301 page=1 nextHref=
408301 page=1 next=
408326 page=1 fetchUrl=https://acm.timus.ru/status.aspx?space=1&author=408326&count=100&locale=en
408326 page=1 pageSubmissions=12
408326 page=1 submissionsAfterChallengeStart=12
408326 page=1 nextHref=
408326 page=1 next=
# 2026-08-30T04:14:03.349Z
69385 page=1 fetchUrl=https://acm.timus.ru/status.aspx?space=1&author=69385&count=100&locale=en
69385 page=1 pageSubmissions=100
69385 page=1 submissionsAfterChallengeStart=100
69385 page=1 nextHref=status.aspx?space=1&amp;author=69385&amp;from=11241301
69385 page=1 next=/status.aspx?space=1&author=69385&from=11241301
69385 page=2 fetchUrl=https://acm.timus.ru/status.aspx?space=1&author=69385&from=11241301
69385 page=2 pageSubmissions=10
69385 page=2 submissionsAfterChallengeStart=10
69385 page=2 nextHref=status.aspx?space=1&amp;author=69385&amp;from=11240680
69385 page=2 next=/status.aspx?space=1&author=69385&from=11240680
69385 page=3 fetchUrl=https://acm.timus.ru/status.aspx?space=1&author=69385&from=11240680
69385 page=3 pageSubmissions=10
69385 page=3 submissionsAfterChallengeStart=10
69385 page=3 nextHref=status.aspx?space=1&amp;author=69385&amp;from=11240576
69385 page=3 next=/status.aspx?space=1&author=69385&from=11240576
69385 page=4 fetchUrl=https://acm.timus.ru/status.aspx?space=1&author=69385&from=11240576
69385 page=4 pageSubmissions=10
69385 page=4 submissionsAfterChallengeStart=5
69385 page=4 nextHref=status.aspx?space=1&amp;author=69385&amp;from=9460282
69385 page=4 next=
408257 page=1 fetchUrl=https://acm.timus.ru/status.aspx?space=1&author=408257&count=100&locale=en
408257 page=1 pageSubmissions=81
408257 page=1 submissionsAfterChallengeStart=81
408257 page=1 nextHref=
408257 page=1 next=
408279 page=1 fetchUrl=https://acm.timus.ru/status.aspx?space=1&author=408279&count=100&locale=en
408279 page=1 pageSubmissions=1
408279 page=1 submissionsAfterChallengeStart=1
408279 page=1 nextHref=
408279 page=1 next=
408277 page=1 fetchUrl=https://acm.timus.ru/status.aspx?space=1&author=408277&count=100&locale=en
408277 page=1 pageSubmissions=6
408277 page=1 submissionsAfterChallengeStart=6
408277 page=1 nextHref=
408277 page=1 next=
408280 page=1 fetchUrl=https://acm.timus.ru/status.aspx?space=1&author=408280&count=100&locale=en
408280 page=1 pageSubmissions=26
408280 page=1 submissionsAfterChallengeStart=26
408280 page=1 nextHref=
408280 page=1 next=
408281 page=1 fetchUrl=https://acm.timus.ru/status.aspx?space=1&author=408281&count=100&locale=en
408281 page=1 pageSubmissions=0
408281 page=1 submissionsAfterChallengeStart=0
408281 page=1 nextHref=
408281 page=1 next=
408282 page=1 fetchUrl=https://acm.timus.ru/status.aspx?space=1&author=408282&count=100&locale=en
408282 page=1 pageSubmissions=3
408282 page=1 submissionsAfterChallengeStart=3
408282 page=1 nextHref=
408282 page=1 next=
408283 page=1 fetchUrl=https://acm.timus.ru/status.aspx?space=1&author=408283&count=100&locale=en
408283 page=1 pageSubmissions=51
408283 page=1 submissionsAfterChallengeStart=51
408283 page=1 nextHref=
408283 page=1 next=
408292 page=1 fetchUrl=https://acm.timus.ru/status.aspx?space=1&author=408292&count=100&locale=en
408292 page=1 pageSubmissions=55
408292 page=1 submissionsAfterChallengeStart=55
408292 page=1 nextHref=
408292 page=1 next=
408293 page=1 fetchUrl=https://acm.timus.ru/status.aspx?space=1&author=408293&count=100&locale=en
408293 page=1 pageSubmissions=14
408293 page=1 submissionsAfterChallengeStart=14
408293 page=1 nextHref=
408293 page=1 next=
408296 page=1 fetchUrl=https://acm.timus.ru/status.aspx?space=1&author=408296&count=100&locale=en
408296 page=1 pageSubmissions=32
408296 page=1 submissionsAfterChallengeStart=32
408296 page=1 nextHref=
408296 page=1 next=
408294 page=1 fetchUrl=https://acm.timus.ru/status.aspx?space=1&author=408294&count=100&locale=en
408294 page=1 pageSubmissions=28
408294 page=1 submissionsAfterChallengeStart=28
408294 page=1 nextHref=
408294 page=1 next=
408298 page=1 fetchUrl=https://acm.timus.ru/status.aspx?space=1&author=408298&count=100&locale=en
408298 page=1 pageSubmissions=20
408298 page=1 submissionsAfterChallengeStart=20
408298 page=1 nextHref=
408298 page=1 next=
408303 page=1 fetchUrl=https://acm.timus.ru/status.aspx?space=1&author=408303&count=100&locale=en
408303 page=1 pageSubmissions=91
408303 page=1 submissionsAfterChallengeStart=91
408303 page=1 nextHref=
408303 page=1 next=
408307 page=1 fetchUrl=https://acm.timus.ru/status.aspx?space=1&author=408307&count=100&locale=en
408307 page=1 pageSubmissions=3
408307 page=1 submissionsAfterChallengeStart=3
408307 page=1 nextHref=
408307 page=1 next=
408311 page=1 fetchUrl=https://acm.timus.ru/status.aspx?space=1&author=408311&count=100&locale=en
408311 page=1 pageSubmissions=5
408311 page=1 submissionsAfterChallengeStart=5
408311 page=1 nextHref=
408311 page=1 next=
408323 page=1 fetchUrl=https://acm.timus.ru/status.aspx?space=1&author=408323&count=100&locale=en
408323 page=1 pageSubmissions=21
408323 page=1 submissionsAfterChallengeStart=21
408323 page=1 nextHref=
408323 page=1 next=
408301 page=1 fetchUrl=https://acm.timus.ru/status.aspx?space=1&author=408301&count=100&locale=en
408301 page=1 pageSubmissions=16
408301 page=1 submissionsAfterChallengeStart=16
408301 page=1 nextHref=
408301 page=1 next=
408326 page=1 fetchUrl=https://acm.timus.ru/status.aspx?space=1&author=408326&count=100&locale=en
408326 page=1 pageSubmissions=12
408326 page=1 submissionsAfterChallengeStart=12
408326 page=1 nextHref=
408326 page=1 next=
# 2026-08-30T04:18:53.881Z
69385 page=1 fetchUrl=https://acm.timus.ru/status.aspx?space=1&author=69385&count=100&locale=en
69385 page=1 pageSubmissions=100
69385 page=1 submissionsAfterChallengeStart=100
69385 page=1 nextHref=status.aspx?space=1&amp;author=69385&amp;from=11241301
69385 page=1 next=/status.aspx?space=1&author=69385&from=11241301
69385 page=2 fetchUrl=https://acm.timus.ru/status.aspx?space=1&author=69385&from=11241301
69385 page=2 pageSubmissions=10
69385 page=2 submissionsAfterChallengeStart=10
69385 page=2 nextHref=status.aspx?space=1&amp;author=69385&amp;from=11240680
69385 page=2 next=/status.aspx?space=1&author=69385&from=11240680
69385 page=3 fetchUrl=https://acm.timus.ru/status.aspx?space=1&author=69385&from=11240680
69385 page=3 pageSubmissions=10
69385 page=3 submissionsAfterChallengeStart=10
69385 page=3 nextHref=status.aspx?space=1&amp;author=69385&amp;from=11240576
69385 page=3 next=/status.aspx?space=1&author=69385&from=11240576
69385 page=4 fetchUrl=https://acm.timus.ru/status.aspx?space=1&author=69385&from=11240576
69385 page=4 pageSubmissions=10
69385 page=4 submissionsAfterChallengeStart=5
69385 page=4 nextHref=status.aspx?space=1&amp;author=69385&amp;from=9460282
69385 page=4 next=
408257 page=1 fetchUrl=https://acm.timus.ru/status.aspx?space=1&author=408257&count=100&locale=en
408257 page=1 pageSubmissions=81
408257 page=1 submissionsAfterChallengeStart=81
408257 page=1 nextHref=
408257 page=1 next=
408279 page=1 fetchUrl=https://acm.timus.ru/status.aspx?space=1&author=408279&count=100&locale=en
408279 page=1 pageSubmissions=1
408279 page=1 submissionsAfterChallengeStart=1
408279 page=1 nextHref=
408279 page=1 next=
408277 page=1 fetchUrl=https://acm.timus.ru/status.aspx?space=1&author=408277&count=100&locale=en
408277 page=1 pageSubmissions=6
408277 page=1 submissionsAfterChallengeStart=6
408277 page=1 nextHref=
408277 page=1 next=
408280 page=1 fetchUrl=https://acm.timus.ru/status.aspx?space=1&author=408280&count=100&locale=en
408280 page=1 pageSubmissions=26
408280 page=1 submissionsAfterChallengeStart=26
408280 page=1 nextHref=
408280 page=1 next=
408281 page=1 fetchUrl=https://acm.timus.ru/status.aspx?space=1&author=408281&count=100&locale=en
408281 page=1 pageSubmissions=0
408281 page=1 submissionsAfterChallengeStart=0
408281 page=1 nextHref=
408281 page=1 next=
408282 page=1 fetchUrl=https://acm.timus.ru/status.aspx?space=1&author=408282&count=100&locale=en
408282 page=1 pageSubmissions=3
408282 page=1 submissionsAfterChallengeStart=3
408282 page=1 nextHref=
408282 page=1 next=
408283 page=1 fetchUrl=https://acm.timus.ru/status.aspx?space=1&author=408283&count=100&locale=en
408283 page=1 pageSubmissions=51
408283 page=1 submissionsAfterChallengeStart=51
408283 page=1 nextHref=
408283 page=1 next=
408292 page=1 fetchUrl=https://acm.timus.ru/status.aspx?space=1&author=408292&count=100&locale=en
408292 page=1 pageSubmissions=55
408292 page=1 submissionsAfterChallengeStart=55
408292 page=1 nextHref=
408292 page=1 next=
408293 page=1 fetchUrl=https://acm.timus.ru/status.aspx?space=1&author=408293&count=100&locale=en
408293 page=1 pageSubmissions=14
408293 page=1 submissionsAfterChallengeStart=14
408293 page=1 nextHref=
408293 page=1 next=
408296 page=1 fetchUrl=https://acm.timus.ru/status.aspx?space=1&author=408296&count=100&locale=en
408296 page=1 pageSubmissions=32
408296 page=1 submissionsAfterChallengeStart=32
408296 page=1 nextHref=
408296 page=1 next=
408294 page=1 fetchUrl=https://acm.timus.ru/status.aspx?space=1&author=408294&count=100&locale=en
408294 page=1 pageSubmissions=28
408294 page=1 submissionsAfterChallengeStart=28
408294 page=1 nextHref=
408294 page=1 next=
408298 page=1 fetchUrl=https://acm.timus.ru/status.aspx?space=1&author=408298&count=100&locale=en
408298 page=1 pageSubmissions=20
408298 page=1 submissionsAfterChallengeStart=20
408298 page=1 nextHref=
408298 page=1 next=
408303 page=1 fetchUrl=https://acm.timus.ru/status.aspx?space=1&author=408303&count=100&locale=en
408303 page=1 pageSubmissions=91
408303 page=1 submissionsAfterChallengeStart=91
408303 page=1 nextHref=
408303 page=1 next=
408307 page=1 fetchUrl=https://acm.timus.ru/status.aspx?space=1&author=408307&count=100&locale=en
408307 page=1 pageSubmissions=3
408307 page=1 submissionsAfterChallengeStart=3
408307 page=1 nextHref=
408307 page=1 next=
408311 page=1 fetchUrl=https://acm.timus.ru/status.aspx?space=1&author=408311&count=100&locale=en
408311 page=1 pageSubmissions=5
408311 page=1 submissionsAfterChallengeStart=5
408311 page=1 nextHref=
408311 page=1 next=
408323 page=1 fetchUrl=https://acm.timus.ru/status.aspx?space=1&author=408323&count=100&locale=en
408323 page=1 pageSubmissions=21
408323 page=1 submissionsAfterChallengeStart=21
408323 page=1 nextHref=
408323 page=1 next=
408301 page=1 fetchUrl=https://acm.timus.ru/status.aspx?space=1&author=408301&count=100&locale=en
408301 page=1 pageSubmissions=16
408301 page=1 submissionsAfterChallengeStart=16
408301 page=1 nextHref=
408301 page=1 next=
408326 page=1 fetchUrl=https://acm.timus.ru/status.aspx?space=1&author=408326&count=100&locale=en
408326 page=1 pageSubmissions=12
408326 page=1 submissionsAfterChallengeStart=12
408326 page=1 nextHref=
408326 page=1 next=
# 2026-08-30T04:23:52.557Z
69385 page=1 fetchUrl=https://acm.timus.ru/status.aspx?space=1&author=69385&count=100&locale=en
69385 page=1 pageSubmissions=100
69385 page=1 submissionsAfterChallengeStart=100
69385 page=1 nextHref=status.aspx?space=1&amp;author=69385&amp;from=11241301
69385 page=1 next=/status.aspx?space=1&author=69385&from=11241301
69385 page=2 fetchUrl=https://acm.timus.ru/status.aspx?space=1&author=69385&from=11241301
69385 page=2 pageSubmissions=10
69385 page=2 submissionsAfterChallengeStart=10
69385 page=2 nextHref=status.aspx?space=1&amp;author=69385&amp;from=11240680
69385 page=2 next=/status.aspx?space=1&author=69385&from=11240680
69385 page=3 fetchUrl=https://acm.timus.ru/status.aspx?space=1&author=69385&from=11240680
69385 page=3 pageSubmissions=10
69385 page=3 submissionsAfterChallengeStart=10
69385 page=3 nextHref=status.aspx?space=1&amp;author=69385&amp;from=11240576
69385 page=3 next=/status.aspx?space=1&author=69385&from=11240576
69385 page=4 fetchUrl=https://acm.timus.ru/status.aspx?space=1&author=69385&from=11240576
69385 page=4 pageSubmissions=10
69385 page=4 submissionsAfterChallengeStart=5
69385 page=4 nextHref=status.aspx?space=1&amp;author=69385&amp;from=9460282
69385 page=4 next=
408257 page=1 fetchUrl=https://acm.timus.ru/status.aspx?space=1&author=408257&count=100&locale=en
408257 page=1 pageSubmissions=81
408257 page=1 submissionsAfterChallengeStart=81
408257 page=1 nextHref=
408257 page=1 next=
408279 page=1 fetchUrl=https://acm.timus.ru/status.aspx?space=1&author=408279&count=100&locale=en
408279 page=1 pageSubmissions=1
408279 page=1 submissionsAfterChallengeStart=1
408279 page=1 nextHref=
408279 page=1 next=
408277 page=1 fetchUrl=https://acm.timus.ru/status.aspx?space=1&author=408277&count=100&locale=en
408277 page=1 pageSubmissions=6
408277 page=1 submissionsAfterChallengeStart=6
408277 page=1 nextHref=
408277 page=1 next=
408280 page=1 fetchUrl=https://acm.timus.ru/status.aspx?space=1&author=408280&count=100&locale=en
408280 page=1 pageSubmissions=26
408280 page=1 submissionsAfterChallengeStart=26
408280 page=1 nextHref=
408280 page=1 next=
408281 page=1 fetchUrl=https://acm.timus.ru/status.aspx?space=1&author=408281&count=100&locale=en
408281 page=1 pageSubmissions=0
408281 page=1 submissionsAfterChallengeStart=0
408281 page=1 nextHref=
408281 page=1 next=
408282 page=1 fetchUrl=https://acm.timus.ru/status.aspx?space=1&author=408282&count=100&locale=en
408282 page=1 pageSubmissions=3
408282 page=1 submissionsAfterChallengeStart=3
408282 page=1 nextHref=
408282 page=1 next=
408283 page=1 fetchUrl=https://acm.timus.ru/status.aspx?space=1&author=408283&count=100&locale=en
408283 page=1 pageSubmissions=51
408283 page=1 submissionsAfterChallengeStart=51
408283 page=1 nextHref=
408283 page=1 next=
408292 page=1 fetchUrl=https://acm.timus.ru/status.aspx?space=1&author=408292&count=100&locale=en
408292 page=1 pageSubmissions=55
408292 page=1 submissionsAfterChallengeStart=55
408292 page=1 nextHref=
408292 page=1 next=
408293 page=1 fetchUrl=https://acm.timus.ru/status.aspx?space=1&author=408293&count=100&locale=en
408293 page=1 pageSubmissions=14
408293 page=1 submissionsAfterChallengeStart=14
408293 page=1 nextHref=
408293 page=1 next=
408296 page=1 fetchUrl=https://acm.timus.ru/status.aspx?space=1&author=408296&count=100&locale=en
408296 page=1 pageSubmissions=32
408296 page=1 submissionsAfterChallengeStart=32
408296 page=1 nextHref=
408296 page=1 next=
408294 page=1 fetchUrl=https://acm.timus.ru/status.aspx?space=1&author=408294&count=100&locale=en
408294 page=1 pageSubmissions=28
408294 page=1 submissionsAfterChallengeStart=28
408294 page=1 nextHref=
408294 page=1 next=
408298 page=1 fetchUrl=https://acm.timus.ru/status.aspx?space=1&author=408298&count=100&locale=en
408298 page=1 pageSubmissions=20
408298 page=1 submissionsAfterChallengeStart=20
408298 page=1 nextHref=
408298 page=1 next=
408303 page=1 fetchUrl=https://acm.timus.ru/status.aspx?space=1&author=408303&count=100&locale=en
408303 page=1 pageSubmissions=91
408303 page=1 submissionsAfterChallengeStart=91
408303 page=1 nextHref=
408303 page=1 next=
408307 page=1 fetchUrl=https://acm.timus.ru/status.aspx?space=1&author=408307&count=100&locale=en
408307 page=1 pageSubmissions=3
408307 page=1 submissionsAfterChallengeStart=3
408307 page=1 nextHref=
408307 page=1 next=
408311 page=1 fetchUrl=https://acm.timus.ru/status.aspx?space=1&author=408311&count=100&locale=en
408311 page=1 pageSubmissions=5
408311 page=1 submissionsAfterChallengeStart=5
408311 page=1 nextHref=
408311 page=1 next=
408323 page=1 fetchUrl=https://acm.timus.ru/status.aspx?space=1&author=408323&count=100&locale=en
408323 page=1 pageSubmissions=21
408323 page=1 submissionsAfterChallengeStart=21
408323 page=1 nextHref=
408323 page=1 next=
408301 page=1 fetchUrl=https://acm.timus.ru/status.aspx?space=1&author=408301&count=100&locale=en
408301 page=1 pageSubmissions=16
408301 page=1 submissionsAfterChallengeStart=16
408301 page=1 nextHref=
408301 page=1 next=
408326 page=1 fetchUrl=https://acm.timus.ru/status.aspx?space=1&author=408326&count=100&locale=en
408326 page=1 pageSubmissions=12
408326 page=1 submissionsAfterChallengeStart=12
408326 page=1 nextHref=
408326 page=1 next=
# 2026-08-30T04:28:49.743Z
69385 page=1 fetchUrl=https://acm.timus.ru/status.aspx?space=1&author=69385&count=100&locale=en
69385 page=1 pageSubmissions=100
69385 page=1 submissionsAfterChallengeStart=100
69385 page=1 nextHref=status.aspx?space=1&amp;author=69385&amp;from=11241301
69385 page=1 next=/status.aspx?space=1&author=69385&from=11241301
69385 page=2 fetchUrl=https://acm.timus.ru/status.aspx?space=1&author=69385&from=11241301
69385 page=2 pageSubmissions=10
69385 page=2 submissionsAfterChallengeStart=10
69385 page=2 nextHref=status.aspx?space=1&amp;author=69385&amp;from=11240680
69385 page=2 next=/status.aspx?space=1&author=69385&from=11240680
69385 page=3 fetchUrl=https://acm.timus.ru/status.aspx?space=1&author=69385&from=11240680
69385 page=3 pageSubmissions=10
69385 page=3 submissionsAfterChallengeStart=10
69385 page=3 nextHref=status.aspx?space=1&amp;author=69385&amp;from=11240576
69385 page=3 next=/status.aspx?space=1&author=69385&from=11240576
69385 page=4 fetchUrl=https://acm.timus.ru/status.aspx?space=1&author=69385&from=11240576
69385 page=4 pageSubmissions=10
69385 page=4 submissionsAfterChallengeStart=5
69385 page=4 nextHref=status.aspx?space=1&amp;author=69385&amp;from=9460282
69385 page=4 next=
408257 page=1 fetchUrl=https://acm.timus.ru/status.aspx?space=1&author=408257&count=100&locale=en
408257 page=1 pageSubmissions=81
408257 page=1 submissionsAfterChallengeStart=81
408257 page=1 nextHref=
408257 page=1 next=
408279 page=1 fetchUrl=https://acm.timus.ru/status.aspx?space=1&author=408279&count=100&locale=en
408279 page=1 pageSubmissions=1
408279 page=1 submissionsAfterChallengeStart=1
408279 page=1 nextHref=
408279 page=1 next=
408277 page=1 fetchUrl=https://acm.timus.ru/status.aspx?space=1&author=408277&count=100&locale=en
408277 page=1 pageSubmissions=6
408277 page=1 submissionsAfterChallengeStart=6
408277 page=1 nextHref=
408277 page=1 next=
408280 page=1 fetchUrl=https://acm.timus.ru/status.aspx?space=1&author=408280&count=100&locale=en
408280 page=1 pageSubmissions=26
408280 page=1 submissionsAfterChallengeStart=26
408280 page=1 nextHref=
408280 page=1 next=
408281 page=1 fetchUrl=https://acm.timus.ru/status.aspx?space=1&author=408281&count=100&locale=en
408281 page=1 pageSubmissions=0
408281 page=1 submissionsAfterChallengeStart=0
408281 page=1 nextHref=
408281 page=1 next=
408282 page=1 fetchUrl=https://acm.timus.ru/status.aspx?space=1&author=408282&count=100&locale=en
408282 page=1 pageSubmissions=3
408282 page=1 submissionsAfterChallengeStart=3
408282 page=1 nextHref=
408282 page=1 next=
408283 page=1 fetchUrl=https://acm.timus.ru/status.aspx?space=1&author=408283&count=100&locale=en
408283 page=1 pageSubmissions=51
408283 page=1 submissionsAfterChallengeStart=51
408283 page=1 nextHref=
408283 page=1 next=
408292 page=1 fetchUrl=https://acm.timus.ru/status.aspx?space=1&author=408292&count=100&locale=en
408292 page=1 pageSubmissions=55
408292 page=1 submissionsAfterChallengeStart=55
408292 page=1 nextHref=
408292 page=1 next=
408293 page=1 fetchUrl=https://acm.timus.ru/status.aspx?space=1&author=408293&count=100&locale=en
408293 page=1 pageSubmissions=14
408293 page=1 submissionsAfterChallengeStart=14
408293 page=1 nextHref=
408293 page=1 next=
408296 page=1 fetchUrl=https://acm.timus.ru/status.aspx?space=1&author=408296&count=100&locale=en
408296 page=1 pageSubmissions=32
408296 page=1 submissionsAfterChallengeStart=32
408296 page=1 nextHref=
408296 page=1 next=
408294 page=1 fetchUrl=https://acm.timus.ru/status.aspx?space=1&author=408294&count=100&locale=en
408294 page=1 pageSubmissions=28
408294 page=1 submissionsAfterChallengeStart=28
408294 page=1 nextHref=
408294 page=1 next=
408298 page=1 fetchUrl=https://acm.timus.ru/status.aspx?space=1&author=408298&count=100&locale=en
408298 page=1 pageSubmissions=20
408298 page=1 submissionsAfterChallengeStart=20
408298 page=1 nextHref=
408298 page=1 next=
408303 page=1 fetchUrl=https://acm.timus.ru/status.aspx?space=1&author=408303&count=100&locale=en
408303 page=1 pageSubmissions=91
408303 page=1 submissionsAfterChallengeStart=91
408303 page=1 nextHref=
408303 page=1 next=
408307 page=1 fetchUrl=https://acm.timus.ru/status.aspx?space=1&author=408307&count=100&locale=en
408307 page=1 pageSubmissions=3
408307 page=1 submissionsAfterChallengeStart=3
408307 page=1 nextHref=
408307 page=1 next=
408311 page=1 fetchUrl=https://acm.timus.ru/status.aspx?space=1&author=408311&count=100&locale=en
408311 page=1 pageSubmissions=5
408311 page=1 submissionsAfterChallengeStart=5
408311 page=1 nextHref=
408311 page=1 next=
408323 page=1 fetchUrl=https://acm.timus.ru/status.aspx?space=1&author=408323&count=100&locale=en
408323 page=1 pageSubmissions=21
408323 page=1 submissionsAfterChallengeStart=21
408323 page=1 nextHref=
408323 page=1 next=
408301 page=1 fetchUrl=https://acm.timus.ru/status.aspx?space=1&author=408301&count=100&locale=en
408301 page=1 pageSubmissions=16
408301 page=1 submissionsAfterChallengeStart=16
408301 page=1 nextHref=
408301 page=1 next=
408326 page=1 fetchUrl=https://acm.timus.ru/status.aspx?space=1&author=408326&count=100&locale=en
408326 page=1 pageSubmissions=12
408326 page=1 submissionsAfterChallengeStart=12
408326 page=1 nextHref=
408326 page=1 next=
# 2026-08-30T04:33:52.482Z
69385 page=1 fetchUrl=https://acm.timus.ru/status.aspx?space=1&author=69385&count=100&locale=en
69385 page=1 pageSubmissions=100
69385 page=1 submissionsAfterChallengeStart=100
69385 page=1 nextHref=status.aspx?space=1&amp;author=69385&amp;from=11241301
69385 page=1 next=/status.aspx?space=1&author=69385&from=11241301
69385 page=2 fetchUrl=https://acm.timus.ru/status.aspx?space=1&author=69385&from=11241301
69385 page=2 pageSubmissions=10
69385 page=2 submissionsAfterChallengeStart=10
69385 page=2 nextHref=status.aspx?space=1&amp;author=69385&amp;from=11240680
69385 page=2 next=/status.aspx?space=1&author=69385&from=11240680
69385 page=3 fetchUrl=https://acm.timus.ru/status.aspx?space=1&author=69385&from=11240680
69385 page=3 pageSubmissions=10
69385 page=3 submissionsAfterChallengeStart=10
69385 page=3 nextHref=status.aspx?space=1&amp;author=69385&amp;from=11240576
69385 page=3 next=/status.aspx?space=1&author=69385&from=11240576
69385 page=4 fetchUrl=https://acm.timus.ru/status.aspx?space=1&author=69385&from=11240576
69385 page=4 pageSubmissions=10
69385 page=4 submissionsAfterChallengeStart=5
69385 page=4 nextHref=status.aspx?space=1&amp;author=69385&amp;from=9460282
69385 page=4 next=
408257 page=1 fetchUrl=https://acm.timus.ru/status.aspx?space=1&author=408257&count=100&locale=en
408257 page=1 pageSubmissions=81
408257 page=1 submissionsAfterChallengeStart=81
408257 page=1 nextHref=
408257 page=1 next=
408279 page=1 fetchUrl=https://acm.timus.ru/status.aspx?space=1&author=408279&count=100&locale=en
408279 page=1 pageSubmissions=1
408279 page=1 submissionsAfterChallengeStart=1
408279 page=1 nextHref=
408279 page=1 next=
408277 page=1 fetchUrl=https://acm.timus.ru/status.aspx?space=1&author=408277&count=100&locale=en
408277 page=1 pageSubmissions=6
408277 page=1 submissionsAfterChallengeStart=6
408277 page=1 nextHref=
408277 page=1 next=
408280 page=1 fetchUrl=https://acm.timus.ru/status.aspx?space=1&author=408280&count=100&locale=en
408280 page=1 pageSubmissions=26
408280 page=1 submissionsAfterChallengeStart=26
408280 page=1 nextHref=
408280 page=1 next=
408281 page=1 fetchUrl=https://acm.timus.ru/status.aspx?space=1&author=408281&count=100&locale=en
408281 page=1 pageSubmissions=0
408281 page=1 submissionsAfterChallengeStart=0
408281 page=1 nextHref=
408281 page=1 next=
408282 page=1 fetchUrl=https://acm.timus.ru/status.aspx?space=1&author=408282&count=100&locale=en
408282 page=1 pageSubmissions=3
408282 page=1 submissionsAfterChallengeStart=3
408282 page=1 nextHref=
408282 page=1 next=
408283 page=1 fetchUrl=https://acm.timus.ru/status.aspx?space=1&author=408283&count=100&locale=en
408283 page=1 pageSubmissions=51
408283 page=1 submissionsAfterChallengeStart=51
408283 page=1 nextHref=
408283 page=1 next=
408292 page=1 fetchUrl=https://acm.timus.ru/status.aspx?space=1&author=408292&count=100&locale=en
408292 page=1 pageSubmissions=55
408292 page=1 submissionsAfterChallengeStart=55
408292 page=1 nextHref=
408292 page=1 next=
408293 page=1 fetchUrl=https://acm.timus.ru/status.aspx?space=1&author=408293&count=100&locale=en
408293 page=1 pageSubmissions=14
408293 page=1 submissionsAfterChallengeStart=14
408293 page=1 nextHref=
408293 page=1 next=
408296 page=1 fetchUrl=https://acm.timus.ru/status.aspx?space=1&author=408296&count=100&locale=en
408296 page=1 pageSubmissions=32
408296 page=1 submissionsAfterChallengeStart=32
408296 page=1 nextHref=
408296 page=1 next=
408294 page=1 fetchUrl=https://acm.timus.ru/status.aspx?space=1&author=408294&count=100&locale=en
408294 page=1 pageSubmissions=28
408294 page=1 submissionsAfterChallengeStart=28
408294 page=1 nextHref=
408294 page=1 next=
408298 page=1 fetchUrl=https://acm.timus.ru/status.aspx?space=1&author=408298&count=100&locale=en
408298 page=1 pageSubmissions=20
408298 page=1 submissionsAfterChallengeStart=20
408298 page=1 nextHref=
408298 page=1 next=
408303 page=1 fetchUrl=https://acm.timus.ru/status.aspx?space=1&author=408303&count=100&locale=en
408303 page=1 pageSubmissions=91
408303 page=1 submissionsAfterChallengeStart=91
408303 page=1 nextHref=
408303 page=1 next=
408307 page=1 fetchUrl=https://acm.timus.ru/status.aspx?space=1&author=408307&count=100&locale=en
408307 page=1 pageSubmissions=3
408307 page=1 submissionsAfterChallengeStart=3
408307 page=1 nextHref=
408307 page=1 next=
408311 page=1 fetchUrl=https://acm.timus.ru/status.aspx?space=1&author=408311&count=100&locale=en
408311 page=1 pageSubmissions=5
408311 page=1 submissionsAfterChallengeStart=5
408311 page=1 nextHref=
408311 page=1 next=
408323 page=1 fetchUrl=https://acm.timus.ru/status.aspx?space=1&author=408323&count=100&locale=en
408323 page=1 pageSubmissions=21
408323 page=1 submissionsAfterChallengeStart=21
408323 page=1 nextHref=
408323 page=1 next=
408301 page=1 fetchUrl=https://acm.timus.ru/status.aspx?space=1&author=408301&count=100&locale=en
408301 page=1 pageSubmissions=16
408301 page=1 submissionsAfterChallengeStart=16
408301 page=1 nextHref=
408301 page=1 next=
408326 page=1 fetchUrl=https://acm.timus.ru/status.aspx?space=1&author=408326&count=100&locale=en
408326 page=1 pageSubmissions=12
408326 page=1 submissionsAfterChallengeStart=12
408326 page=1 nextHref=
408326 page=1 next=
# 2026-08-30T04:38:54.892Z
69385 page=1 fetchUrl=https://acm.timus.ru/status.aspx?space=1&author=69385&count=100&locale=en
69385 page=1 pageSubmissions=100
69385 page=1 submissionsAfterChallengeStart=100
69385 page=1 nextHref=status.aspx?space=1&amp;author=69385&amp;from=11241301
69385 page=1 next=/status.aspx?space=1&author=69385&from=11241301
69385 page=2 fetchUrl=https://acm.timus.ru/status.aspx?space=1&author=69385&from=11241301
69385 page=2 pageSubmissions=10
69385 page=2 submissionsAfterChallengeStart=10
69385 page=2 nextHref=status.aspx?space=1&amp;author=69385&amp;from=11240680
69385 page=2 next=/status.aspx?space=1&author=69385&from=11240680
69385 page=3 fetchUrl=https://acm.timus.ru/status.aspx?space=1&author=69385&from=11240680
69385 page=3 pageSubmissions=10
69385 page=3 submissionsAfterChallengeStart=10
69385 page=3 nextHref=status.aspx?space=1&amp;author=69385&amp;from=11240576
69385 page=3 next=/status.aspx?space=1&author=69385&from=11240576
69385 page=4 fetchUrl=https://acm.timus.ru/status.aspx?space=1&author=69385&from=11240576
69385 page=4 pageSubmissions=10
69385 page=4 submissionsAfterChallengeStart=5
69385 page=4 nextHref=status.aspx?space=1&amp;author=69385&amp;from=9460282
69385 page=4 next=
408257 page=1 fetchUrl=https://acm.timus.ru/status.aspx?space=1&author=408257&count=100&locale=en
408257 page=1 pageSubmissions=81
408257 page=1 submissionsAfterChallengeStart=81
408257 page=1 nextHref=
408257 page=1 next=
408279 page=1 fetchUrl=https://acm.timus.ru/status.aspx?space=1&author=408279&count=100&locale=en
408279 page=1 pageSubmissions=1
408279 page=1 submissionsAfterChallengeStart=1
408279 page=1 nextHref=
408279 page=1 next=
408277 page=1 fetchUrl=https://acm.timus.ru/status.aspx?space=1&author=408277&count=100&locale=en
408277 page=1 pageSubmissions=6
408277 page=1 submissionsAfterChallengeStart=6
408277 page=1 nextHref=
408277 page=1 next=
408280 page=1 fetchUrl=https://acm.timus.ru/status.aspx?space=1&author=408280&count=100&locale=en
408280 page=1 pageSubmissions=26
408280 page=1 submissionsAfterChallengeStart=26
408280 page=1 nextHref=
408280 page=1 next=
408281 page=1 fetchUrl=https://acm.timus.ru/status.aspx?space=1&author=408281&count=100&locale=en
408281 page=1 pageSubmissions=0
408281 page=1 submissionsAfterChallengeStart=0
408281 page=1 nextHref=
408281 page=1 next=
408282 page=1 fetchUrl=https://acm.timus.ru/status.aspx?space=1&author=408282&count=100&locale=en
408282 page=1 pageSubmissions=3
408282 page=1 submissionsAfterChallengeStart=3
408282 page=1 nextHref=
408282 page=1 next=
408283 page=1 fetchUrl=https://acm.timus.ru/status.aspx?space=1&author=408283&count=100&locale=en
408283 page=1 pageSubmissions=51
408283 page=1 submissionsAfterChallengeStart=51
408283 page=1 nextHref=
408283 page=1 next=
408292 page=1 fetchUrl=https://acm.timus.ru/status.aspx?space=1&author=408292&count=100&locale=en
408292 page=1 pageSubmissions=55
408292 page=1 submissionsAfterChallengeStart=55
408292 page=1 nextHref=
408292 page=1 next=
408293 page=1 fetchUrl=https://acm.timus.ru/status.aspx?space=1&author=408293&count=100&locale=en
408293 page=1 pageSubmissions=14
408293 page=1 submissionsAfterChallengeStart=14
408293 page=1 nextHref=
408293 page=1 next=
408296 page=1 fetchUrl=https://acm.timus.ru/status.aspx?space=1&author=408296&count=100&locale=en
408296 page=1 pageSubmissions=32
408296 page=1 submissionsAfterChallengeStart=32
408296 page=1 nextHref=
408296 page=1 next=
408294 page=1 fetchUrl=https://acm.timus.ru/status.aspx?space=1&author=408294&count=100&locale=en
408294 page=1 pageSubmissions=28
408294 page=1 submissionsAfterChallengeStart=28
408294 page=1 nextHref=
408294 page=1 next=
408298 page=1 fetchUrl=https://acm.timus.ru/status.aspx?space=1&author=408298&count=100&locale=en
408298 page=1 pageSubmissions=20
408298 page=1 submissionsAfterChallengeStart=20
408298 page=1 nextHref=
408298 page=1 next=
408303 page=1 fetchUrl=https://acm.timus.ru/status.aspx?space=1&author=408303&count=100&locale=en
408303 page=1 pageSubmissions=91
408303 page=1 submissionsAfterChallengeStart=91
408303 page=1 nextHref=
408303 page=1 next=
408307 page=1 fetchUrl=https://acm.timus.ru/status.aspx?space=1&author=408307&count=100&locale=en
408307 page=1 pageSubmissions=3
408307 page=1 submissionsAfterChallengeStart=3
408307 page=1 nextHref=
408307 page=1 next=
408311 page=1 fetchUrl=https://acm.timus.ru/status.aspx?space=1&author=408311&count=100&locale=en
408311 page=1 pageSubmissions=5
408311 page=1 submissionsAfterChallengeStart=5
408311 page=1 nextHref=
408311 page=1 next=
408323 page=1 fetchUrl=https://acm.timus.ru/status.aspx?space=1&author=408323&count=100&locale=en
408323 page=1 pageSubmissions=21
408323 page=1 submissionsAfterChallengeStart=21
408323 page=1 nextHref=
408323 page=1 next=
408301 page=1 fetchUrl=https://acm.timus.ru/status.aspx?space=1&author=408301&count=100&locale=en
408301 page=1 pageSubmissions=16
408301 page=1 submissionsAfterChallengeStart=16
408301 page=1 nextHref=
408301 page=1 next=
408326 page=1 fetchUrl=https://acm.timus.ru/status.aspx?space=1&author=408326&count=100&locale=en
408326 page=1 pageSubmissions=12
408326 page=1 submissionsAfterChallengeStart=12
408326 page=1 nextHref=
408326 page=1 next=
# 2026-08-30T04:43:53.582Z
69385 page=1 fetchUrl=https://acm.timus.ru/status.aspx?space=1&author=69385&count=100&locale=en
69385 page=1 pageSubmissions=100
69385 page=1 submissionsAfterChallengeStart=100
69385 page=1 nextHref=status.aspx?space=1&amp;author=69385&amp;from=11241301
69385 page=1 next=/status.aspx?space=1&author=69385&from=11241301
69385 page=2 fetchUrl=https://acm.timus.ru/status.aspx?space=1&author=69385&from=11241301
69385 page=2 pageSubmissions=10
69385 page=2 submissionsAfterChallengeStart=10
69385 page=2 nextHref=status.aspx?space=1&amp;author=69385&amp;from=11240680
69385 page=2 next=/status.aspx?space=1&author=69385&from=11240680
69385 page=3 fetchUrl=https://acm.timus.ru/status.aspx?space=1&author=69385&from=11240680
69385 page=3 pageSubmissions=10
69385 page=3 submissionsAfterChallengeStart=10
69385 page=3 nextHref=status.aspx?space=1&amp;author=69385&amp;from=11240576
69385 page=3 next=/status.aspx?space=1&author=69385&from=11240576
69385 page=4 fetchUrl=https://acm.timus.ru/status.aspx?space=1&author=69385&from=11240576
69385 page=4 pageSubmissions=10
69385 page=4 submissionsAfterChallengeStart=5
69385 page=4 nextHref=status.aspx?space=1&amp;author=69385&amp;from=9460282
69385 page=4 next=
408257 page=1 fetchUrl=https://acm.timus.ru/status.aspx?space=1&author=408257&count=100&locale=en
408257 page=1 pageSubmissions=81
408257 page=1 submissionsAfterChallengeStart=81
408257 page=1 nextHref=
408257 page=1 next=
408279 page=1 fetchUrl=https://acm.timus.ru/status.aspx?space=1&author=408279&count=100&locale=en
408279 page=1 pageSubmissions=1
408279 page=1 submissionsAfterChallengeStart=1
408279 page=1 nextHref=
408279 page=1 next=
408277 page=1 fetchUrl=https://acm.timus.ru/status.aspx?space=1&author=408277&count=100&locale=en
408277 page=1 pageSubmissions=6
408277 page=1 submissionsAfterChallengeStart=6
408277 page=1 nextHref=
408277 page=1 next=
408280 page=1 fetchUrl=https://acm.timus.ru/status.aspx?space=1&author=408280&count=100&locale=en
408280 page=1 pageSubmissions=26
408280 page=1 submissionsAfterChallengeStart=26
408280 page=1 nextHref=
408280 page=1 next=
408281 page=1 fetchUrl=https://acm.timus.ru/status.aspx?space=1&author=408281&count=100&locale=en
408281 page=1 pageSubmissions=0
408281 page=1 submissionsAfterChallengeStart=0
408281 page=1 nextHref=
408281 page=1 next=
408282 page=1 fetchUrl=https://acm.timus.ru/status.aspx?space=1&author=408282&count=100&locale=en
408282 page=1 pageSubmissions=3
408282 page=1 submissionsAfterChallengeStart=3
408282 page=1 nextHref=
408282 page=1 next=
408283 page=1 fetchUrl=https://acm.timus.ru/status.aspx?space=1&author=408283&count=100&locale=en
408283 page=1 pageSubmissions=51
408283 page=1 submissionsAfterChallengeStart=51
408283 page=1 nextHref=
408283 page=1 next=
408292 page=1 fetchUrl=https://acm.timus.ru/status.aspx?space=1&author=408292&count=100&locale=en
408292 page=1 pageSubmissions=55
408292 page=1 submissionsAfterChallengeStart=55
408292 page=1 nextHref=
408292 page=1 next=
408293 page=1 fetchUrl=https://acm.timus.ru/status.aspx?space=1&author=408293&count=100&locale=en
408293 page=1 pageSubmissions=14
408293 page=1 submissionsAfterChallengeStart=14
408293 page=1 nextHref=
408293 page=1 next=
408296 page=1 fetchUrl=https://acm.timus.ru/status.aspx?space=1&author=408296&count=100&locale=en
408296 page=1 pageSubmissions=32
408296 page=1 submissionsAfterChallengeStart=32
408296 page=1 nextHref=
408296 page=1 next=
408294 page=1 fetchUrl=https://acm.timus.ru/status.aspx?space=1&author=408294&count=100&locale=en
408294 page=1 pageSubmissions=28
408294 page=1 submissionsAfterChallengeStart=28
408294 page=1 nextHref=
408294 page=1 next=
408298 page=1 fetchUrl=https://acm.timus.ru/status.aspx?space=1&author=408298&count=100&locale=en
408298 page=1 pageSubmissions=20
408298 page=1 submissionsAfterChallengeStart=20
408298 page=1 nextHref=
408298 page=1 next=
408303 page=1 fetchUrl=https://acm.timus.ru/status.aspx?space=1&author=408303&count=100&locale=en
408303 page=1 pageSubmissions=91
408303 page=1 submissionsAfterChallengeStart=91
408303 page=1 nextHref=
408303 page=1 next=
408307 page=1 fetchUrl=https://acm.timus.ru/status.aspx?space=1&author=408307&count=100&locale=en
408307 page=1 pageSubmissions=3
408307 page=1 submissionsAfterChallengeStart=3
408307 page=1 nextHref=
408307 page=1 next=
408311 page=1 fetchUrl=https://acm.timus.ru/status.aspx?space=1&author=408311&count=100&locale=en
408311 page=1 pageSubmissions=5
408311 page=1 submissionsAfterChallengeStart=5
408311 page=1 nextHref=
408311 page=1 next=
408323 page=1 fetchUrl=https://acm.timus.ru/status.aspx?space=1&author=408323&count=100&locale=en
408323 page=1 pageSubmissions=21
408323 page=1 submissionsAfterChallengeStart=21
408323 page=1 nextHref=
408323 page=1 next=
408301 page=1 fetchUrl=https://acm.timus.ru/status.aspx?space=1&author=408301&count=100&locale=en
408301 page=1 pageSubmissions=16
408301 page=1 submissionsAfterChallengeStart=16
408301 page=1 nextHref=
408301 page=1 next=
408326 page=1 fetchUrl=https://acm.timus.ru/status.aspx?space=1&author=408326&count=100&locale=en
408326 page=1 pageSubmissions=12
408326 page=1 submissionsAfterChallengeStart=12
408326 page=1 nextHref=
408326 page=1 next=
# 2026-08-30T04:48:59.332Z
69385 page=1 fetchUrl=https://acm.timus.ru/status.aspx?space=1&author=69385&count=100&locale=en
69385 page=1 pageSubmissions=100
69385 page=1 submissionsAfterChallengeStart=100
69385 page=1 nextHref=status.aspx?space=1&amp;author=69385&amp;from=11241301
69385 page=1 next=/status.aspx?space=1&author=69385&from=11241301
69385 page=2 fetchUrl=https://acm.timus.ru/status.aspx?space=1&author=69385&from=11241301
69385 page=2 pageSubmissions=10
69385 page=2 submissionsAfterChallengeStart=10
69385 page=2 nextHref=status.aspx?space=1&amp;author=69385&amp;from=11240680
69385 page=2 next=/status.aspx?space=1&author=69385&from=11240680
69385 page=3 fetchUrl=https://acm.timus.ru/status.aspx?space=1&author=69385&from=11240680
69385 page=3 pageSubmissions=10
69385 page=3 submissionsAfterChallengeStart=10
69385 page=3 nextHref=status.aspx?space=1&amp;author=69385&amp;from=11240576
69385 page=3 next=/status.aspx?space=1&author=69385&from=11240576
69385 page=4 fetchUrl=https://acm.timus.ru/status.aspx?space=1&author=69385&from=11240576
69385 page=4 pageSubmissions=10
69385 page=4 submissionsAfterChallengeStart=5
69385 page=4 nextHref=status.aspx?space=1&amp;author=69385&amp;from=9460282
69385 page=4 next=
408257 page=1 fetchUrl=https://acm.timus.ru/status.aspx?space=1&author=408257&count=100&locale=en
408257 page=1 pageSubmissions=81
408257 page=1 submissionsAfterChallengeStart=81
408257 page=1 nextHref=
408257 page=1 next=
408279 page=1 fetchUrl=https://acm.timus.ru/status.aspx?space=1&author=408279&count=100&locale=en
408279 page=1 pageSubmissions=1
408279 page=1 submissionsAfterChallengeStart=1
408279 page=1 nextHref=
408279 page=1 next=
408277 page=1 fetchUrl=https://acm.timus.ru/status.aspx?space=1&author=408277&count=100&locale=en
408277 page=1 pageSubmissions=6
408277 page=1 submissionsAfterChallengeStart=6
408277 page=1 nextHref=
408277 page=1 next=
408280 page=1 fetchUrl=https://acm.timus.ru/status.aspx?space=1&author=408280&count=100&locale=en
408280 page=1 pageSubmissions=26
408280 page=1 submissionsAfterChallengeStart=26
408280 page=1 nextHref=
408280 page=1 next=
408281 page=1 fetchUrl=https://acm.timus.ru/status.aspx?space=1&author=408281&count=100&locale=en
408281 page=1 pageSubmissions=0
408281 page=1 submissionsAfterChallengeStart=0
408281 page=1 nextHref=
408281 page=1 next=
408282 page=1 fetchUrl=https://acm.timus.ru/status.aspx?space=1&author=408282&count=100&locale=en
408282 page=1 pageSubmissions=3
408282 page=1 submissionsAfterChallengeStart=3
408282 page=1 nextHref=
408282 page=1 next=
408283 page=1 fetchUrl=https://acm.timus.ru/status.aspx?space=1&author=408283&count=100&locale=en
408283 page=1 pageSubmissions=51
408283 page=1 submissionsAfterChallengeStart=51
408283 page=1 nextHref=
408283 page=1 next=
408292 page=1 fetchUrl=https://acm.timus.ru/status.aspx?space=1&author=408292&count=100&locale=en
408292 page=1 pageSubmissions=55
408292 page=1 submissionsAfterChallengeStart=55
408292 page=1 nextHref=
408292 page=1 next=
408293 page=1 fetchUrl=https://acm.timus.ru/status.aspx?space=1&author=408293&count=100&locale=en
408293 page=1 pageSubmissions=14
408293 page=1 submissionsAfterChallengeStart=14
408293 page=1 nextHref=
408293 page=1 next=
408296 page=1 fetchUrl=https://acm.timus.ru/status.aspx?space=1&author=408296&count=100&locale=en
408296 page=1 pageSubmissions=32
408296 page=1 submissionsAfterChallengeStart=32
408296 page=1 nextHref=
408296 page=1 next=
408294 page=1 fetchUrl=https://acm.timus.ru/status.aspx?space=1&author=408294&count=100&locale=en
408294 page=1 pageSubmissions=28
408294 page=1 submissionsAfterChallengeStart=28
408294 page=1 nextHref=
408294 page=1 next=
408298 page=1 fetchUrl=https://acm.timus.ru/status.aspx?space=1&author=408298&count=100&locale=en
408298 page=1 pageSubmissions=20
408298 page=1 submissionsAfterChallengeStart=20
408298 page=1 nextHref=
408298 page=1 next=
408303 page=1 fetchUrl=https://acm.timus.ru/status.aspx?space=1&author=408303&count=100&locale=en
408303 page=1 pageSubmissions=91
408303 page=1 submissionsAfterChallengeStart=91
408303 page=1 nextHref=
408303 page=1 next=
408307 page=1 fetchUrl=https://acm.timus.ru/status.aspx?space=1&author=408307&count=100&locale=en
408307 page=1 pageSubmissions=3
408307 page=1 submissionsAfterChallengeStart=3
408307 page=1 nextHref=
408307 page=1 next=
408311 page=1 fetchUrl=https://acm.timus.ru/status.aspx?space=1&author=408311&count=100&locale=en
408311 page=1 pageSubmissions=5
408311 page=1 submissionsAfterChallengeStart=5
408311 page=1 nextHref=
408311 page=1 next=
408323 page=1 fetchUrl=https://acm.timus.ru/status.aspx?space=1&author=408323&count=100&locale=en
408323 page=1 pageSubmissions=21
408323 page=1 submissionsAfterChallengeStart=21
408323 page=1 nextHref=
408323 page=1 next=
408301 page=1 fetchUrl=https://acm.timus.ru/status.aspx?space=1&author=408301&count=100&locale=en
408301 page=1 pageSubmissions=16
408301 page=1 submissionsAfterChallengeStart=16
408301 page=1 nextHref=
408301 page=1 next=
408326 page=1 fetchUrl=https://acm.timus.ru/status.aspx?space=1&author=408326&count=100&locale=en
408326 page=1 pageSubmissions=12
408326 page=1 submissionsAfterChallengeStart=12
408326 page=1 nextHref=
408326 page=1 next=
# 2026-08-30T04:53:53.775Z
69385 page=1 fetchUrl=https://acm.timus.ru/status.aspx?space=1&author=69385&count=100&locale=en
69385 page=1 pageSubmissions=100
69385 page=1 submissionsAfterChallengeStart=100
69385 page=1 nextHref=status.aspx?space=1&amp;author=69385&amp;from=11241301
69385 page=1 next=/status.aspx?space=1&author=69385&from=11241301
69385 page=2 fetchUrl=https://acm.timus.ru/status.aspx?space=1&author=69385&from=11241301
69385 page=2 pageSubmissions=10
69385 page=2 submissionsAfterChallengeStart=10
69385 page=2 nextHref=status.aspx?space=1&amp;author=69385&amp;from=11240680
69385 page=2 next=/status.aspx?space=1&author=69385&from=11240680
69385 page=3 fetchUrl=https://acm.timus.ru/status.aspx?space=1&author=69385&from=11240680
69385 page=3 pageSubmissions=10
69385 page=3 submissionsAfterChallengeStart=10
69385 page=3 nextHref=status.aspx?space=1&amp;author=69385&amp;from=11240576
69385 page=3 next=/status.aspx?space=1&author=69385&from=11240576
69385 page=4 fetchUrl=https://acm.timus.ru/status.aspx?space=1&author=69385&from=11240576
69385 page=4 pageSubmissions=10
69385 page=4 submissionsAfterChallengeStart=5
69385 page=4 nextHref=status.aspx?space=1&amp;author=69385&amp;from=9460282
69385 page=4 next=
408257 page=1 fetchUrl=https://acm.timus.ru/status.aspx?space=1&author=408257&count=100&locale=en
408257 page=1 pageSubmissions=81
408257 page=1 submissionsAfterChallengeStart=81
408257 page=1 nextHref=
408257 page=1 next=
408279 page=1 fetchUrl=https://acm.timus.ru/status.aspx?space=1&author=408279&count=100&locale=en
408279 page=1 pageSubmissions=1
408279 page=1 submissionsAfterChallengeStart=1
408279 page=1 nextHref=
408279 page=1 next=
408277 page=1 fetchUrl=https://acm.timus.ru/status.aspx?space=1&author=408277&count=100&locale=en
408277 page=1 pageSubmissions=6
408277 page=1 submissionsAfterChallengeStart=6
408277 page=1 nextHref=
408277 page=1 next=
408280 page=1 fetchUrl=https://acm.timus.ru/status.aspx?space=1&author=408280&count=100&locale=en
408280 page=1 pageSubmissions=26
408280 page=1 submissionsAfterChallengeStart=26
408280 page=1 nextHref=
408280 page=1 next=
408281 page=1 fetchUrl=https://acm.timus.ru/status.aspx?space=1&author=408281&count=100&locale=en
408281 page=1 pageSubmissions=0
408281 page=1 submissionsAfterChallengeStart=0
408281 page=1 nextHref=
408281 page=1 next=
408282 page=1 fetchUrl=https://acm.timus.ru/status.aspx?space=1&author=408282&count=100&locale=en
408282 page=1 pageSubmissions=3
408282 page=1 submissionsAfterChallengeStart=3
408282 page=1 nextHref=
408282 page=1 next=
408283 page=1 fetchUrl=https://acm.timus.ru/status.aspx?space=1&author=408283&count=100&locale=en
408283 page=1 pageSubmissions=51
408283 page=1 submissionsAfterChallengeStart=51
408283 page=1 nextHref=
408283 page=1 next=
408292 page=1 fetchUrl=https://acm.timus.ru/status.aspx?space=1&author=408292&count=100&locale=en
408292 page=1 pageSubmissions=55
408292 page=1 submissionsAfterChallengeStart=55
408292 page=1 nextHref=
408292 page=1 next=
408293 page=1 fetchUrl=https://acm.timus.ru/status.aspx?space=1&author=408293&count=100&locale=en
408293 page=1 pageSubmissions=14
408293 page=1 submissionsAfterChallengeStart=14
408293 page=1 nextHref=
408293 page=1 next=
408296 page=1 fetchUrl=https://acm.timus.ru/status.aspx?space=1&author=408296&count=100&locale=en
408296 page=1 pageSubmissions=32
408296 page=1 submissionsAfterChallengeStart=32
408296 page=1 nextHref=
408296 page=1 next=
408294 page=1 fetchUrl=https://acm.timus.ru/status.aspx?space=1&author=408294&count=100&locale=en
408294 page=1 pageSubmissions=28
408294 page=1 submissionsAfterChallengeStart=28
408294 page=1 nextHref=
408294 page=1 next=
408298 page=1 fetchUrl=https://acm.timus.ru/status.aspx?space=1&author=408298&count=100&locale=en
408298 page=1 pageSubmissions=20
408298 page=1 submissionsAfterChallengeStart=20
408298 page=1 nextHref=
408298 page=1 next=
408303 page=1 fetchUrl=https://acm.timus.ru/status.aspx?space=1&author=408303&count=100&locale=en
408303 page=1 pageSubmissions=91
408303 page=1 submissionsAfterChallengeStart=91
408303 page=1 nextHref=
408303 page=1 next=
408307 page=1 fetchUrl=https://acm.timus.ru/status.aspx?space=1&author=408307&count=100&locale=en
408307 page=1 pageSubmissions=3
408307 page=1 submissionsAfterChallengeStart=3
408307 page=1 nextHref=
408307 page=1 next=
408311 page=1 fetchUrl=https://acm.timus.ru/status.aspx?space=1&author=408311&count=100&locale=en
408311 page=1 pageSubmissions=5
408311 page=1 submissionsAfterChallengeStart=5
408311 page=1 nextHref=
408311 page=1 next=
408323 page=1 fetchUrl=https://acm.timus.ru/status.aspx?space=1&author=408323&count=100&locale=en
408323 page=1 pageSubmissions=21
408323 page=1 submissionsAfterChallengeStart=21
408323 page=1 nextHref=
408323 page=1 next=
408301 page=1 fetchUrl=https://acm.timus.ru/status.aspx?space=1&author=408301&count=100&locale=en
408301 page=1 pageSubmissions=16
408301 page=1 submissionsAfterChallengeStart=16
408301 page=1 nextHref=
408301 page=1 next=
408326 page=1 fetchUrl=https://acm.timus.ru/status.aspx?space=1&author=408326&count=100&locale=en
408326 page=1 pageSubmissions=12
408326 page=1 submissionsAfterChallengeStart=12
408326 page=1 nextHref=
408326 page=1 next=
# 2026-08-30T04:58:50.033Z
69385 page=1 fetchUrl=https://acm.timus.ru/status.aspx?space=1&author=69385&count=100&locale=en
69385 page=1 pageSubmissions=100
69385 page=1 submissionsAfterChallengeStart=100
69385 page=1 nextHref=status.aspx?space=1&amp;author=69385&amp;from=11241301
69385 page=1 next=/status.aspx?space=1&author=69385&from=11241301
69385 page=2 fetchUrl=https://acm.timus.ru/status.aspx?space=1&author=69385&from=11241301
69385 page=2 pageSubmissions=10
69385 page=2 submissionsAfterChallengeStart=10
69385 page=2 nextHref=status.aspx?space=1&amp;author=69385&amp;from=11240680
69385 page=2 next=/status.aspx?space=1&author=69385&from=11240680
69385 page=3 fetchUrl=https://acm.timus.ru/status.aspx?space=1&author=69385&from=11240680
69385 page=3 pageSubmissions=10
69385 page=3 submissionsAfterChallengeStart=10
69385 page=3 nextHref=status.aspx?space=1&amp;author=69385&amp;from=11240576
69385 page=3 next=/status.aspx?space=1&author=69385&from=11240576
69385 page=4 fetchUrl=https://acm.timus.ru/status.aspx?space=1&author=69385&from=11240576
69385 page=4 pageSubmissions=10
69385 page=4 submissionsAfterChallengeStart=5
69385 page=4 nextHref=status.aspx?space=1&amp;author=69385&amp;from=9460282
69385 page=4 next=
408257 page=1 fetchUrl=https://acm.timus.ru/status.aspx?space=1&author=408257&count=100&locale=en
408257 page=1 pageSubmissions=81
408257 page=1 submissionsAfterChallengeStart=81
408257 page=1 nextHref=
408257 page=1 next=
408279 page=1 fetchUrl=https://acm.timus.ru/status.aspx?space=1&author=408279&count=100&locale=en
408279 page=1 pageSubmissions=1
408279 page=1 submissionsAfterChallengeStart=1
408279 page=1 nextHref=
408279 page=1 next=
408277 page=1 fetchUrl=https://acm.timus.ru/status.aspx?space=1&author=408277&count=100&locale=en
408277 page=1 pageSubmissions=6
408277 page=1 submissionsAfterChallengeStart=6
408277 page=1 nextHref=
408277 page=1 next=
408280 page=1 fetchUrl=https://acm.timus.ru/status.aspx?space=1&author=408280&count=100&locale=en
408280 page=1 pageSubmissions=26
408280 page=1 submissionsAfterChallengeStart=26
408280 page=1 nextHref=
408280 page=1 next=
408281 page=1 fetchUrl=https://acm.timus.ru/status.aspx?space=1&author=408281&count=100&locale=en
408281 page=1 pageSubmissions=0
408281 page=1 submissionsAfterChallengeStart=0
408281 page=1 nextHref=
408281 page=1 next=
408282 page=1 fetchUrl=https://acm.timus.ru/status.aspx?space=1&author=408282&count=100&locale=en
408282 page=1 pageSubmissions=3
408282 page=1 submissionsAfterChallengeStart=3
408282 page=1 nextHref=
408282 page=1 next=
408283 page=1 fetchUrl=https://acm.timus.ru/status.aspx?space=1&author=408283&count=100&locale=en
408283 page=1 pageSubmissions=51
408283 page=1 submissionsAfterChallengeStart=51
408283 page=1 nextHref=
408283 page=1 next=
408292 page=1 fetchUrl=https://acm.timus.ru/status.aspx?space=1&author=408292&count=100&locale=en
408292 page=1 pageSubmissions=55
408292 page=1 submissionsAfterChallengeStart=55
408292 page=1 nextHref=
408292 page=1 next=
408293 page=1 fetchUrl=https://acm.timus.ru/status.aspx?space=1&author=408293&count=100&locale=en
408293 page=1 pageSubmissions=14
408293 page=1 submissionsAfterChallengeStart=14
408293 page=1 nextHref=
408293 page=1 next=
408296 page=1 fetchUrl=https://acm.timus.ru/status.aspx?space=1&author=408296&count=100&locale=en
408296 page=1 pageSubmissions=32
408296 page=1 submissionsAfterChallengeStart=32
408296 page=1 nextHref=
408296 page=1 next=
408294 page=1 fetchUrl=https://acm.timus.ru/status.aspx?space=1&author=408294&count=100&locale=en
408294 page=1 pageSubmissions=28
408294 page=1 submissionsAfterChallengeStart=28
408294 page=1 nextHref=
408294 page=1 next=
408298 page=1 fetchUrl=https://acm.timus.ru/status.aspx?space=1&author=408298&count=100&locale=en
408298 page=1 pageSubmissions=20
408298 page=1 submissionsAfterChallengeStart=20
408298 page=1 nextHref=
408298 page=1 next=
408303 page=1 fetchUrl=https://acm.timus.ru/status.aspx?space=1&author=408303&count=100&locale=en
408303 page=1 pageSubmissions=91
408303 page=1 submissionsAfterChallengeStart=91
408303 page=1 nextHref=
408303 page=1 next=
408307 page=1 fetchUrl=https://acm.timus.ru/status.aspx?space=1&author=408307&count=100&locale=en
408307 page=1 pageSubmissions=3
408307 page=1 submissionsAfterChallengeStart=3
408307 page=1 nextHref=
408307 page=1 next=
408311 page=1 fetchUrl=https://acm.timus.ru/status.aspx?space=1&author=408311&count=100&locale=en
408311 page=1 pageSubmissions=5
408311 page=1 submissionsAfterChallengeStart=5
408311 page=1 nextHref=
408311 page=1 next=
408323 page=1 fetchUrl=https://acm.timus.ru/status.aspx?space=1&author=408323&count=100&locale=en
408323 page=1 pageSubmissions=21
408323 page=1 submissionsAfterChallengeStart=21
408323 page=1 nextHref=
408323 page=1 next=
408301 page=1 fetchUrl=https://acm.timus.ru/status.aspx?space=1&author=408301&count=100&locale=en
408301 page=1 pageSubmissions=16
408301 page=1 submissionsAfterChallengeStart=16
408301 page=1 nextHref=
408301 page=1 next=
408326 page=1 fetchUrl=https://acm.timus.ru/status.aspx?space=1&author=408326&count=100&locale=en
408326 page=1 pageSubmissions=12
408326 page=1 submissionsAfterChallengeStart=12
408326 page=1 nextHref=
408326 page=1 next=
# 2026-08-30T05:03:58.094Z
69385 page=1 fetchUrl=https://acm.timus.ru/status.aspx?space=1&author=69385&count=100&locale=en
69385 page=1 pageSubmissions=100
69385 page=1 submissionsAfterChallengeStart=100
69385 page=1 nextHref=status.aspx?space=1&amp;author=69385&amp;from=11241301
69385 page=1 next=/status.aspx?space=1&author=69385&from=11241301
69385 page=2 fetchUrl=https://acm.timus.ru/status.aspx?space=1&author=69385&from=11241301
69385 page=2 pageSubmissions=10
69385 page=2 submissionsAfterChallengeStart=10
69385 page=2 nextHref=status.aspx?space=1&amp;author=69385&amp;from=11240680
69385 page=2 next=/status.aspx?space=1&author=69385&from=11240680
69385 page=3 fetchUrl=https://acm.timus.ru/status.aspx?space=1&author=69385&from=11240680
69385 page=3 pageSubmissions=10
69385 page=3 submissionsAfterChallengeStart=10
69385 page=3 nextHref=status.aspx?space=1&amp;author=69385&amp;from=11240576
69385 page=3 next=/status.aspx?space=1&author=69385&from=11240576
69385 page=4 fetchUrl=https://acm.timus.ru/status.aspx?space=1&author=69385&from=11240576
69385 page=4 pageSubmissions=10
69385 page=4 submissionsAfterChallengeStart=5
69385 page=4 nextHref=status.aspx?space=1&amp;author=69385&amp;from=9460282
69385 page=4 next=
408257 page=1 fetchUrl=https://acm.timus.ru/status.aspx?space=1&author=408257&count=100&locale=en
408257 page=1 pageSubmissions=81
408257 page=1 submissionsAfterChallengeStart=81
408257 page=1 nextHref=
408257 page=1 next=
408279 page=1 fetchUrl=https://acm.timus.ru/status.aspx?space=1&author=408279&count=100&locale=en
408279 page=1 pageSubmissions=1
408279 page=1 submissionsAfterChallengeStart=1
408279 page=1 nextHref=
408279 page=1 next=
408277 page=1 fetchUrl=https://acm.timus.ru/status.aspx?space=1&author=408277&count=100&locale=en
408277 page=1 pageSubmissions=6
408277 page=1 submissionsAfterChallengeStart=6
408277 page=1 nextHref=
408277 page=1 next=
408280 page=1 fetchUrl=https://acm.timus.ru/status.aspx?space=1&author=408280&count=100&locale=en
408280 page=1 pageSubmissions=26
408280 page=1 submissionsAfterChallengeStart=26
408280 page=1 nextHref=
408280 page=1 next=
408281 page=1 fetchUrl=https://acm.timus.ru/status.aspx?space=1&author=408281&count=100&locale=en
408281 page=1 pageSubmissions=0
408281 page=1 submissionsAfterChallengeStart=0
408281 page=1 nextHref=
408281 page=1 next=
408282 page=1 fetchUrl=https://acm.timus.ru/status.aspx?space=1&author=408282&count=100&locale=en
408282 page=1 pageSubmissions=3
408282 page=1 submissionsAfterChallengeStart=3
408282 page=1 nextHref=
408282 page=1 next=
408283 page=1 fetchUrl=https://acm.timus.ru/status.aspx?space=1&author=408283&count=100&locale=en
408283 page=1 pageSubmissions=51
408283 page=1 submissionsAfterChallengeStart=51
408283 page=1 nextHref=
408283 page=1 next=
408292 page=1 fetchUrl=https://acm.timus.ru/status.aspx?space=1&author=408292&count=100&locale=en
408292 page=1 pageSubmissions=55
408292 page=1 submissionsAfterChallengeStart=55
408292 page=1 nextHref=
408292 page=1 next=
408293 page=1 fetchUrl=https://acm.timus.ru/status.aspx?space=1&author=408293&count=100&locale=en
408293 page=1 pageSubmissions=14
408293 page=1 submissionsAfterChallengeStart=14
408293 page=1 nextHref=
408293 page=1 next=
408296 page=1 fetchUrl=https://acm.timus.ru/status.aspx?space=1&author=408296&count=100&locale=en
408296 page=1 pageSubmissions=32
408296 page=1 submissionsAfterChallengeStart=32
408296 page=1 nextHref=
408296 page=1 next=
408294 page=1 fetchUrl=https://acm.timus.ru/status.aspx?space=1&author=408294&count=100&locale=en
408294 page=1 pageSubmissions=28
408294 page=1 submissionsAfterChallengeStart=28
408294 page=1 nextHref=
408294 page=1 next=
408298 page=1 fetchUrl=https://acm.timus.ru/status.aspx?space=1&author=408298&count=100&locale=en
408298 page=1 pageSubmissions=20
408298 page=1 submissionsAfterChallengeStart=20
408298 page=1 nextHref=
408298 page=1 next=
408303 page=1 fetchUrl=https://acm.timus.ru/status.aspx?space=1&author=408303&count=100&locale=en
408303 page=1 pageSubmissions=91
408303 page=1 submissionsAfterChallengeStart=91
408303 page=1 nextHref=
408303 page=1 next=
408307 page=1 fetchUrl=https://acm.timus.ru/status.aspx?space=1&author=408307&count=100&locale=en
408307 page=1 pageSubmissions=3
408307 page=1 submissionsAfterChallengeStart=3
408307 page=1 nextHref=
408307 page=1 next=
408311 page=1 fetchUrl=https://acm.timus.ru/status.aspx?space=1&author=408311&count=100&locale=en
408311 page=1 pageSubmissions=5
408311 page=1 submissionsAfterChallengeStart=5
408311 page=1 nextHref=
408311 page=1 next=
408323 page=1 fetchUrl=https://acm.timus.ru/status.aspx?space=1&author=408323&count=100&locale=en
408323 page=1 pageSubmissions=21
408323 page=1 submissionsAfterChallengeStart=21
408323 page=1 nextHref=
408323 page=1 next=
408301 page=1 fetchUrl=https://acm.timus.ru/status.aspx?space=1&author=408301&count=100&locale=en
408301 page=1 pageSubmissions=16
408301 page=1 submissionsAfterChallengeStart=16
408301 page=1 nextHref=
408301 page=1 next=
408326 page=1 fetchUrl=https://acm.timus.ru/status.aspx?space=1&author=408326&count=100&locale=en
408326 page=1 pageSubmissions=12
408326 page=1 submissionsAfterChallengeStart=12
408326 page=1 nextHref=
408326 page=1 next=
# 2026-08-30T05:08:55.958Z
69385 page=1 fetchUrl=https://acm.timus.ru/status.aspx?space=1&author=69385&count=100&locale=en
69385 page=1 pageSubmissions=100
69385 page=1 submissionsAfterChallengeStart=100
69385 page=1 nextHref=status.aspx?space=1&amp;author=69385&amp;from=11241301
69385 page=1 next=/status.aspx?space=1&author=69385&from=11241301
69385 page=2 fetchUrl=https://acm.timus.ru/status.aspx?space=1&author=69385&from=11241301
69385 page=2 pageSubmissions=10
69385 page=2 submissionsAfterChallengeStart=10
69385 page=2 nextHref=status.aspx?space=1&amp;author=69385&amp;from=11240680
69385 page=2 next=/status.aspx?space=1&author=69385&from=11240680
69385 page=3 fetchUrl=https://acm.timus.ru/status.aspx?space=1&author=69385&from=11240680
69385 page=3 pageSubmissions=10
69385 page=3 submissionsAfterChallengeStart=10
69385 page=3 nextHref=status.aspx?space=1&amp;author=69385&amp;from=11240576
69385 page=3 next=/status.aspx?space=1&author=69385&from=11240576
69385 page=4 fetchUrl=https://acm.timus.ru/status.aspx?space=1&author=69385&from=11240576
69385 page=4 pageSubmissions=10
69385 page=4 submissionsAfterChallengeStart=5
69385 page=4 nextHref=status.aspx?space=1&amp;author=69385&amp;from=9460282
69385 page=4 next=
408257 page=1 fetchUrl=https://acm.timus.ru/status.aspx?space=1&author=408257&count=100&locale=en
408257 page=1 pageSubmissions=81
408257 page=1 submissionsAfterChallengeStart=81
408257 page=1 nextHref=
408257 page=1 next=
408279 page=1 fetchUrl=https://acm.timus.ru/status.aspx?space=1&author=408279&count=100&locale=en
408279 page=1 pageSubmissions=1
408279 page=1 submissionsAfterChallengeStart=1
408279 page=1 nextHref=
408279 page=1 next=
408277 page=1 fetchUrl=https://acm.timus.ru/status.aspx?space=1&author=408277&count=100&locale=en
408277 page=1 pageSubmissions=6
408277 page=1 submissionsAfterChallengeStart=6
408277 page=1 nextHref=
408277 page=1 next=
408280 page=1 fetchUrl=https://acm.timus.ru/status.aspx?space=1&author=408280&count=100&locale=en
408280 page=1 pageSubmissions=26
408280 page=1 submissionsAfterChallengeStart=26
408280 page=1 nextHref=
408280 page=1 next=
408281 page=1 fetchUrl=https://acm.timus.ru/status.aspx?space=1&author=408281&count=100&locale=en
408281 page=1 pageSubmissions=0
408281 page=1 submissionsAfterChallengeStart=0
408281 page=1 nextHref=
408281 page=1 next=
408282 page=1 fetchUrl=https://acm.timus.ru/status.aspx?space=1&author=408282&count=100&locale=en
408282 page=1 pageSubmissions=3
408282 page=1 submissionsAfterChallengeStart=3
408282 page=1 nextHref=
408282 page=1 next=
408283 page=1 fetchUrl=https://acm.timus.ru/status.aspx?space=1&author=408283&count=100&locale=en
408283 page=1 pageSubmissions=51
408283 page=1 submissionsAfterChallengeStart=51
408283 page=1 nextHref=
408283 page=1 next=
408292 page=1 fetchUrl=https://acm.timus.ru/status.aspx?space=1&author=408292&count=100&locale=en
408292 page=1 pageSubmissions=55
408292 page=1 submissionsAfterChallengeStart=55
408292 page=1 nextHref=
408292 page=1 next=
408293 page=1 fetchUrl=https://acm.timus.ru/status.aspx?space=1&author=408293&count=100&locale=en
408293 page=1 pageSubmissions=14
408293 page=1 submissionsAfterChallengeStart=14
408293 page=1 nextHref=
408293 page=1 next=
408296 page=1 fetchUrl=https://acm.timus.ru/status.aspx?space=1&author=408296&count=100&locale=en
408296 page=1 pageSubmissions=32
408296 page=1 submissionsAfterChallengeStart=32
408296 page=1 nextHref=
408296 page=1 next=
408294 page=1 fetchUrl=https://acm.timus.ru/status.aspx?space=1&author=408294&count=100&locale=en
408294 page=1 pageSubmissions=28
408294 page=1 submissionsAfterChallengeStart=28
408294 page=1 nextHref=
408294 page=1 next=
408298 page=1 fetchUrl=https://acm.timus.ru/status.aspx?space=1&author=408298&count=100&locale=en
408298 page=1 pageSubmissions=20
408298 page=1 submissionsAfterChallengeStart=20
408298 page=1 nextHref=
408298 page=1 next=
408303 page=1 fetchUrl=https://acm.timus.ru/status.aspx?space=1&author=408303&count=100&locale=en
408303 page=1 pageSubmissions=91
408303 page=1 submissionsAfterChallengeStart=91
408303 page=1 nextHref=
408303 page=1 next=
408307 page=1 fetchUrl=https://acm.timus.ru/status.aspx?space=1&author=408307&count=100&locale=en
408307 page=1 pageSubmissions=3
408307 page=1 submissionsAfterChallengeStart=3
408307 page=1 nextHref=
408307 page=1 next=
408311 page=1 fetchUrl=https://acm.timus.ru/status.aspx?space=1&author=408311&count=100&locale=en
408311 page=1 pageSubmissions=5
408311 page=1 submissionsAfterChallengeStart=5
408311 page=1 nextHref=
408311 page=1 next=
408323 page=1 fetchUrl=https://acm.timus.ru/status.aspx?space=1&author=408323&count=100&locale=en
408323 page=1 pageSubmissions=21
408323 page=1 submissionsAfterChallengeStart=21
408323 page=1 nextHref=
408323 page=1 next=
408301 page=1 fetchUrl=https://acm.timus.ru/status.aspx?space=1&author=408301&count=100&locale=en
408301 page=1 pageSubmissions=16
408301 page=1 submissionsAfterChallengeStart=16
408301 page=1 nextHref=
408301 page=1 next=
408326 page=1 fetchUrl=https://acm.timus.ru/status.aspx?space=1&author=408326&count=100&locale=en
408326 page=1 pageSubmissions=12
408326 page=1 submissionsAfterChallengeStart=12
408326 page=1 nextHref=
408326 page=1 next=
# 2026-08-30T05:13:50.901Z
69385 page=1 fetchUrl=https://acm.timus.ru/status.aspx?space=1&author=69385&count=100&locale=en
69385 page=1 pageSubmissions=100
69385 page=1 submissionsAfterChallengeStart=100
69385 page=1 nextHref=status.aspx?space=1&amp;author=69385&amp;from=11241301
69385 page=1 next=/status.aspx?space=1&author=69385&from=11241301
69385 page=2 fetchUrl=https://acm.timus.ru/status.aspx?space=1&author=69385&from=11241301
69385 page=2 pageSubmissions=10
69385 page=2 submissionsAfterChallengeStart=10
69385 page=2 nextHref=status.aspx?space=1&amp;author=69385&amp;from=11240680
69385 page=2 next=/status.aspx?space=1&author=69385&from=11240680
69385 page=3 fetchUrl=https://acm.timus.ru/status.aspx?space=1&author=69385&from=11240680
69385 page=3 pageSubmissions=10
69385 page=3 submissionsAfterChallengeStart=10
69385 page=3 nextHref=status.aspx?space=1&amp;author=69385&amp;from=11240576
69385 page=3 next=/status.aspx?space=1&author=69385&from=11240576
69385 page=4 fetchUrl=https://acm.timus.ru/status.aspx?space=1&author=69385&from=11240576
69385 page=4 pageSubmissions=10
69385 page=4 submissionsAfterChallengeStart=5
69385 page=4 nextHref=status.aspx?space=1&amp;author=69385&amp;from=9460282
69385 page=4 next=
408257 page=1 fetchUrl=https://acm.timus.ru/status.aspx?space=1&author=408257&count=100&locale=en
408257 page=1 pageSubmissions=81
408257 page=1 submissionsAfterChallengeStart=81
408257 page=1 nextHref=
408257 page=1 next=
408279 page=1 fetchUrl=https://acm.timus.ru/status.aspx?space=1&author=408279&count=100&locale=en
408279 page=1 pageSubmissions=1
408279 page=1 submissionsAfterChallengeStart=1
408279 page=1 nextHref=
408279 page=1 next=
408277 page=1 fetchUrl=https://acm.timus.ru/status.aspx?space=1&author=408277&count=100&locale=en
408277 page=1 pageSubmissions=6
408277 page=1 submissionsAfterChallengeStart=6
408277 page=1 nextHref=
408277 page=1 next=
408280 page=1 fetchUrl=https://acm.timus.ru/status.aspx?space=1&author=408280&count=100&locale=en
408280 page=1 pageSubmissions=26
408280 page=1 submissionsAfterChallengeStart=26
408280 page=1 nextHref=
408280 page=1 next=
408281 page=1 fetchUrl=https://acm.timus.ru/status.aspx?space=1&author=408281&count=100&locale=en
408281 page=1 pageSubmissions=0
408281 page=1 submissionsAfterChallengeStart=0
408281 page=1 nextHref=
408281 page=1 next=
408282 page=1 fetchUrl=https://acm.timus.ru/status.aspx?space=1&author=408282&count=100&locale=en
408282 page=1 pageSubmissions=3
408282 page=1 submissionsAfterChallengeStart=3
408282 page=1 nextHref=
408282 page=1 next=
408283 page=1 fetchUrl=https://acm.timus.ru/status.aspx?space=1&author=408283&count=100&locale=en
408283 page=1 pageSubmissions=51
408283 page=1 submissionsAfterChallengeStart=51
408283 page=1 nextHref=
408283 page=1 next=
408292 page=1 fetchUrl=https://acm.timus.ru/status.aspx?space=1&author=408292&count=100&locale=en
408292 page=1 pageSubmissions=55
408292 page=1 submissionsAfterChallengeStart=55
408292 page=1 nextHref=
408292 page=1 next=
408293 page=1 fetchUrl=https://acm.timus.ru/status.aspx?space=1&author=408293&count=100&locale=en
408293 page=1 pageSubmissions=14
408293 page=1 submissionsAfterChallengeStart=14
408293 page=1 nextHref=
408293 page=1 next=
408296 page=1 fetchUrl=https://acm.timus.ru/status.aspx?space=1&author=408296&count=100&locale=en
408296 page=1 pageSubmissions=32
408296 page=1 submissionsAfterChallengeStart=32
408296 page=1 nextHref=
408296 page=1 next=
408294 page=1 fetchUrl=https://acm.timus.ru/status.aspx?space=1&author=408294&count=100&locale=en
408294 page=1 pageSubmissions=28
408294 page=1 submissionsAfterChallengeStart=28
408294 page=1 nextHref=
408294 page=1 next=
408298 page=1 fetchUrl=https://acm.timus.ru/status.aspx?space=1&author=408298&count=100&locale=en
408298 page=1 pageSubmissions=20
408298 page=1 submissionsAfterChallengeStart=20
408298 page=1 nextHref=
408298 page=1 next=
408303 page=1 fetchUrl=https://acm.timus.ru/status.aspx?space=1&author=408303&count=100&locale=en
408303 page=1 pageSubmissions=91
408303 page=1 submissionsAfterChallengeStart=91
408303 page=1 nextHref=
408303 page=1 next=
408307 page=1 fetchUrl=https://acm.timus.ru/status.aspx?space=1&author=408307&count=100&locale=en
408307 page=1 pageSubmissions=3
408307 page=1 submissionsAfterChallengeStart=3
408307 page=1 nextHref=
408307 page=1 next=
408311 page=1 fetchUrl=https://acm.timus.ru/status.aspx?space=1&author=408311&count=100&locale=en
408311 page=1 pageSubmissions=5
408311 page=1 submissionsAfterChallengeStart=5
408311 page=1 nextHref=
408311 page=1 next=
408323 page=1 fetchUrl=https://acm.timus.ru/status.aspx?space=1&author=408323&count=100&locale=en
408323 page=1 pageSubmissions=21
408323 page=1 submissionsAfterChallengeStart=21
408323 page=1 nextHref=
408323 page=1 next=
408301 page=1 fetchUrl=https://acm.timus.ru/status.aspx?space=1&author=408301&count=100&locale=en
408301 page=1 pageSubmissions=16
408301 page=1 submissionsAfterChallengeStart=16
408301 page=1 nextHref=
408301 page=1 next=
408326 page=1 fetchUrl=https://acm.timus.ru/status.aspx?space=1&author=408326&count=100&locale=en
408326 page=1 pageSubmissions=12
408326 page=1 submissionsAfterChallengeStart=12
408326 page=1 nextHref=
408326 page=1 next=
# 2026-08-30T05:18:54.661Z
69385 page=1 fetchUrl=https://acm.timus.ru/status.aspx?space=1&author=69385&count=100&locale=en
69385 page=1 pageSubmissions=100
69385 page=1 submissionsAfterChallengeStart=100
69385 page=1 nextHref=status.aspx?space=1&amp;author=69385&amp;from=11241301
69385 page=1 next=/status.aspx?space=1&author=69385&from=11241301
69385 page=2 fetchUrl=https://acm.timus.ru/status.aspx?space=1&author=69385&from=11241301
69385 page=2 pageSubmissions=10
69385 page=2 submissionsAfterChallengeStart=10
69385 page=2 nextHref=status.aspx?space=1&amp;author=69385&amp;from=11240680
69385 page=2 next=/status.aspx?space=1&author=69385&from=11240680
69385 page=3 fetchUrl=https://acm.timus.ru/status.aspx?space=1&author=69385&from=11240680
69385 page=3 pageSubmissions=10
69385 page=3 submissionsAfterChallengeStart=10
69385 page=3 nextHref=status.aspx?space=1&amp;author=69385&amp;from=11240576
69385 page=3 next=/status.aspx?space=1&author=69385&from=11240576
69385 page=4 fetchUrl=https://acm.timus.ru/status.aspx?space=1&author=69385&from=11240576
69385 page=4 pageSubmissions=10
69385 page=4 submissionsAfterChallengeStart=5
69385 page=4 nextHref=status.aspx?space=1&amp;author=69385&amp;from=9460282
69385 page=4 next=
408257 page=1 fetchUrl=https://acm.timus.ru/status.aspx?space=1&author=408257&count=100&locale=en
408257 page=1 pageSubmissions=81
408257 page=1 submissionsAfterChallengeStart=81
408257 page=1 nextHref=
408257 page=1 next=
408279 page=1 fetchUrl=https://acm.timus.ru/status.aspx?space=1&author=408279&count=100&locale=en
408279 page=1 pageSubmissions=1
408279 page=1 submissionsAfterChallengeStart=1
408279 page=1 nextHref=
408279 page=1 next=
408277 page=1 fetchUrl=https://acm.timus.ru/status.aspx?space=1&author=408277&count=100&locale=en
408277 page=1 pageSubmissions=6
408277 page=1 submissionsAfterChallengeStart=6
408277 page=1 nextHref=
408277 page=1 next=
408280 page=1 fetchUrl=https://acm.timus.ru/status.aspx?space=1&author=408280&count=100&locale=en
408280 page=1 pageSubmissions=26
408280 page=1 submissionsAfterChallengeStart=26
408280 page=1 nextHref=
408280 page=1 next=
408281 page=1 fetchUrl=https://acm.timus.ru/status.aspx?space=1&author=408281&count=100&locale=en
408281 page=1 pageSubmissions=0
408281 page=1 submissionsAfterChallengeStart=0
408281 page=1 nextHref=
408281 page=1 next=
408282 page=1 fetchUrl=https://acm.timus.ru/status.aspx?space=1&author=408282&count=100&locale=en
408282 page=1 pageSubmissions=3
408282 page=1 submissionsAfterChallengeStart=3
408282 page=1 nextHref=
408282 page=1 next=
408283 page=1 fetchUrl=https://acm.timus.ru/status.aspx?space=1&author=408283&count=100&locale=en
408283 page=1 pageSubmissions=51
408283 page=1 submissionsAfterChallengeStart=51
408283 page=1 nextHref=
408283 page=1 next=
408292 page=1 fetchUrl=https://acm.timus.ru/status.aspx?space=1&author=408292&count=100&locale=en
408292 page=1 pageSubmissions=55
408292 page=1 submissionsAfterChallengeStart=55
408292 page=1 nextHref=
408292 page=1 next=
408293 page=1 fetchUrl=https://acm.timus.ru/status.aspx?space=1&author=408293&count=100&locale=en
408293 page=1 pageSubmissions=14
408293 page=1 submissionsAfterChallengeStart=14
408293 page=1 nextHref=
408293 page=1 next=
408296 page=1 fetchUrl=https://acm.timus.ru/status.aspx?space=1&author=408296&count=100&locale=en
408296 page=1 pageSubmissions=32
408296 page=1 submissionsAfterChallengeStart=32
408296 page=1 nextHref=
408296 page=1 next=
408294 page=1 fetchUrl=https://acm.timus.ru/status.aspx?space=1&author=408294&count=100&locale=en
408294 page=1 pageSubmissions=28
408294 page=1 submissionsAfterChallengeStart=28
408294 page=1 nextHref=
408294 page=1 next=
408298 page=1 fetchUrl=https://acm.timus.ru/status.aspx?space=1&author=408298&count=100&locale=en
408298 page=1 pageSubmissions=20
408298 page=1 submissionsAfterChallengeStart=20
408298 page=1 nextHref=
408298 page=1 next=
408303 page=1 fetchUrl=https://acm.timus.ru/status.aspx?space=1&author=408303&count=100&locale=en
408303 page=1 pageSubmissions=91
408303 page=1 submissionsAfterChallengeStart=91
408303 page=1 nextHref=
408303 page=1 next=
408307 page=1 fetchUrl=https://acm.timus.ru/status.aspx?space=1&author=408307&count=100&locale=en
408307 page=1 pageSubmissions=3
408307 page=1 submissionsAfterChallengeStart=3
408307 page=1 nextHref=
408307 page=1 next=
408311 page=1 fetchUrl=https://acm.timus.ru/status.aspx?space=1&author=408311&count=100&locale=en
408311 page=1 pageSubmissions=5
408311 page=1 submissionsAfterChallengeStart=5
408311 page=1 nextHref=
408311 page=1 next=
408323 page=1 fetchUrl=https://acm.timus.ru/status.aspx?space=1&author=408323&count=100&locale=en
408323 page=1 pageSubmissions=21
408323 page=1 submissionsAfterChallengeStart=21
408323 page=1 nextHref=
408323 page=1 next=
408301 page=1 fetchUrl=https://acm.timus.ru/status.aspx?space=1&author=408301&count=100&locale=en
408301 page=1 pageSubmissions=16
408301 page=1 submissionsAfterChallengeStart=16
408301 page=1 nextHref=
408301 page=1 next=
408326 page=1 fetchUrl=https://acm.timus.ru/status.aspx?space=1&author=408326&count=100&locale=en
408326 page=1 pageSubmissions=12
408326 page=1 submissionsAfterChallengeStart=12
408326 page=1 nextHref=
408326 page=1 next=
# 2026-08-30T05:23:53.304Z
69385 page=1 fetchUrl=https://acm.timus.ru/status.aspx?space=1&author=69385&count=100&locale=en
69385 page=1 pageSubmissions=100
69385 page=1 submissionsAfterChallengeStart=100
69385 page=1 nextHref=status.aspx?space=1&amp;author=69385&amp;from=11241301
69385 page=1 next=/status.aspx?space=1&author=69385&from=11241301
69385 page=2 fetchUrl=https://acm.timus.ru/status.aspx?space=1&author=69385&from=11241301
69385 page=2 pageSubmissions=10
69385 page=2 submissionsAfterChallengeStart=10
69385 page=2 nextHref=status.aspx?space=1&amp;author=69385&amp;from=11240680
69385 page=2 next=/status.aspx?space=1&author=69385&from=11240680
69385 page=3 fetchUrl=https://acm.timus.ru/status.aspx?space=1&author=69385&from=11240680
69385 page=3 pageSubmissions=10
69385 page=3 submissionsAfterChallengeStart=10
69385 page=3 nextHref=status.aspx?space=1&amp;author=69385&amp;from=11240576
69385 page=3 next=/status.aspx?space=1&author=69385&from=11240576
69385 page=4 fetchUrl=https://acm.timus.ru/status.aspx?space=1&author=69385&from=11240576
69385 page=4 pageSubmissions=10
69385 page=4 submissionsAfterChallengeStart=5
69385 page=4 nextHref=status.aspx?space=1&amp;author=69385&amp;from=9460282
69385 page=4 next=
408257 page=1 fetchUrl=https://acm.timus.ru/status.aspx?space=1&author=408257&count=100&locale=en
408257 page=1 pageSubmissions=81
408257 page=1 submissionsAfterChallengeStart=81
408257 page=1 nextHref=
408257 page=1 next=
408279 page=1 fetchUrl=https://acm.timus.ru/status.aspx?space=1&author=408279&count=100&locale=en
408279 page=1 pageSubmissions=1
408279 page=1 submissionsAfterChallengeStart=1
408279 page=1 nextHref=
408279 page=1 next=
408277 page=1 fetchUrl=https://acm.timus.ru/status.aspx?space=1&author=408277&count=100&locale=en
408277 page=1 pageSubmissions=6
408277 page=1 submissionsAfterChallengeStart=6
408277 page=1 nextHref=
408277 page=1 next=
408280 page=1 fetchUrl=https://acm.timus.ru/status.aspx?space=1&author=408280&count=100&locale=en
408280 page=1 pageSubmissions=26
408280 page=1 submissionsAfterChallengeStart=26
408280 page=1 nextHref=
408280 page=1 next=
408281 page=1 fetchUrl=https://acm.timus.ru/status.aspx?space=1&author=408281&count=100&locale=en
408281 page=1 pageSubmissions=0
408281 page=1 submissionsAfterChallengeStart=0
408281 page=1 nextHref=
408281 page=1 next=
408282 page=1 fetchUrl=https://acm.timus.ru/status.aspx?space=1&author=408282&count=100&locale=en
408282 page=1 pageSubmissions=3
408282 page=1 submissionsAfterChallengeStart=3
408282 page=1 nextHref=
408282 page=1 next=
408283 page=1 fetchUrl=https://acm.timus.ru/status.aspx?space=1&author=408283&count=100&locale=en
408283 page=1 pageSubmissions=51
408283 page=1 submissionsAfterChallengeStart=51
408283 page=1 nextHref=
408283 page=1 next=
408292 page=1 fetchUrl=https://acm.timus.ru/status.aspx?space=1&author=408292&count=100&locale=en
408292 page=1 pageSubmissions=55
408292 page=1 submissionsAfterChallengeStart=55
408292 page=1 nextHref=
408292 page=1 next=
408293 page=1 fetchUrl=https://acm.timus.ru/status.aspx?space=1&author=408293&count=100&locale=en
408293 page=1 pageSubmissions=14
408293 page=1 submissionsAfterChallengeStart=14
408293 page=1 nextHref=
408293 page=1 next=
408296 page=1 fetchUrl=https://acm.timus.ru/status.aspx?space=1&author=408296&count=100&locale=en
408296 page=1 pageSubmissions=32
408296 page=1 submissionsAfterChallengeStart=32
408296 page=1 nextHref=
408296 page=1 next=
408294 page=1 fetchUrl=https://acm.timus.ru/status.aspx?space=1&author=408294&count=100&locale=en
408294 page=1 pageSubmissions=28
408294 page=1 submissionsAfterChallengeStart=28
408294 page=1 nextHref=
408294 page=1 next=
408298 page=1 fetchUrl=https://acm.timus.ru/status.aspx?space=1&author=408298&count=100&locale=en
408298 page=1 pageSubmissions=20
408298 page=1 submissionsAfterChallengeStart=20
408298 page=1 nextHref=
408298 page=1 next=
408303 page=1 fetchUrl=https://acm.timus.ru/status.aspx?space=1&author=408303&count=100&locale=en
408303 page=1 pageSubmissions=91
408303 page=1 submissionsAfterChallengeStart=91
408303 page=1 nextHref=
408303 page=1 next=
408307 page=1 fetchUrl=https://acm.timus.ru/status.aspx?space=1&author=408307&count=100&locale=en
408307 page=1 pageSubmissions=3
408307 page=1 submissionsAfterChallengeStart=3
408307 page=1 nextHref=
408307 page=1 next=
408311 page=1 fetchUrl=https://acm.timus.ru/status.aspx?space=1&author=408311&count=100&locale=en
408311 page=1 pageSubmissions=5
408311 page=1 submissionsAfterChallengeStart=5
408311 page=1 nextHref=
408311 page=1 next=
408323 page=1 fetchUrl=https://acm.timus.ru/status.aspx?space=1&author=408323&count=100&locale=en
408323 page=1 pageSubmissions=21
408323 page=1 submissionsAfterChallengeStart=21
408323 page=1 nextHref=
408323 page=1 next=
408301 page=1 fetchUrl=https://acm.timus.ru/status.aspx?space=1&author=408301&count=100&locale=en
408301 page=1 pageSubmissions=16
408301 page=1 submissionsAfterChallengeStart=16
408301 page=1 nextHref=
408301 page=1 next=
408326 page=1 fetchUrl=https://acm.timus.ru/status.aspx?space=1&author=408326&count=100&locale=en
408326 page=1 pageSubmissions=12
408326 page=1 submissionsAfterChallengeStart=12
408326 page=1 nextHref=
408326 page=1 next=
# 2026-08-30T05:28:56.100Z
69385 page=1 fetchUrl=https://acm.timus.ru/status.aspx?space=1&author=69385&count=100&locale=en
69385 page=1 pageSubmissions=100
69385 page=1 submissionsAfterChallengeStart=100
69385 page=1 nextHref=status.aspx?space=1&amp;author=69385&amp;from=11241301
69385 page=1 next=/status.aspx?space=1&author=69385&from=11241301
69385 page=2 fetchUrl=https://acm.timus.ru/status.aspx?space=1&author=69385&from=11241301
69385 page=2 pageSubmissions=10
69385 page=2 submissionsAfterChallengeStart=10
69385 page=2 nextHref=status.aspx?space=1&amp;author=69385&amp;from=11240680
69385 page=2 next=/status.aspx?space=1&author=69385&from=11240680
69385 page=3 fetchUrl=https://acm.timus.ru/status.aspx?space=1&author=69385&from=11240680
69385 page=3 pageSubmissions=10
69385 page=3 submissionsAfterChallengeStart=10
69385 page=3 nextHref=status.aspx?space=1&amp;author=69385&amp;from=11240576
69385 page=3 next=/status.aspx?space=1&author=69385&from=11240576
69385 page=4 fetchUrl=https://acm.timus.ru/status.aspx?space=1&author=69385&from=11240576
69385 page=4 pageSubmissions=10
69385 page=4 submissionsAfterChallengeStart=5
69385 page=4 nextHref=status.aspx?space=1&amp;author=69385&amp;from=9460282
69385 page=4 next=
408257 page=1 fetchUrl=https://acm.timus.ru/status.aspx?space=1&author=408257&count=100&locale=en
408257 page=1 pageSubmissions=81
408257 page=1 submissionsAfterChallengeStart=81
408257 page=1 nextHref=
408257 page=1 next=
408279 page=1 fetchUrl=https://acm.timus.ru/status.aspx?space=1&author=408279&count=100&locale=en
408279 page=1 pageSubmissions=1
408279 page=1 submissionsAfterChallengeStart=1
408279 page=1 nextHref=
408279 page=1 next=
408277 page=1 fetchUrl=https://acm.timus.ru/status.aspx?space=1&author=408277&count=100&locale=en
408277 page=1 pageSubmissions=6
408277 page=1 submissionsAfterChallengeStart=6
408277 page=1 nextHref=
408277 page=1 next=
408280 page=1 fetchUrl=https://acm.timus.ru/status.aspx?space=1&author=408280&count=100&locale=en
408280 page=1 pageSubmissions=26
408280 page=1 submissionsAfterChallengeStart=26
408280 page=1 nextHref=
408280 page=1 next=
408281 page=1 fetchUrl=https://acm.timus.ru/status.aspx?space=1&author=408281&count=100&locale=en
408281 page=1 pageSubmissions=0
408281 page=1 submissionsAfterChallengeStart=0
408281 page=1 nextHref=
408281 page=1 next=
408282 page=1 fetchUrl=https://acm.timus.ru/status.aspx?space=1&author=408282&count=100&locale=en
408282 page=1 pageSubmissions=3
408282 page=1 submissionsAfterChallengeStart=3
408282 page=1 nextHref=
408282 page=1 next=
408283 page=1 fetchUrl=https://acm.timus.ru/status.aspx?space=1&author=408283&count=100&locale=en
408283 page=1 pageSubmissions=51
408283 page=1 submissionsAfterChallengeStart=51
408283 page=1 nextHref=
408283 page=1 next=
408292 page=1 fetchUrl=https://acm.timus.ru/status.aspx?space=1&author=408292&count=100&locale=en
408292 page=1 pageSubmissions=55
408292 page=1 submissionsAfterChallengeStart=55
408292 page=1 nextHref=
408292 page=1 next=
408293 page=1 fetchUrl=https://acm.timus.ru/status.aspx?space=1&author=408293&count=100&locale=en
408293 page=1 pageSubmissions=14
408293 page=1 submissionsAfterChallengeStart=14
408293 page=1 nextHref=
408293 page=1 next=
408296 page=1 fetchUrl=https://acm.timus.ru/status.aspx?space=1&author=408296&count=100&locale=en
408296 page=1 pageSubmissions=32
408296 page=1 submissionsAfterChallengeStart=32
408296 page=1 nextHref=
408296 page=1 next=
408294 page=1 fetchUrl=https://acm.timus.ru/status.aspx?space=1&author=408294&count=100&locale=en
408294 page=1 pageSubmissions=28
408294 page=1 submissionsAfterChallengeStart=28
408294 page=1 nextHref=
408294 page=1 next=
408298 page=1 fetchUrl=https://acm.timus.ru/status.aspx?space=1&author=408298&count=100&locale=en
408298 page=1 pageSubmissions=20
408298 page=1 submissionsAfterChallengeStart=20
408298 page=1 nextHref=
408298 page=1 next=
408303 page=1 fetchUrl=https://acm.timus.ru/status.aspx?space=1&author=408303&count=100&locale=en
408303 page=1 pageSubmissions=91
408303 page=1 submissionsAfterChallengeStart=91
408303 page=1 nextHref=
408303 page=1 next=
408307 page=1 fetchUrl=https://acm.timus.ru/status.aspx?space=1&author=408307&count=100&locale=en
408307 page=1 pageSubmissions=3
408307 page=1 submissionsAfterChallengeStart=3
408307 page=1 nextHref=
408307 page=1 next=
408311 page=1 fetchUrl=https://acm.timus.ru/status.aspx?space=1&author=408311&count=100&locale=en
408311 page=1 pageSubmissions=5
408311 page=1 submissionsAfterChallengeStart=5
408311 page=1 nextHref=
408311 page=1 next=
408323 page=1 fetchUrl=https://acm.timus.ru/status.aspx?space=1&author=408323&count=100&locale=en
408323 page=1 pageSubmissions=21
408323 page=1 submissionsAfterChallengeStart=21
408323 page=1 nextHref=
408323 page=1 next=
408301 page=1 fetchUrl=https://acm.timus.ru/status.aspx?space=1&author=408301&count=100&locale=en
408301 page=1 pageSubmissions=16
408301 page=1 submissionsAfterChallengeStart=16
408301 page=1 nextHref=
408301 page=1 next=
408326 page=1 fetchUrl=https://acm.timus.ru/status.aspx?space=1&author=408326&count=100&locale=en
408326 page=1 pageSubmissions=12
408326 page=1 submissionsAfterChallengeStart=12
408326 page=1 nextHref=
408326 page=1 next=
# 2026-08-30T05:33:57.516Z
69385 page=1 fetchUrl=https://acm.timus.ru/status.aspx?space=1&author=69385&count=100&locale=en
69385 page=1 pageSubmissions=100
69385 page=1 submissionsAfterChallengeStart=100
69385 page=1 nextHref=status.aspx?space=1&amp;author=69385&amp;from=11241301
69385 page=1 next=/status.aspx?space=1&author=69385&from=11241301
69385 page=2 fetchUrl=https://acm.timus.ru/status.aspx?space=1&author=69385&from=11241301
69385 page=2 pageSubmissions=10
69385 page=2 submissionsAfterChallengeStart=10
69385 page=2 nextHref=status.aspx?space=1&amp;author=69385&amp;from=11240680
69385 page=2 next=/status.aspx?space=1&author=69385&from=11240680
69385 page=3 fetchUrl=https://acm.timus.ru/status.aspx?space=1&author=69385&from=11240680
69385 page=3 pageSubmissions=10
69385 page=3 submissionsAfterChallengeStart=10
69385 page=3 nextHref=status.aspx?space=1&amp;author=69385&amp;from=11240576
69385 page=3 next=/status.aspx?space=1&author=69385&from=11240576
69385 page=4 fetchUrl=https://acm.timus.ru/status.aspx?space=1&author=69385&from=11240576
69385 page=4 pageSubmissions=10
69385 page=4 submissionsAfterChallengeStart=5
69385 page=4 nextHref=status.aspx?space=1&amp;author=69385&amp;from=9460282
69385 page=4 next=
408257 page=1 fetchUrl=https://acm.timus.ru/status.aspx?space=1&author=408257&count=100&locale=en
408257 page=1 pageSubmissions=81
408257 page=1 submissionsAfterChallengeStart=81
408257 page=1 nextHref=
408257 page=1 next=
408279 page=1 fetchUrl=https://acm.timus.ru/status.aspx?space=1&author=408279&count=100&locale=en
408279 page=1 pageSubmissions=1
408279 page=1 submissionsAfterChallengeStart=1
408279 page=1 nextHref=
408279 page=1 next=
408277 page=1 fetchUrl=https://acm.timus.ru/status.aspx?space=1&author=408277&count=100&locale=en
408277 page=1 pageSubmissions=6
408277 page=1 submissionsAfterChallengeStart=6
408277 page=1 nextHref=
408277 page=1 next=
408280 page=1 fetchUrl=https://acm.timus.ru/status.aspx?space=1&author=408280&count=100&locale=en
408280 page=1 pageSubmissions=26
408280 page=1 submissionsAfterChallengeStart=26
408280 page=1 nextHref=
408280 page=1 next=
408281 page=1 fetchUrl=https://acm.timus.ru/status.aspx?space=1&author=408281&count=100&locale=en
408281 page=1 pageSubmissions=0
408281 page=1 submissionsAfterChallengeStart=0
408281 page=1 nextHref=
408281 page=1 next=
408282 page=1 fetchUrl=https://acm.timus.ru/status.aspx?space=1&author=408282&count=100&locale=en
408282 page=1 pageSubmissions=3
408282 page=1 submissionsAfterChallengeStart=3
408282 page=1 nextHref=
408282 page=1 next=
408283 page=1 fetchUrl=https://acm.timus.ru/status.aspx?space=1&author=408283&count=100&locale=en
408283 page=1 pageSubmissions=51
408283 page=1 submissionsAfterChallengeStart=51
408283 page=1 nextHref=
408283 page=1 next=
408292 page=1 fetchUrl=https://acm.timus.ru/status.aspx?space=1&author=408292&count=100&locale=en
408292 page=1 pageSubmissions=55
408292 page=1 submissionsAfterChallengeStart=55
408292 page=1 nextHref=
408292 page=1 next=
408293 page=1 fetchUrl=https://acm.timus.ru/status.aspx?space=1&author=408293&count=100&locale=en
408293 page=1 pageSubmissions=14
408293 page=1 submissionsAfterChallengeStart=14
408293 page=1 nextHref=
408293 page=1 next=
408296 page=1 fetchUrl=https://acm.timus.ru/status.aspx?space=1&author=408296&count=100&locale=en
408296 page=1 pageSubmissions=32
408296 page=1 submissionsAfterChallengeStart=32
408296 page=1 nextHref=
408296 page=1 next=
408294 page=1 fetchUrl=https://acm.timus.ru/status.aspx?space=1&author=408294&count=100&locale=en
408294 page=1 pageSubmissions=28
408294 page=1 submissionsAfterChallengeStart=28
408294 page=1 nextHref=
408294 page=1 next=
408298 page=1 fetchUrl=https://acm.timus.ru/status.aspx?space=1&author=408298&count=100&locale=en
408298 page=1 pageSubmissions=20
408298 page=1 submissionsAfterChallengeStart=20
408298 page=1 nextHref=
408298 page=1 next=
408303 page=1 fetchUrl=https://acm.timus.ru/status.aspx?space=1&author=408303&count=100&locale=en
408303 page=1 pageSubmissions=91
408303 page=1 submissionsAfterChallengeStart=91
408303 page=1 nextHref=
408303 page=1 next=
408307 page=1 fetchUrl=https://acm.timus.ru/status.aspx?space=1&author=408307&count=100&locale=en
408307 page=1 pageSubmissions=3
408307 page=1 submissionsAfterChallengeStart=3
408307 page=1 nextHref=
408307 page=1 next=
408311 page=1 fetchUrl=https://acm.timus.ru/status.aspx?space=1&author=408311&count=100&locale=en
408311 page=1 pageSubmissions=5
408311 page=1 submissionsAfterChallengeStart=5
408311 page=1 nextHref=
408311 page=1 next=
408323 page=1 fetchUrl=https://acm.timus.ru/status.aspx?space=1&author=408323&count=100&locale=en
408323 page=1 pageSubmissions=21
408323 page=1 submissionsAfterChallengeStart=21
408323 page=1 nextHref=
408323 page=1 next=
408301 page=1 fetchUrl=https://acm.timus.ru/status.aspx?space=1&author=408301&count=100&locale=en
408301 page=1 pageSubmissions=16
408301 page=1 submissionsAfterChallengeStart=16
408301 page=1 nextHref=
408301 page=1 next=
408326 page=1 fetchUrl=https://acm.timus.ru/status.aspx?space=1&author=408326&count=100&locale=en
408326 page=1 pageSubmissions=12
408326 page=1 submissionsAfterChallengeStart=12
408326 page=1 nextHref=
408326 page=1 next=
# 2026-08-30T05:38:48.886Z
69385 page=1 fetchUrl=https://acm.timus.ru/status.aspx?space=1&author=69385&count=100&locale=en
69385 page=1 pageSubmissions=100
69385 page=1 submissionsAfterChallengeStart=100
69385 page=1 nextHref=status.aspx?space=1&amp;author=69385&amp;from=11241301
69385 page=1 next=/status.aspx?space=1&author=69385&from=11241301
69385 page=2 fetchUrl=https://acm.timus.ru/status.aspx?space=1&author=69385&from=11241301
69385 page=2 pageSubmissions=10
69385 page=2 submissionsAfterChallengeStart=10
69385 page=2 nextHref=status.aspx?space=1&amp;author=69385&amp;from=11240680
69385 page=2 next=/status.aspx?space=1&author=69385&from=11240680
69385 page=3 fetchUrl=https://acm.timus.ru/status.aspx?space=1&author=69385&from=11240680
69385 page=3 pageSubmissions=10
69385 page=3 submissionsAfterChallengeStart=10
69385 page=3 nextHref=status.aspx?space=1&amp;author=69385&amp;from=11240576
69385 page=3 next=/status.aspx?space=1&author=69385&from=11240576
69385 page=4 fetchUrl=https://acm.timus.ru/status.aspx?space=1&author=69385&from=11240576
69385 page=4 pageSubmissions=10
69385 page=4 submissionsAfterChallengeStart=5
69385 page=4 nextHref=status.aspx?space=1&amp;author=69385&amp;from=9460282
69385 page=4 next=
408257 page=1 fetchUrl=https://acm.timus.ru/status.aspx?space=1&author=408257&count=100&locale=en
408257 page=1 pageSubmissions=81
408257 page=1 submissionsAfterChallengeStart=81
408257 page=1 nextHref=
408257 page=1 next=
408279 page=1 fetchUrl=https://acm.timus.ru/status.aspx?space=1&author=408279&count=100&locale=en
408279 page=1 pageSubmissions=1
408279 page=1 submissionsAfterChallengeStart=1
408279 page=1 nextHref=
408279 page=1 next=
408277 page=1 fetchUrl=https://acm.timus.ru/status.aspx?space=1&author=408277&count=100&locale=en
408277 page=1 pageSubmissions=6
408277 page=1 submissionsAfterChallengeStart=6
408277 page=1 nextHref=
408277 page=1 next=
408280 page=1 fetchUrl=https://acm.timus.ru/status.aspx?space=1&author=408280&count=100&locale=en
408280 page=1 pageSubmissions=26
408280 page=1 submissionsAfterChallengeStart=26
408280 page=1 nextHref=
408280 page=1 next=
408281 page=1 fetchUrl=https://acm.timus.ru/status.aspx?space=1&author=408281&count=100&locale=en
408281 page=1 pageSubmissions=0
408281 page=1 submissionsAfterChallengeStart=0
408281 page=1 nextHref=
408281 page=1 next=
408282 page=1 fetchUrl=https://acm.timus.ru/status.aspx?space=1&author=408282&count=100&locale=en
408282 page=1 pageSubmissions=3
408282 page=1 submissionsAfterChallengeStart=3
408282 page=1 nextHref=
408282 page=1 next=
408283 page=1 fetchUrl=https://acm.timus.ru/status.aspx?space=1&author=408283&count=100&locale=en
408283 page=1 pageSubmissions=51
408283 page=1 submissionsAfterChallengeStart=51
408283 page=1 nextHref=
408283 page=1 next=
408292 page=1 fetchUrl=https://acm.timus.ru/status.aspx?space=1&author=408292&count=100&locale=en
408292 page=1 pageSubmissions=55
408292 page=1 submissionsAfterChallengeStart=55
408292 page=1 nextHref=
408292 page=1 next=
408293 page=1 fetchUrl=https://acm.timus.ru/status.aspx?space=1&author=408293&count=100&locale=en
408293 page=1 pageSubmissions=14
408293 page=1 submissionsAfterChallengeStart=14
408293 page=1 nextHref=
408293 page=1 next=
408296 page=1 fetchUrl=https://acm.timus.ru/status.aspx?space=1&author=408296&count=100&locale=en
408296 page=1 pageSubmissions=32
408296 page=1 submissionsAfterChallengeStart=32
408296 page=1 nextHref=
408296 page=1 next=
408294 page=1 fetchUrl=https://acm.timus.ru/status.aspx?space=1&author=408294&count=100&locale=en
408294 page=1 pageSubmissions=28
408294 page=1 submissionsAfterChallengeStart=28
408294 page=1 nextHref=
408294 page=1 next=
408298 page=1 fetchUrl=https://acm.timus.ru/status.aspx?space=1&author=408298&count=100&locale=en
408298 page=1 pageSubmissions=20
408298 page=1 submissionsAfterChallengeStart=20
408298 page=1 nextHref=
408298 page=1 next=
408303 page=1 fetchUrl=https://acm.timus.ru/status.aspx?space=1&author=408303&count=100&locale=en
408303 page=1 pageSubmissions=91
408303 page=1 submissionsAfterChallengeStart=91
408303 page=1 nextHref=
408303 page=1 next=
408307 page=1 fetchUrl=https://acm.timus.ru/status.aspx?space=1&author=408307&count=100&locale=en
408307 page=1 pageSubmissions=3
408307 page=1 submissionsAfterChallengeStart=3
408307 page=1 nextHref=
408307 page=1 next=
408311 page=1 fetchUrl=https://acm.timus.ru/status.aspx?space=1&author=408311&count=100&locale=en
408311 page=1 pageSubmissions=5
408311 page=1 submissionsAfterChallengeStart=5
408311 page=1 nextHref=
408311 page=1 next=
408323 page=1 fetchUrl=https://acm.timus.ru/status.aspx?space=1&author=408323&count=100&locale=en
408323 page=1 pageSubmissions=21
408323 page=1 submissionsAfterChallengeStart=21
408323 page=1 nextHref=
408323 page=1 next=
408301 page=1 fetchUrl=https://acm.timus.ru/status.aspx?space=1&author=408301&count=100&locale=en
408301 page=1 pageSubmissions=16
408301 page=1 submissionsAfterChallengeStart=16
408301 page=1 nextHref=
408301 page=1 next=
408326 page=1 fetchUrl=https://acm.timus.ru/status.aspx?space=1&author=408326&count=100&locale=en
408326 page=1 pageSubmissions=12
408326 page=1 submissionsAfterChallengeStart=12
408326 page=1 nextHref=
408326 page=1 next=
# 2026-08-30T05:43:50.417Z
69385 page=1 fetchUrl=https://acm.timus.ru/status.aspx?space=1&author=69385&count=100&locale=en
69385 page=1 pageSubmissions=100
69385 page=1 submissionsAfterChallengeStart=100
69385 page=1 nextHref=status.aspx?space=1&amp;author=69385&amp;from=11241301
69385 page=1 next=/status.aspx?space=1&author=69385&from=11241301
69385 page=2 fetchUrl=https://acm.timus.ru/status.aspx?space=1&author=69385&from=11241301
69385 page=2 pageSubmissions=10
69385 page=2 submissionsAfterChallengeStart=10
69385 page=2 nextHref=status.aspx?space=1&amp;author=69385&amp;from=11240680
69385 page=2 next=/status.aspx?space=1&author=69385&from=11240680
69385 page=3 fetchUrl=https://acm.timus.ru/status.aspx?space=1&author=69385&from=11240680
69385 page=3 pageSubmissions=10
69385 page=3 submissionsAfterChallengeStart=10
69385 page=3 nextHref=status.aspx?space=1&amp;author=69385&amp;from=11240576
69385 page=3 next=/status.aspx?space=1&author=69385&from=11240576
69385 page=4 fetchUrl=https://acm.timus.ru/status.aspx?space=1&author=69385&from=11240576
69385 page=4 pageSubmissions=10
69385 page=4 submissionsAfterChallengeStart=5
69385 page=4 nextHref=status.aspx?space=1&amp;author=69385&amp;from=9460282
69385 page=4 next=
408257 page=1 fetchUrl=https://acm.timus.ru/status.aspx?space=1&author=408257&count=100&locale=en
408257 page=1 pageSubmissions=81
408257 page=1 submissionsAfterChallengeStart=81
408257 page=1 nextHref=
408257 page=1 next=
408279 page=1 fetchUrl=https://acm.timus.ru/status.aspx?space=1&author=408279&count=100&locale=en
408279 page=1 pageSubmissions=1
408279 page=1 submissionsAfterChallengeStart=1
408279 page=1 nextHref=
408279 page=1 next=
408277 page=1 fetchUrl=https://acm.timus.ru/status.aspx?space=1&author=408277&count=100&locale=en
408277 page=1 pageSubmissions=6
408277 page=1 submissionsAfterChallengeStart=6
408277 page=1 nextHref=
408277 page=1 next=
408280 page=1 fetchUrl=https://acm.timus.ru/status.aspx?space=1&author=408280&count=100&locale=en
408280 page=1 pageSubmissions=26
408280 page=1 submissionsAfterChallengeStart=26
408280 page=1 nextHref=
408280 page=1 next=
408281 page=1 fetchUrl=https://acm.timus.ru/status.aspx?space=1&author=408281&count=100&locale=en
408281 page=1 pageSubmissions=0
408281 page=1 submissionsAfterChallengeStart=0
408281 page=1 nextHref=
408281 page=1 next=
408282 page=1 fetchUrl=https://acm.timus.ru/status.aspx?space=1&author=408282&count=100&locale=en
408282 page=1 pageSubmissions=3
408282 page=1 submissionsAfterChallengeStart=3
408282 page=1 nextHref=
408282 page=1 next=
408283 page=1 fetchUrl=https://acm.timus.ru/status.aspx?space=1&author=408283&count=100&locale=en
408283 page=1 pageSubmissions=51
408283 page=1 submissionsAfterChallengeStart=51
408283 page=1 nextHref=
408283 page=1 next=
408292 page=1 fetchUrl=https://acm.timus.ru/status.aspx?space=1&author=408292&count=100&locale=en
408292 page=1 pageSubmissions=55
408292 page=1 submissionsAfterChallengeStart=55
408292 page=1 nextHref=
408292 page=1 next=
408293 page=1 fetchUrl=https://acm.timus.ru/status.aspx?space=1&author=408293&count=100&locale=en
408293 page=1 pageSubmissions=14
408293 page=1 submissionsAfterChallengeStart=14
408293 page=1 nextHref=
408293 page=1 next=
408296 page=1 fetchUrl=https://acm.timus.ru/status.aspx?space=1&author=408296&count=100&locale=en
408296 page=1 pageSubmissions=32
408296 page=1 submissionsAfterChallengeStart=32
408296 page=1 nextHref=
408296 page=1 next=
408294 page=1 fetchUrl=https://acm.timus.ru/status.aspx?space=1&author=408294&count=100&locale=en
408294 page=1 pageSubmissions=28
408294 page=1 submissionsAfterChallengeStart=28
408294 page=1 nextHref=
408294 page=1 next=
408298 page=1 fetchUrl=https://acm.timus.ru/status.aspx?space=1&author=408298&count=100&locale=en
408298 page=1 pageSubmissions=20
408298 page=1 submissionsAfterChallengeStart=20
408298 page=1 nextHref=
408298 page=1 next=
408303 page=1 fetchUrl=https://acm.timus.ru/status.aspx?space=1&author=408303&count=100&locale=en
408303 page=1 pageSubmissions=91
408303 page=1 submissionsAfterChallengeStart=91
408303 page=1 nextHref=
408303 page=1 next=
408307 page=1 fetchUrl=https://acm.timus.ru/status.aspx?space=1&author=408307&count=100&locale=en
408307 page=1 pageSubmissions=3
408307 page=1 submissionsAfterChallengeStart=3
408307 page=1 nextHref=
408307 page=1 next=
408311 page=1 fetchUrl=https://acm.timus.ru/status.aspx?space=1&author=408311&count=100&locale=en
408311 page=1 pageSubmissions=5
408311 page=1 submissionsAfterChallengeStart=5
408311 page=1 nextHref=
408311 page=1 next=
408323 page=1 fetchUrl=https://acm.timus.ru/status.aspx?space=1&author=408323&count=100&locale=en
408323 page=1 pageSubmissions=21
408323 page=1 submissionsAfterChallengeStart=21
408323 page=1 nextHref=
408323 page=1 next=
408301 page=1 fetchUrl=https://acm.timus.ru/status.aspx?space=1&author=408301&count=100&locale=en
408301 page=1 pageSubmissions=16
408301 page=1 submissionsAfterChallengeStart=16
408301 page=1 nextHref=
408301 page=1 next=
408326 page=1 fetchUrl=https://acm.timus.ru/status.aspx?space=1&author=408326&count=100&locale=en
408326 page=1 pageSubmissions=12
408326 page=1 submissionsAfterChallengeStart=12
408326 page=1 nextHref=
408326 page=1 next=
# 2026-08-30T05:48:51.392Z
69385 page=1 fetchUrl=https://acm.timus.ru/status.aspx?space=1&author=69385&count=100&locale=en
69385 page=1 pageSubmissions=100
69385 page=1 submissionsAfterChallengeStart=100
69385 page=1 nextHref=status.aspx?space=1&amp;author=69385&amp;from=11241301
69385 page=1 next=/status.aspx?space=1&author=69385&from=11241301
69385 page=2 fetchUrl=https://acm.timus.ru/status.aspx?space=1&author=69385&from=11241301
69385 page=2 pageSubmissions=10
69385 page=2 submissionsAfterChallengeStart=10
69385 page=2 nextHref=status.aspx?space=1&amp;author=69385&amp;from=11240680
69385 page=2 next=/status.aspx?space=1&author=69385&from=11240680
69385 page=3 fetchUrl=https://acm.timus.ru/status.aspx?space=1&author=69385&from=11240680
69385 page=3 pageSubmissions=10
69385 page=3 submissionsAfterChallengeStart=10
69385 page=3 nextHref=status.aspx?space=1&amp;author=69385&amp;from=11240576
69385 page=3 next=/status.aspx?space=1&author=69385&from=11240576
69385 page=4 fetchUrl=https://acm.timus.ru/status.aspx?space=1&author=69385&from=11240576
69385 page=4 pageSubmissions=10
69385 page=4 submissionsAfterChallengeStart=5
69385 page=4 nextHref=status.aspx?space=1&amp;author=69385&amp;from=9460282
69385 page=4 next=
408257 page=1 fetchUrl=https://acm.timus.ru/status.aspx?space=1&author=408257&count=100&locale=en
408257 page=1 pageSubmissions=81
408257 page=1 submissionsAfterChallengeStart=81
408257 page=1 nextHref=
408257 page=1 next=
408279 page=1 fetchUrl=https://acm.timus.ru/status.aspx?space=1&author=408279&count=100&locale=en
408279 page=1 pageSubmissions=1
408279 page=1 submissionsAfterChallengeStart=1
408279 page=1 nextHref=
408279 page=1 next=
408277 page=1 fetchUrl=https://acm.timus.ru/status.aspx?space=1&author=408277&count=100&locale=en
408277 page=1 pageSubmissions=6
408277 page=1 submissionsAfterChallengeStart=6
408277 page=1 nextHref=
408277 page=1 next=
408280 page=1 fetchUrl=https://acm.timus.ru/status.aspx?space=1&author=408280&count=100&locale=en
408280 page=1 pageSubmissions=26
408280 page=1 submissionsAfterChallengeStart=26
408280 page=1 nextHref=
408280 page=1 next=
408281 page=1 fetchUrl=https://acm.timus.ru/status.aspx?space=1&author=408281&count=100&locale=en
408281 page=1 pageSubmissions=0
408281 page=1 submissionsAfterChallengeStart=0
408281 page=1 nextHref=
408281 page=1 next=
408282 page=1 fetchUrl=https://acm.timus.ru/status.aspx?space=1&author=408282&count=100&locale=en
408282 page=1 pageSubmissions=3
408282 page=1 submissionsAfterChallengeStart=3
408282 page=1 nextHref=
408282 page=1 next=
408283 page=1 fetchUrl=https://acm.timus.ru/status.aspx?space=1&author=408283&count=100&locale=en
408283 page=1 pageSubmissions=51
408283 page=1 submissionsAfterChallengeStart=51
408283 page=1 nextHref=
408283 page=1 next=
408292 page=1 fetchUrl=https://acm.timus.ru/status.aspx?space=1&author=408292&count=100&locale=en
408292 page=1 pageSubmissions=55
408292 page=1 submissionsAfterChallengeStart=55
408292 page=1 nextHref=
408292 page=1 next=
408293 page=1 fetchUrl=https://acm.timus.ru/status.aspx?space=1&author=408293&count=100&locale=en
408293 page=1 pageSubmissions=14
408293 page=1 submissionsAfterChallengeStart=14
408293 page=1 nextHref=
408293 page=1 next=
408296 page=1 fetchUrl=https://acm.timus.ru/status.aspx?space=1&author=408296&count=100&locale=en
408296 page=1 pageSubmissions=32
408296 page=1 submissionsAfterChallengeStart=32
408296 page=1 nextHref=
408296 page=1 next=
408294 page=1 fetchUrl=https://acm.timus.ru/status.aspx?space=1&author=408294&count=100&locale=en
408294 page=1 pageSubmissions=28
408294 page=1 submissionsAfterChallengeStart=28
408294 page=1 nextHref=
408294 page=1 next=
408298 page=1 fetchUrl=https://acm.timus.ru/status.aspx?space=1&author=408298&count=100&locale=en
408298 page=1 pageSubmissions=20
408298 page=1 submissionsAfterChallengeStart=20
408298 page=1 nextHref=
408298 page=1 next=
408303 page=1 fetchUrl=https://acm.timus.ru/status.aspx?space=1&author=408303&count=100&locale=en
408303 page=1 pageSubmissions=91
408303 page=1 submissionsAfterChallengeStart=91
408303 page=1 nextHref=
408303 page=1 next=
408307 page=1 fetchUrl=https://acm.timus.ru/status.aspx?space=1&author=408307&count=100&locale=en
408307 page=1 pageSubmissions=3
408307 page=1 submissionsAfterChallengeStart=3
408307 page=1 nextHref=
408307 page=1 next=
408311 page=1 fetchUrl=https://acm.timus.ru/status.aspx?space=1&author=408311&count=100&locale=en
408311 page=1 pageSubmissions=5
408311 page=1 submissionsAfterChallengeStart=5
408311 page=1 nextHref=
408311 page=1 next=
408323 page=1 fetchUrl=https://acm.timus.ru/status.aspx?space=1&author=408323&count=100&locale=en
408323 page=1 pageSubmissions=21
408323 page=1 submissionsAfterChallengeStart=21
408323 page=1 nextHref=
408323 page=1 next=
408301 page=1 fetchUrl=https://acm.timus.ru/status.aspx?space=1&author=408301&count=100&locale=en
408301 page=1 pageSubmissions=16
408301 page=1 submissionsAfterChallengeStart=16
408301 page=1 nextHref=
408301 page=1 next=
408326 page=1 fetchUrl=https://acm.timus.ru/status.aspx?space=1&author=408326&count=100&locale=en
408326 page=1 pageSubmissions=12
408326 page=1 submissionsAfterChallengeStart=12
408326 page=1 nextHref=
408326 page=1 next=
# 2026-08-30T05:53:50.941Z
69385 page=1 fetchUrl=https://acm.timus.ru/status.aspx?space=1&author=69385&count=100&locale=en
69385 page=1 pageSubmissions=100
69385 page=1 submissionsAfterChallengeStart=100
69385 page=1 nextHref=status.aspx?space=1&amp;author=69385&amp;from=11241301
69385 page=1 next=/status.aspx?space=1&author=69385&from=11241301
69385 page=2 fetchUrl=https://acm.timus.ru/status.aspx?space=1&author=69385&from=11241301
69385 page=2 pageSubmissions=10
69385 page=2 submissionsAfterChallengeStart=10
69385 page=2 nextHref=status.aspx?space=1&amp;author=69385&amp;from=11240680
69385 page=2 next=/status.aspx?space=1&author=69385&from=11240680
69385 page=3 fetchUrl=https://acm.timus.ru/status.aspx?space=1&author=69385&from=11240680
69385 page=3 pageSubmissions=10
69385 page=3 submissionsAfterChallengeStart=10
69385 page=3 nextHref=status.aspx?space=1&amp;author=69385&amp;from=11240576
69385 page=3 next=/status.aspx?space=1&author=69385&from=11240576
69385 page=4 fetchUrl=https://acm.timus.ru/status.aspx?space=1&author=69385&from=11240576
69385 page=4 pageSubmissions=10
69385 page=4 submissionsAfterChallengeStart=5
69385 page=4 nextHref=status.aspx?space=1&amp;author=69385&amp;from=9460282
69385 page=4 next=
408257 page=1 fetchUrl=https://acm.timus.ru/status.aspx?space=1&author=408257&count=100&locale=en
408257 page=1 pageSubmissions=81
408257 page=1 submissionsAfterChallengeStart=81
408257 page=1 nextHref=
408257 page=1 next=
408279 page=1 fetchUrl=https://acm.timus.ru/status.aspx?space=1&author=408279&count=100&locale=en
408279 page=1 pageSubmissions=1
408279 page=1 submissionsAfterChallengeStart=1
408279 page=1 nextHref=
408279 page=1 next=
408277 page=1 fetchUrl=https://acm.timus.ru/status.aspx?space=1&author=408277&count=100&locale=en
408277 page=1 pageSubmissions=6
408277 page=1 submissionsAfterChallengeStart=6
408277 page=1 nextHref=
408277 page=1 next=
408280 page=1 fetchUrl=https://acm.timus.ru/status.aspx?space=1&author=408280&count=100&locale=en
408280 page=1 pageSubmissions=26
408280 page=1 submissionsAfterChallengeStart=26
408280 page=1 nextHref=
408280 page=1 next=
408281 page=1 fetchUrl=https://acm.timus.ru/status.aspx?space=1&author=408281&count=100&locale=en
408281 page=1 pageSubmissions=0
408281 page=1 submissionsAfterChallengeStart=0
408281 page=1 nextHref=
408281 page=1 next=
408282 page=1 fetchUrl=https://acm.timus.ru/status.aspx?space=1&author=408282&count=100&locale=en
408282 page=1 pageSubmissions=3
408282 page=1 submissionsAfterChallengeStart=3
408282 page=1 nextHref=
408282 page=1 next=
408283 page=1 fetchUrl=https://acm.timus.ru/status.aspx?space=1&author=408283&count=100&locale=en
408283 page=1 pageSubmissions=51
408283 page=1 submissionsAfterChallengeStart=51
408283 page=1 nextHref=
408283 page=1 next=
408292 page=1 fetchUrl=https://acm.timus.ru/status.aspx?space=1&author=408292&count=100&locale=en
408292 page=1 pageSubmissions=55
408292 page=1 submissionsAfterChallengeStart=55
408292 page=1 nextHref=
408292 page=1 next=
408293 page=1 fetchUrl=https://acm.timus.ru/status.aspx?space=1&author=408293&count=100&locale=en
408293 page=1 pageSubmissions=14
408293 page=1 submissionsAfterChallengeStart=14
408293 page=1 nextHref=
408293 page=1 next=
408296 page=1 fetchUrl=https://acm.timus.ru/status.aspx?space=1&author=408296&count=100&locale=en
408296 page=1 pageSubmissions=32
408296 page=1 submissionsAfterChallengeStart=32
408296 page=1 nextHref=
408296 page=1 next=
408294 page=1 fetchUrl=https://acm.timus.ru/status.aspx?space=1&author=408294&count=100&locale=en
408294 page=1 pageSubmissions=28
408294 page=1 submissionsAfterChallengeStart=28
408294 page=1 nextHref=
408294 page=1 next=
408298 page=1 fetchUrl=https://acm.timus.ru/status.aspx?space=1&author=408298&count=100&locale=en
408298 page=1 pageSubmissions=20
408298 page=1 submissionsAfterChallengeStart=20
408298 page=1 nextHref=
408298 page=1 next=
408303 page=1 fetchUrl=https://acm.timus.ru/status.aspx?space=1&author=408303&count=100&locale=en
408303 page=1 pageSubmissions=91
408303 page=1 submissionsAfterChallengeStart=91
408303 page=1 nextHref=
408303 page=1 next=
408307 page=1 fetchUrl=https://acm.timus.ru/status.aspx?space=1&author=408307&count=100&locale=en
408307 page=1 pageSubmissions=3
408307 page=1 submissionsAfterChallengeStart=3
408307 page=1 nextHref=
408307 page=1 next=
408311 page=1 fetchUrl=https://acm.timus.ru/status.aspx?space=1&author=408311&count=100&locale=en
408311 page=1 pageSubmissions=5
408311 page=1 submissionsAfterChallengeStart=5
408311 page=1 nextHref=
408311 page=1 next=
408323 page=1 fetchUrl=https://acm.timus.ru/status.aspx?space=1&author=408323&count=100&locale=en
408323 page=1 pageSubmissions=21
408323 page=1 submissionsAfterChallengeStart=21
408323 page=1 nextHref=
408323 page=1 next=
408301 page=1 fetchUrl=https://acm.timus.ru/status.aspx?space=1&author=408301&count=100&locale=en
408301 page=1 pageSubmissions=16
408301 page=1 submissionsAfterChallengeStart=16
408301 page=1 nextHref=
408301 page=1 next=
408326 page=1 fetchUrl=https://acm.timus.ru/status.aspx?space=1&author=408326&count=100&locale=en
408326 page=1 pageSubmissions=12
408326 page=1 submissionsAfterChallengeStart=12
408326 page=1 nextHref=
408326 page=1 next=
# 2026-08-30T05:58:51.588Z
69385 page=1 fetchUrl=https://acm.timus.ru/status.aspx?space=1&author=69385&count=100&locale=en
69385 page=1 pageSubmissions=100
69385 page=1 submissionsAfterChallengeStart=100
69385 page=1 nextHref=status.aspx?space=1&amp;author=69385&amp;from=11241301
69385 page=1 next=/status.aspx?space=1&author=69385&from=11241301
69385 page=2 fetchUrl=https://acm.timus.ru/status.aspx?space=1&author=69385&from=11241301
69385 page=2 pageSubmissions=10
69385 page=2 submissionsAfterChallengeStart=10
69385 page=2 nextHref=status.aspx?space=1&amp;author=69385&amp;from=11240680
69385 page=2 next=/status.aspx?space=1&author=69385&from=11240680
69385 page=3 fetchUrl=https://acm.timus.ru/status.aspx?space=1&author=69385&from=11240680
69385 page=3 pageSubmissions=10
69385 page=3 submissionsAfterChallengeStart=10
69385 page=3 nextHref=status.aspx?space=1&amp;author=69385&amp;from=11240576
69385 page=3 next=/status.aspx?space=1&author=69385&from=11240576
69385 page=4 fetchUrl=https://acm.timus.ru/status.aspx?space=1&author=69385&from=11240576
69385 page=4 pageSubmissions=10
69385 page=4 submissionsAfterChallengeStart=5
69385 page=4 nextHref=status.aspx?space=1&amp;author=69385&amp;from=9460282
69385 page=4 next=
408257 page=1 fetchUrl=https://acm.timus.ru/status.aspx?space=1&author=408257&count=100&locale=en
408257 page=1 pageSubmissions=81
408257 page=1 submissionsAfterChallengeStart=81
408257 page=1 nextHref=
408257 page=1 next=
408279 page=1 fetchUrl=https://acm.timus.ru/status.aspx?space=1&author=408279&count=100&locale=en
408279 page=1 pageSubmissions=1
408279 page=1 submissionsAfterChallengeStart=1
408279 page=1 nextHref=
408279 page=1 next=
408277 page=1 fetchUrl=https://acm.timus.ru/status.aspx?space=1&author=408277&count=100&locale=en
408277 page=1 pageSubmissions=6
408277 page=1 submissionsAfterChallengeStart=6
408277 page=1 nextHref=
408277 page=1 next=
408280 page=1 fetchUrl=https://acm.timus.ru/status.aspx?space=1&author=408280&count=100&locale=en
408280 page=1 pageSubmissions=26
408280 page=1 submissionsAfterChallengeStart=26
408280 page=1 nextHref=
408280 page=1 next=
408281 page=1 fetchUrl=https://acm.timus.ru/status.aspx?space=1&author=408281&count=100&locale=en
408281 page=1 pageSubmissions=0
408281 page=1 submissionsAfterChallengeStart=0
408281 page=1 nextHref=
408281 page=1 next=
408282 page=1 fetchUrl=https://acm.timus.ru/status.aspx?space=1&author=408282&count=100&locale=en
408282 page=1 pageSubmissions=3
408282 page=1 submissionsAfterChallengeStart=3
408282 page=1 nextHref=
408282 page=1 next=
408283 page=1 fetchUrl=https://acm.timus.ru/status.aspx?space=1&author=408283&count=100&locale=en
408283 page=1 pageSubmissions=51
408283 page=1 submissionsAfterChallengeStart=51
408283 page=1 nextHref=
408283 page=1 next=
408292 page=1 fetchUrl=https://acm.timus.ru/status.aspx?space=1&author=408292&count=100&locale=en
408292 page=1 pageSubmissions=55
408292 page=1 submissionsAfterChallengeStart=55
408292 page=1 nextHref=
408292 page=1 next=
408293 page=1 fetchUrl=https://acm.timus.ru/status.aspx?space=1&author=408293&count=100&locale=en
408293 page=1 pageSubmissions=14
408293 page=1 submissionsAfterChallengeStart=14
408293 page=1 nextHref=
408293 page=1 next=
408296 page=1 fetchUrl=https://acm.timus.ru/status.aspx?space=1&author=408296&count=100&locale=en
408296 page=1 pageSubmissions=32
408296 page=1 submissionsAfterChallengeStart=32
408296 page=1 nextHref=
408296 page=1 next=
408294 page=1 fetchUrl=https://acm.timus.ru/status.aspx?space=1&author=408294&count=100&locale=en
408294 page=1 pageSubmissions=28
408294 page=1 submissionsAfterChallengeStart=28
408294 page=1 nextHref=
408294 page=1 next=
408298 page=1 fetchUrl=https://acm.timus.ru/status.aspx?space=1&author=408298&count=100&locale=en
408298 page=1 pageSubmissions=20
408298 page=1 submissionsAfterChallengeStart=20
408298 page=1 nextHref=
408298 page=1 next=
408303 page=1 fetchUrl=https://acm.timus.ru/status.aspx?space=1&author=408303&count=100&locale=en
408303 page=1 pageSubmissions=91
408303 page=1 submissionsAfterChallengeStart=91
408303 page=1 nextHref=
408303 page=1 next=
408307 page=1 fetchUrl=https://acm.timus.ru/status.aspx?space=1&author=408307&count=100&locale=en
408307 page=1 pageSubmissions=3
408307 page=1 submissionsAfterChallengeStart=3
408307 page=1 nextHref=
408307 page=1 next=
408311 page=1 fetchUrl=https://acm.timus.ru/status.aspx?space=1&author=408311&count=100&locale=en
408311 page=1 pageSubmissions=5
408311 page=1 submissionsAfterChallengeStart=5
408311 page=1 nextHref=
408311 page=1 next=
408323 page=1 fetchUrl=https://acm.timus.ru/status.aspx?space=1&author=408323&count=100&locale=en
408323 page=1 pageSubmissions=21
408323 page=1 submissionsAfterChallengeStart=21
408323 page=1 nextHref=
408323 page=1 next=
408301 page=1 fetchUrl=https://acm.timus.ru/status.aspx?space=1&author=408301&count=100&locale=en
408301 page=1 pageSubmissions=16
408301 page=1 submissionsAfterChallengeStart=16
408301 page=1 nextHref=
408301 page=1 next=
408326 page=1 fetchUrl=https://acm.timus.ru/status.aspx?space=1&author=408326&count=100&locale=en
408326 page=1 pageSubmissions=12
408326 page=1 submissionsAfterChallengeStart=12
408326 page=1 nextHref=
408326 page=1 next=
# 2026-08-30T06:03:53.865Z
69385 page=1 fetchUrl=https://acm.timus.ru/status.aspx?space=1&author=69385&count=100&locale=en
69385 page=1 pageSubmissions=100
69385 page=1 submissionsAfterChallengeStart=100
69385 page=1 nextHref=status.aspx?space=1&amp;author=69385&amp;from=11241301
69385 page=1 next=/status.aspx?space=1&author=69385&from=11241301
69385 page=2 fetchUrl=https://acm.timus.ru/status.aspx?space=1&author=69385&from=11241301
69385 page=2 pageSubmissions=10
69385 page=2 submissionsAfterChallengeStart=10
69385 page=2 nextHref=status.aspx?space=1&amp;author=69385&amp;from=11240680
69385 page=2 next=/status.aspx?space=1&author=69385&from=11240680
69385 page=3 fetchUrl=https://acm.timus.ru/status.aspx?space=1&author=69385&from=11240680
69385 page=3 pageSubmissions=10
69385 page=3 submissionsAfterChallengeStart=10
69385 page=3 nextHref=status.aspx?space=1&amp;author=69385&amp;from=11240576
69385 page=3 next=/status.aspx?space=1&author=69385&from=11240576
69385 page=4 fetchUrl=https://acm.timus.ru/status.aspx?space=1&author=69385&from=11240576
69385 page=4 pageSubmissions=10
69385 page=4 submissionsAfterChallengeStart=5
69385 page=4 nextHref=status.aspx?space=1&amp;author=69385&amp;from=9460282
69385 page=4 next=
408257 page=1 fetchUrl=https://acm.timus.ru/status.aspx?space=1&author=408257&count=100&locale=en
408257 page=1 pageSubmissions=81
408257 page=1 submissionsAfterChallengeStart=81
408257 page=1 nextHref=
408257 page=1 next=
408279 page=1 fetchUrl=https://acm.timus.ru/status.aspx?space=1&author=408279&count=100&locale=en
408279 page=1 pageSubmissions=1
408279 page=1 submissionsAfterChallengeStart=1
408279 page=1 nextHref=
408279 page=1 next=
408277 page=1 fetchUrl=https://acm.timus.ru/status.aspx?space=1&author=408277&count=100&locale=en
408277 page=1 pageSubmissions=6
408277 page=1 submissionsAfterChallengeStart=6
408277 page=1 nextHref=
408277 page=1 next=
408280 page=1 fetchUrl=https://acm.timus.ru/status.aspx?space=1&author=408280&count=100&locale=en
408280 page=1 pageSubmissions=26
408280 page=1 submissionsAfterChallengeStart=26
408280 page=1 nextHref=
408280 page=1 next=
408281 page=1 fetchUrl=https://acm.timus.ru/status.aspx?space=1&author=408281&count=100&locale=en
408281 page=1 pageSubmissions=0
408281 page=1 submissionsAfterChallengeStart=0
408281 page=1 nextHref=
408281 page=1 next=
408282 page=1 fetchUrl=https://acm.timus.ru/status.aspx?space=1&author=408282&count=100&locale=en
408282 page=1 pageSubmissions=3
408282 page=1 submissionsAfterChallengeStart=3
408282 page=1 nextHref=
408282 page=1 next=
408283 page=1 fetchUrl=https://acm.timus.ru/status.aspx?space=1&author=408283&count=100&locale=en
408283 page=1 pageSubmissions=51
408283 page=1 submissionsAfterChallengeStart=51
408283 page=1 nextHref=
408283 page=1 next=
408292 page=1 fetchUrl=https://acm.timus.ru/status.aspx?space=1&author=408292&count=100&locale=en
408292 page=1 pageSubmissions=55
408292 page=1 submissionsAfterChallengeStart=55
408292 page=1 nextHref=
408292 page=1 next=
408293 page=1 fetchUrl=https://acm.timus.ru/status.aspx?space=1&author=408293&count=100&locale=en
408293 page=1 pageSubmissions=14
408293 page=1 submissionsAfterChallengeStart=14
408293 page=1 nextHref=
408293 page=1 next=
408296 page=1 fetchUrl=https://acm.timus.ru/status.aspx?space=1&author=408296&count=100&locale=en
408296 page=1 pageSubmissions=32
408296 page=1 submissionsAfterChallengeStart=32
408296 page=1 nextHref=
408296 page=1 next=
408294 page=1 fetchUrl=https://acm.timus.ru/status.aspx?space=1&author=408294&count=100&locale=en
408294 page=1 pageSubmissions=28
408294 page=1 submissionsAfterChallengeStart=28
408294 page=1 nextHref=
408294 page=1 next=
408298 page=1 fetchUrl=https://acm.timus.ru/status.aspx?space=1&author=408298&count=100&locale=en
408298 page=1 pageSubmissions=20
408298 page=1 submissionsAfterChallengeStart=20
408298 page=1 nextHref=
408298 page=1 next=
408303 page=1 fetchUrl=https://acm.timus.ru/status.aspx?space=1&author=408303&count=100&locale=en
408303 page=1 pageSubmissions=91
408303 page=1 submissionsAfterChallengeStart=91
408303 page=1 nextHref=
408303 page=1 next=
408307 page=1 fetchUrl=https://acm.timus.ru/status.aspx?space=1&author=408307&count=100&locale=en
408307 page=1 pageSubmissions=3
408307 page=1 submissionsAfterChallengeStart=3
408307 page=1 nextHref=
408307 page=1 next=
408311 page=1 fetchUrl=https://acm.timus.ru/status.aspx?space=1&author=408311&count=100&locale=en
408311 page=1 pageSubmissions=5
408311 page=1 submissionsAfterChallengeStart=5
408311 page=1 nextHref=
408311 page=1 next=
408323 page=1 fetchUrl=https://acm.timus.ru/status.aspx?space=1&author=408323&count=100&locale=en
408323 page=1 pageSubmissions=21
408323 page=1 submissionsAfterChallengeStart=21
408323 page=1 nextHref=
408323 page=1 next=
408301 page=1 fetchUrl=https://acm.timus.ru/status.aspx?space=1&author=408301&count=100&locale=en
408301 page=1 pageSubmissions=16
408301 page=1 submissionsAfterChallengeStart=16
408301 page=1 nextHref=
408301 page=1 next=
408326 page=1 fetchUrl=https://acm.timus.ru/status.aspx?space=1&author=408326&count=100&locale=en
408326 page=1 pageSubmissions=12
408326 page=1 submissionsAfterChallengeStart=12
408326 page=1 nextHref=
408326 page=1 next=
# 2026-08-30T06:08:52.884Z
69385 page=1 fetchUrl=https://acm.timus.ru/status.aspx?space=1&author=69385&count=100&locale=en
69385 page=1 pageSubmissions=100
69385 page=1 submissionsAfterChallengeStart=100
69385 page=1 nextHref=status.aspx?space=1&amp;author=69385&amp;from=11241301
69385 page=1 next=/status.aspx?space=1&author=69385&from=11241301
69385 page=2 fetchUrl=https://acm.timus.ru/status.aspx?space=1&author=69385&from=11241301
69385 page=2 pageSubmissions=10
69385 page=2 submissionsAfterChallengeStart=10
69385 page=2 nextHref=status.aspx?space=1&amp;author=69385&amp;from=11240680
69385 page=2 next=/status.aspx?space=1&author=69385&from=11240680
69385 page=3 fetchUrl=https://acm.timus.ru/status.aspx?space=1&author=69385&from=11240680
69385 page=3 pageSubmissions=10
69385 page=3 submissionsAfterChallengeStart=10
69385 page=3 nextHref=status.aspx?space=1&amp;author=69385&amp;from=11240576
69385 page=3 next=/status.aspx?space=1&author=69385&from=11240576
69385 page=4 fetchUrl=https://acm.timus.ru/status.aspx?space=1&author=69385&from=11240576
69385 page=4 pageSubmissions=10
69385 page=4 submissionsAfterChallengeStart=5
69385 page=4 nextHref=status.aspx?space=1&amp;author=69385&amp;from=9460282
69385 page=4 next=
408257 page=1 fetchUrl=https://acm.timus.ru/status.aspx?space=1&author=408257&count=100&locale=en
408257 page=1 pageSubmissions=81
408257 page=1 submissionsAfterChallengeStart=81
408257 page=1 nextHref=
408257 page=1 next=
408279 page=1 fetchUrl=https://acm.timus.ru/status.aspx?space=1&author=408279&count=100&locale=en
408279 page=1 pageSubmissions=1
408279 page=1 submissionsAfterChallengeStart=1
408279 page=1 nextHref=
408279 page=1 next=
408277 page=1 fetchUrl=https://acm.timus.ru/status.aspx?space=1&author=408277&count=100&locale=en
408277 page=1 pageSubmissions=6
408277 page=1 submissionsAfterChallengeStart=6
408277 page=1 nextHref=
408277 page=1 next=
408280 page=1 fetchUrl=https://acm.timus.ru/status.aspx?space=1&author=408280&count=100&locale=en
408280 page=1 pageSubmissions=26
408280 page=1 submissionsAfterChallengeStart=26
408280 page=1 nextHref=
408280 page=1 next=
408281 page=1 fetchUrl=https://acm.timus.ru/status.aspx?space=1&author=408281&count=100&locale=en
408281 page=1 pageSubmissions=0
408281 page=1 submissionsAfterChallengeStart=0
408281 page=1 nextHref=
408281 page=1 next=
408282 page=1 fetchUrl=https://acm.timus.ru/status.aspx?space=1&author=408282&count=100&locale=en
408282 page=1 pageSubmissions=3
408282 page=1 submissionsAfterChallengeStart=3
408282 page=1 nextHref=
408282 page=1 next=
408283 page=1 fetchUrl=https://acm.timus.ru/status.aspx?space=1&author=408283&count=100&locale=en
408283 page=1 pageSubmissions=51
408283 page=1 submissionsAfterChallengeStart=51
408283 page=1 nextHref=
408283 page=1 next=
408292 page=1 fetchUrl=https://acm.timus.ru/status.aspx?space=1&author=408292&count=100&locale=en
408292 page=1 pageSubmissions=55
408292 page=1 submissionsAfterChallengeStart=55
408292 page=1 nextHref=
408292 page=1 next=
408293 page=1 fetchUrl=https://acm.timus.ru/status.aspx?space=1&author=408293&count=100&locale=en
408293 page=1 pageSubmissions=14
408293 page=1 submissionsAfterChallengeStart=14
408293 page=1 nextHref=
408293 page=1 next=
408296 page=1 fetchUrl=https://acm.timus.ru/status.aspx?space=1&author=408296&count=100&locale=en
408296 page=1 pageSubmissions=32
408296 page=1 submissionsAfterChallengeStart=32
408296 page=1 nextHref=
408296 page=1 next=
408294 page=1 fetchUrl=https://acm.timus.ru/status.aspx?space=1&author=408294&count=100&locale=en
408294 page=1 pageSubmissions=28
408294 page=1 submissionsAfterChallengeStart=28
408294 page=1 nextHref=
408294 page=1 next=
408298 page=1 fetchUrl=https://acm.timus.ru/status.aspx?space=1&author=408298&count=100&locale=en
408298 page=1 pageSubmissions=20
408298 page=1 submissionsAfterChallengeStart=20
408298 page=1 nextHref=
408298 page=1 next=
408303 page=1 fetchUrl=https://acm.timus.ru/status.aspx?space=1&author=408303&count=100&locale=en
408303 page=1 pageSubmissions=91
408303 page=1 submissionsAfterChallengeStart=91
408303 page=1 nextHref=
408303 page=1 next=
408307 page=1 fetchUrl=https://acm.timus.ru/status.aspx?space=1&author=408307&count=100&locale=en
408307 page=1 pageSubmissions=3
408307 page=1 submissionsAfterChallengeStart=3
408307 page=1 nextHref=
408307 page=1 next=
408311 page=1 fetchUrl=https://acm.timus.ru/status.aspx?space=1&author=408311&count=100&locale=en
408311 page=1 pageSubmissions=5
408311 page=1 submissionsAfterChallengeStart=5
408311 page=1 nextHref=
408311 page=1 next=
408323 page=1 fetchUrl=https://acm.timus.ru/status.aspx?space=1&author=408323&count=100&locale=en
408323 page=1 pageSubmissions=21
408323 page=1 submissionsAfterChallengeStart=21
408323 page=1 nextHref=
408323 page=1 next=
408301 page=1 fetchUrl=https://acm.timus.ru/status.aspx?space=1&author=408301&count=100&locale=en
408301 page=1 pageSubmissions=16
408301 page=1 submissionsAfterChallengeStart=16
408301 page=1 nextHref=
408301 page=1 next=
408326 page=1 fetchUrl=https://acm.timus.ru/status.aspx?space=1&author=408326&count=100&locale=en
408326 page=1 pageSubmissions=12
408326 page=1 submissionsAfterChallengeStart=12
408326 page=1 nextHref=
408326 page=1 next=
# 2026-08-30T06:13:52.613Z
69385 page=1 fetchUrl=https://acm.timus.ru/status.aspx?space=1&author=69385&count=100&locale=en
69385 page=1 pageSubmissions=100
69385 page=1 submissionsAfterChallengeStart=100
69385 page=1 nextHref=status.aspx?space=1&amp;author=69385&amp;from=11241301
69385 page=1 next=/status.aspx?space=1&author=69385&from=11241301
69385 page=2 fetchUrl=https://acm.timus.ru/status.aspx?space=1&author=69385&from=11241301
69385 page=2 pageSubmissions=10
69385 page=2 submissionsAfterChallengeStart=10
69385 page=2 nextHref=status.aspx?space=1&amp;author=69385&amp;from=11240680
69385 page=2 next=/status.aspx?space=1&author=69385&from=11240680
69385 page=3 fetchUrl=https://acm.timus.ru/status.aspx?space=1&author=69385&from=11240680
69385 page=3 pageSubmissions=10
69385 page=3 submissionsAfterChallengeStart=10
69385 page=3 nextHref=status.aspx?space=1&amp;author=69385&amp;from=11240576
69385 page=3 next=/status.aspx?space=1&author=69385&from=11240576
69385 page=4 fetchUrl=https://acm.timus.ru/status.aspx?space=1&author=69385&from=11240576
69385 page=4 pageSubmissions=10
69385 page=4 submissionsAfterChallengeStart=5
69385 page=4 nextHref=status.aspx?space=1&amp;author=69385&amp;from=9460282
69385 page=4 next=
408257 page=1 fetchUrl=https://acm.timus.ru/status.aspx?space=1&author=408257&count=100&locale=en
408257 page=1 pageSubmissions=81
408257 page=1 submissionsAfterChallengeStart=81
408257 page=1 nextHref=
408257 page=1 next=
408279 page=1 fetchUrl=https://acm.timus.ru/status.aspx?space=1&author=408279&count=100&locale=en
408279 page=1 pageSubmissions=1
408279 page=1 submissionsAfterChallengeStart=1
408279 page=1 nextHref=
408279 page=1 next=
408277 page=1 fetchUrl=https://acm.timus.ru/status.aspx?space=1&author=408277&count=100&locale=en
408277 page=1 pageSubmissions=6
408277 page=1 submissionsAfterChallengeStart=6
408277 page=1 nextHref=
408277 page=1 next=
408280 page=1 fetchUrl=https://acm.timus.ru/status.aspx?space=1&author=408280&count=100&locale=en
408280 page=1 pageSubmissions=26
408280 page=1 submissionsAfterChallengeStart=26
408280 page=1 nextHref=
408280 page=1 next=
408281 page=1 fetchUrl=https://acm.timus.ru/status.aspx?space=1&author=408281&count=100&locale=en
408281 page=1 pageSubmissions=0
408281 page=1 submissionsAfterChallengeStart=0
408281 page=1 nextHref=
408281 page=1 next=
408282 page=1 fetchUrl=https://acm.timus.ru/status.aspx?space=1&author=408282&count=100&locale=en
408282 page=1 pageSubmissions=3
408282 page=1 submissionsAfterChallengeStart=3
408282 page=1 nextHref=
408282 page=1 next=
408283 page=1 fetchUrl=https://acm.timus.ru/status.aspx?space=1&author=408283&count=100&locale=en
408283 page=1 pageSubmissions=51
408283 page=1 submissionsAfterChallengeStart=51
408283 page=1 nextHref=
408283 page=1 next=
408292 page=1 fetchUrl=https://acm.timus.ru/status.aspx?space=1&author=408292&count=100&locale=en
408292 page=1 pageSubmissions=55
408292 page=1 submissionsAfterChallengeStart=55
408292 page=1 nextHref=
408292 page=1 next=
408293 page=1 fetchUrl=https://acm.timus.ru/status.aspx?space=1&author=408293&count=100&locale=en
408293 page=1 pageSubmissions=14
408293 page=1 submissionsAfterChallengeStart=14
408293 page=1 nextHref=
408293 page=1 next=
408296 page=1 fetchUrl=https://acm.timus.ru/status.aspx?space=1&author=408296&count=100&locale=en
408296 page=1 pageSubmissions=32
408296 page=1 submissionsAfterChallengeStart=32
408296 page=1 nextHref=
408296 page=1 next=
408294 page=1 fetchUrl=https://acm.timus.ru/status.aspx?space=1&author=408294&count=100&locale=en
408294 page=1 pageSubmissions=28
408294 page=1 submissionsAfterChallengeStart=28
408294 page=1 nextHref=
408294 page=1 next=
408298 page=1 fetchUrl=https://acm.timus.ru/status.aspx?space=1&author=408298&count=100&locale=en
408298 page=1 pageSubmissions=20
408298 page=1 submissionsAfterChallengeStart=20
408298 page=1 nextHref=
408298 page=1 next=
408303 page=1 fetchUrl=https://acm.timus.ru/status.aspx?space=1&author=408303&count=100&locale=en
408303 page=1 pageSubmissions=91
408303 page=1 submissionsAfterChallengeStart=91
408303 page=1 nextHref=
408303 page=1 next=
408307 page=1 fetchUrl=https://acm.timus.ru/status.aspx?space=1&author=408307&count=100&locale=en
408307 page=1 pageSubmissions=3
408307 page=1 submissionsAfterChallengeStart=3
408307 page=1 nextHref=
408307 page=1 next=
408311 page=1 fetchUrl=https://acm.timus.ru/status.aspx?space=1&author=408311&count=100&locale=en
408311 page=1 pageSubmissions=5
408311 page=1 submissionsAfterChallengeStart=5
408311 page=1 nextHref=
408311 page=1 next=
408323 page=1 fetchUrl=https://acm.timus.ru/status.aspx?space=1&author=408323&count=100&locale=en
408323 page=1 pageSubmissions=21
408323 page=1 submissionsAfterChallengeStart=21
408323 page=1 nextHref=
408323 page=1 next=
408301 page=1 fetchUrl=https://acm.timus.ru/status.aspx?space=1&author=408301&count=100&locale=en
408301 page=1 pageSubmissions=16
408301 page=1 submissionsAfterChallengeStart=16
408301 page=1 nextHref=
408301 page=1 next=
408326 page=1 fetchUrl=https://acm.timus.ru/status.aspx?space=1&author=408326&count=100&locale=en
408326 page=1 pageSubmissions=12
408326 page=1 submissionsAfterChallengeStart=12
408326 page=1 nextHref=
408326 page=1 next=
