# 2026-08-29T00:04:12.611Z
69385 page=1 fetchUrl=https://acm.timus.ru/status.aspx?space=1&author=69385&count=100&locale=en
69385 page=1 pageSubmissions=100
69385 page=1 submissionsAfterChallengeStart=100
69385 page=1 nextHref=status.aspx?space=1&amp;author=69385&amp;from=11241301
69385 page=1 next=/status.aspx?space=1&author=69385&from=11241301
69385 page=2 fetchUrl=https://acm.timus.ru/status.aspx?space=1&author=69385&from=11241301
69385 page=2 pageSubmissions=10
69385 page=2 submissionsAfterChallengeStart=10
69385 page=2 nextHref=status.aspx?space=1&amp;author=69385&amp;from=11240680
69385 page=2 next=/status.aspx?space=1&author=69385&from=11240680
69385 page=3 fetchUrl=https://acm.timus.ru/status.aspx?space=1&author=69385&from=11240680
69385 page=3 pageSubmissions=10
69385 page=3 submissionsAfterChallengeStart=10
69385 page=3 nextHref=status.aspx?space=1&amp;author=69385&amp;from=11240576
69385 page=3 next=/status.aspx?space=1&author=69385&from=11240576
69385 page=4 fetchUrl=https://acm.timus.ru/status.aspx?space=1&author=69385&from=11240576
69385 page=4 pageSubmissions=10
69385 page=4 submissionsAfterChallengeStart=5
69385 page=4 nextHref=status.aspx?space=1&amp;author=69385&amp;from=9460282
69385 page=4 next=
408257 page=1 fetchUrl=https://acm.timus.ru/status.aspx?space=1&author=408257&count=100&locale=en
408257 page=1 pageSubmissions=81
408257 page=1 submissionsAfterChallengeStart=81
408257 page=1 nextHref=
408257 page=1 next=
408279 page=1 fetchUrl=https://acm.timus.ru/status.aspx?space=1&author=408279&count=100&locale=en
408279 page=1 pageSubmissions=1
408279 page=1 submissionsAfterChallengeStart=1
408279 page=1 nextHref=
408279 page=1 next=
408277 page=1 fetchUrl=https://acm.timus.ru/status.aspx?space=1&author=408277&count=100&locale=en
408277 page=1 pageSubmissions=6
408277 page=1 submissionsAfterChallengeStart=6
408277 page=1 nextHref=
408277 page=1 next=
408280 page=1 fetchUrl=https://acm.timus.ru/status.aspx?space=1&author=408280&count=100&locale=en
408280 page=1 pageSubmissions=26
408280 page=1 submissionsAfterChallengeStart=26
408280 page=1 nextHref=
408280 page=1 next=
408281 page=1 fetchUrl=https://acm.timus.ru/status.aspx?space=1&author=408281&count=100&locale=en
408281 page=1 pageSubmissions=0
408281 page=1 submissionsAfterChallengeStart=0
408281 page=1 nextHref=
408281 page=1 next=
408282 page=1 fetchUrl=https://acm.timus.ru/status.aspx?space=1&author=408282&count=100&locale=en
408282 page=1 pageSubmissions=3
408282 page=1 submissionsAfterChallengeStart=3
408282 page=1 nextHref=
408282 page=1 next=
408283 page=1 fetchUrl=https://acm.timus.ru/status.aspx?space=1&author=408283&count=100&locale=en
408283 page=1 pageSubmissions=51
408283 page=1 submissionsAfterChallengeStart=51
408283 page=1 nextHref=
408283 page=1 next=
408292 page=1 fetchUrl=https://acm.timus.ru/status.aspx?space=1&author=408292&count=100&locale=en
408292 page=1 pageSubmissions=55
408292 page=1 submissionsAfterChallengeStart=55
408292 page=1 nextHref=
408292 page=1 next=
408293 page=1 fetchUrl=https://acm.timus.ru/status.aspx?space=1&author=408293&count=100&locale=en
408293 page=1 pageSubmissions=14
408293 page=1 submissionsAfterChallengeStart=14
408293 page=1 nextHref=
408293 page=1 next=
408296 page=1 fetchUrl=https://acm.timus.ru/status.aspx?space=1&author=408296&count=100&locale=en
408296 page=1 pageSubmissions=32
408296 page=1 submissionsAfterChallengeStart=32
408296 page=1 nextHref=
408296 page=1 next=
408294 page=1 fetchUrl=https://acm.timus.ru/status.aspx?space=1&author=408294&count=100&locale=en
408294 page=1 pageSubmissions=28
408294 page=1 submissionsAfterChallengeStart=28
408294 page=1 nextHref=
408294 page=1 next=
408298 page=1 fetchUrl=https://acm.timus.ru/status.aspx?space=1&author=408298&count=100&locale=en
408298 page=1 pageSubmissions=20
408298 page=1 submissionsAfterChallengeStart=20
408298 page=1 nextHref=
408298 page=1 next=
408303 page=1 fetchUrl=https://acm.timus.ru/status.aspx?space=1&author=408303&count=100&locale=en
408303 page=1 pageSubmissions=91
408303 page=1 submissionsAfterChallengeStart=91
408303 page=1 nextHref=
408303 page=1 next=
408307 page=1 fetchUrl=https://acm.timus.ru/status.aspx?space=1&author=408307&count=100&locale=en
408307 page=1 pageSubmissions=3
408307 page=1 submissionsAfterChallengeStart=3
408307 page=1 nextHref=
408307 page=1 next=
408311 page=1 fetchUrl=https://acm.timus.ru/status.aspx?space=1&author=408311&count=100&locale=en
408311 page=1 pageSubmissions=5
408311 page=1 submissionsAfterChallengeStart=5
408311 page=1 nextHref=
408311 page=1 next=
408323 page=1 fetchUrl=https://acm.timus.ru/status.aspx?space=1&author=408323&count=100&locale=en
408323 page=1 pageSubmissions=21
408323 page=1 submissionsAfterChallengeStart=21
408323 page=1 nextHref=
408323 page=1 next=
408301 page=1 fetchUrl=https://acm.timus.ru/status.aspx?space=1&author=408301&count=100&locale=en
408301 page=1 pageSubmissions=16
408301 page=1 submissionsAfterChallengeStart=16
408301 page=1 nextHref=
408301 page=1 next=
408326 page=1 fetchUrl=https://acm.timus.ru/status.aspx?space=1&author=408326&count=100&locale=en
408326 page=1 pageSubmissions=12
408326 page=1 submissionsAfterChallengeStart=12
408326 page=1 nextHref=
408326 page=1 next=
# 2026-08-29T00:09:13.568Z
69385 page=1 fetchUrl=https://acm.timus.ru/status.aspx?space=1&author=69385&count=100&locale=en
69385 page=1 pageSubmissions=100
69385 page=1 submissionsAfterChallengeStart=100
69385 page=1 nextHref=status.aspx?space=1&amp;author=69385&amp;from=11241301
69385 page=1 next=/status.aspx?space=1&author=69385&from=11241301
69385 page=2 fetchUrl=https://acm.timus.ru/status.aspx?space=1&author=69385&from=11241301
69385 page=2 pageSubmissions=10
69385 page=2 submissionsAfterChallengeStart=10
69385 page=2 nextHref=status.aspx?space=1&amp;author=69385&amp;from=11240680
69385 page=2 next=/status.aspx?space=1&author=69385&from=11240680
69385 page=3 fetchUrl=https://acm.timus.ru/status.aspx?space=1&author=69385&from=11240680
69385 page=3 pageSubmissions=10
69385 page=3 submissionsAfterChallengeStart=10
69385 page=3 nextHref=status.aspx?space=1&amp;author=69385&amp;from=11240576
69385 page=3 next=/status.aspx?space=1&author=69385&from=11240576
69385 page=4 fetchUrl=https://acm.timus.ru/status.aspx?space=1&author=69385&from=11240576
69385 page=4 pageSubmissions=10
69385 page=4 submissionsAfterChallengeStart=5
69385 page=4 nextHref=status.aspx?space=1&amp;author=69385&amp;from=9460282
69385 page=4 next=
408257 page=1 fetchUrl=https://acm.timus.ru/status.aspx?space=1&author=408257&count=100&locale=en
408257 page=1 pageSubmissions=81
408257 page=1 submissionsAfterChallengeStart=81
408257 page=1 nextHref=
408257 page=1 next=
408279 page=1 fetchUrl=https://acm.timus.ru/status.aspx?space=1&author=408279&count=100&locale=en
408279 page=1 pageSubmissions=1
408279 page=1 submissionsAfterChallengeStart=1
408279 page=1 nextHref=
408279 page=1 next=
408277 page=1 fetchUrl=https://acm.timus.ru/status.aspx?space=1&author=408277&count=100&locale=en
408277 page=1 pageSubmissions=6
408277 page=1 submissionsAfterChallengeStart=6
408277 page=1 nextHref=
408277 page=1 next=
408280 page=1 fetchUrl=https://acm.timus.ru/status.aspx?space=1&author=408280&count=100&locale=en
408280 page=1 pageSubmissions=26
408280 page=1 submissionsAfterChallengeStart=26
408280 page=1 nextHref=
408280 page=1 next=
408281 page=1 fetchUrl=https://acm.timus.ru/status.aspx?space=1&author=408281&count=100&locale=en
408281 page=1 pageSubmissions=0
408281 page=1 submissionsAfterChallengeStart=0
408281 page=1 nextHref=
408281 page=1 next=
408282 page=1 fetchUrl=https://acm.timus.ru/status.aspx?space=1&author=408282&count=100&locale=en
408282 page=1 pageSubmissions=3
408282 page=1 submissionsAfterChallengeStart=3
408282 page=1 nextHref=
408282 page=1 next=
408283 page=1 fetchUrl=https://acm.timus.ru/status.aspx?space=1&author=408283&count=100&locale=en
408283 page=1 pageSubmissions=51
408283 page=1 submissionsAfterChallengeStart=51
408283 page=1 nextHref=
408283 page=1 next=
408292 page=1 fetchUrl=https://acm.timus.ru/status.aspx?space=1&author=408292&count=100&locale=en
408292 page=1 pageSubmissions=55
408292 page=1 submissionsAfterChallengeStart=55
408292 page=1 nextHref=
408292 page=1 next=
408293 page=1 fetchUrl=https://acm.timus.ru/status.aspx?space=1&author=408293&count=100&locale=en
408293 page=1 pageSubmissions=14
408293 page=1 submissionsAfterChallengeStart=14
408293 page=1 nextHref=
408293 page=1 next=
408296 page=1 fetchUrl=https://acm.timus.ru/status.aspx?space=1&author=408296&count=100&locale=en
408296 page=1 pageSubmissions=32
408296 page=1 submissionsAfterChallengeStart=32
408296 page=1 nextHref=
408296 page=1 next=
408294 page=1 fetchUrl=https://acm.timus.ru/status.aspx?space=1&author=408294&count=100&locale=en
408294 page=1 pageSubmissions=28
408294 page=1 submissionsAfterChallengeStart=28
408294 page=1 nextHref=
408294 page=1 next=
408298 page=1 fetchUrl=https://acm.timus.ru/status.aspx?space=1&author=408298&count=100&locale=en
408298 page=1 pageSubmissions=20
408298 page=1 submissionsAfterChallengeStart=20
408298 page=1 nextHref=
408298 page=1 next=
408303 page=1 fetchUrl=https://acm.timus.ru/status.aspx?space=1&author=408303&count=100&locale=en
408303 page=1 pageSubmissions=91
408303 page=1 submissionsAfterChallengeStart=91
408303 page=1 nextHref=
408303 page=1 next=
408307 page=1 fetchUrl=https://acm.timus.ru/status.aspx?space=1&author=408307&count=100&locale=en
408307 page=1 pageSubmissions=3
408307 page=1 submissionsAfterChallengeStart=3
408307 page=1 nextHref=
408307 page=1 next=
408311 page=1 fetchUrl=https://acm.timus.ru/status.aspx?space=1&author=408311&count=100&locale=en
408311 page=1 pageSubmissions=5
408311 page=1 submissionsAfterChallengeStart=5
408311 page=1 nextHref=
408311 page=1 next=
408323 page=1 fetchUrl=https://acm.timus.ru/status.aspx?space=1&author=408323&count=100&locale=en
408323 page=1 pageSubmissions=21
408323 page=1 submissionsAfterChallengeStart=21
408323 page=1 nextHref=
408323 page=1 next=
408301 page=1 fetchUrl=https://acm.timus.ru/status.aspx?space=1&author=408301&count=100&locale=en
408301 page=1 pageSubmissions=16
408301 page=1 submissionsAfterChallengeStart=16
408301 page=1 nextHref=
408301 page=1 next=
408326 page=1 fetchUrl=https://acm.timus.ru/status.aspx?space=1&author=408326&count=100&locale=en
408326 page=1 pageSubmissions=12
408326 page=1 submissionsAfterChallengeStart=12
408326 page=1 nextHref=
408326 page=1 next=
# 2026-08-29T00:14:14.749Z
69385 page=1 fetchUrl=https://acm.timus.ru/status.aspx?space=1&author=69385&count=100&locale=en
69385 page=1 pageSubmissions=100
69385 page=1 submissionsAfterChallengeStart=100
69385 page=1 nextHref=status.aspx?space=1&amp;author=69385&amp;from=11241301
69385 page=1 next=/status.aspx?space=1&author=69385&from=11241301
69385 page=2 fetchUrl=https://acm.timus.ru/status.aspx?space=1&author=69385&from=11241301
69385 page=2 pageSubmissions=10
69385 page=2 submissionsAfterChallengeStart=10
69385 page=2 nextHref=status.aspx?space=1&amp;author=69385&amp;from=11240680
69385 page=2 next=/status.aspx?space=1&author=69385&from=11240680
69385 page=3 fetchUrl=https://acm.timus.ru/status.aspx?space=1&author=69385&from=11240680
69385 page=3 pageSubmissions=10
69385 page=3 submissionsAfterChallengeStart=10
69385 page=3 nextHref=status.aspx?space=1&amp;author=69385&amp;from=11240576
69385 page=3 next=/status.aspx?space=1&author=69385&from=11240576
69385 page=4 fetchUrl=https://acm.timus.ru/status.aspx?space=1&author=69385&from=11240576
69385 page=4 pageSubmissions=10
69385 page=4 submissionsAfterChallengeStart=5
69385 page=4 nextHref=status.aspx?space=1&amp;author=69385&amp;from=9460282
69385 page=4 next=
408257 page=1 fetchUrl=https://acm.timus.ru/status.aspx?space=1&author=408257&count=100&locale=en
408257 page=1 pageSubmissions=81
408257 page=1 submissionsAfterChallengeStart=81
408257 page=1 nextHref=
408257 page=1 next=
408279 page=1 fetchUrl=https://acm.timus.ru/status.aspx?space=1&author=408279&count=100&locale=en
408279 page=1 pageSubmissions=1
408279 page=1 submissionsAfterChallengeStart=1
408279 page=1 nextHref=
408279 page=1 next=
408277 page=1 fetchUrl=https://acm.timus.ru/status.aspx?space=1&author=408277&count=100&locale=en
408277 page=1 pageSubmissions=6
408277 page=1 submissionsAfterChallengeStart=6
408277 page=1 nextHref=
408277 page=1 next=
408280 page=1 fetchUrl=https://acm.timus.ru/status.aspx?space=1&author=408280&count=100&locale=en
408280 page=1 pageSubmissions=26
408280 page=1 submissionsAfterChallengeStart=26
408280 page=1 nextHref=
408280 page=1 next=
408281 page=1 fetchUrl=https://acm.timus.ru/status.aspx?space=1&author=408281&count=100&locale=en
408281 page=1 pageSubmissions=0
408281 page=1 submissionsAfterChallengeStart=0
408281 page=1 nextHref=
408281 page=1 next=
408282 page=1 fetchUrl=https://acm.timus.ru/status.aspx?space=1&author=408282&count=100&locale=en
408282 page=1 pageSubmissions=3
408282 page=1 submissionsAfterChallengeStart=3
408282 page=1 nextHref=
408282 page=1 next=
408283 page=1 fetchUrl=https://acm.timus.ru/status.aspx?space=1&author=408283&count=100&locale=en
408283 page=1 pageSubmissions=51
408283 page=1 submissionsAfterChallengeStart=51
408283 page=1 nextHref=
408283 page=1 next=
408292 page=1 fetchUrl=https://acm.timus.ru/status.aspx?space=1&author=408292&count=100&locale=en
408292 page=1 pageSubmissions=55
408292 page=1 submissionsAfterChallengeStart=55
408292 page=1 nextHref=
408292 page=1 next=
408293 page=1 fetchUrl=https://acm.timus.ru/status.aspx?space=1&author=408293&count=100&locale=en
408293 page=1 pageSubmissions=14
408293 page=1 submissionsAfterChallengeStart=14
408293 page=1 nextHref=
408293 page=1 next=
408296 page=1 fetchUrl=https://acm.timus.ru/status.aspx?space=1&author=408296&count=100&locale=en
408296 page=1 pageSubmissions=32
408296 page=1 submissionsAfterChallengeStart=32
408296 page=1 nextHref=
408296 page=1 next=
408294 page=1 fetchUrl=https://acm.timus.ru/status.aspx?space=1&author=408294&count=100&locale=en
408294 page=1 pageSubmissions=28
408294 page=1 submissionsAfterChallengeStart=28
408294 page=1 nextHref=
408294 page=1 next=
408298 page=1 fetchUrl=https://acm.timus.ru/status.aspx?space=1&author=408298&count=100&locale=en
408298 page=1 pageSubmissions=20
408298 page=1 submissionsAfterChallengeStart=20
408298 page=1 nextHref=
408298 page=1 next=
408303 page=1 fetchUrl=https://acm.timus.ru/status.aspx?space=1&author=408303&count=100&locale=en
408303 page=1 pageSubmissions=91
408303 page=1 submissionsAfterChallengeStart=91
408303 page=1 nextHref=
408303 page=1 next=
408307 page=1 fetchUrl=https://acm.timus.ru/status.aspx?space=1&author=408307&count=100&locale=en
408307 page=1 pageSubmissions=3
408307 page=1 submissionsAfterChallengeStart=3
408307 page=1 nextHref=
408307 page=1 next=
408311 page=1 fetchUrl=https://acm.timus.ru/status.aspx?space=1&author=408311&count=100&locale=en
408311 page=1 pageSubmissions=5
408311 page=1 submissionsAfterChallengeStart=5
408311 page=1 nextHref=
408311 page=1 next=
408323 page=1 fetchUrl=https://acm.timus.ru/status.aspx?space=1&author=408323&count=100&locale=en
408323 page=1 pageSubmissions=21
408323 page=1 submissionsAfterChallengeStart=21
408323 page=1 nextHref=
408323 page=1 next=
408301 page=1 fetchUrl=https://acm.timus.ru/status.aspx?space=1&author=408301&count=100&locale=en
408301 page=1 pageSubmissions=16
408301 page=1 submissionsAfterChallengeStart=16
408301 page=1 nextHref=
408301 page=1 next=
408326 page=1 fetchUrl=https://acm.timus.ru/status.aspx?space=1&author=408326&count=100&locale=en
408326 page=1 pageSubmissions=12
408326 page=1 submissionsAfterChallengeStart=12
408326 page=1 nextHref=
408326 page=1 next=
# 2026-08-29T00:19:16.244Z
69385 page=1 fetchUrl=https://acm.timus.ru/status.aspx?space=1&author=69385&count=100&locale=en
69385 page=1 pageSubmissions=100
69385 page=1 submissionsAfterChallengeStart=100
69385 page=1 nextHref=status.aspx?space=1&amp;author=69385&amp;from=11241301
69385 page=1 next=/status.aspx?space=1&author=69385&from=11241301
69385 page=2 fetchUrl=https://acm.timus.ru/status.aspx?space=1&author=69385&from=11241301
69385 page=2 pageSubmissions=10
69385 page=2 submissionsAfterChallengeStart=10
69385 page=2 nextHref=status.aspx?space=1&amp;author=69385&amp;from=11240680
69385 page=2 next=/status.aspx?space=1&author=69385&from=11240680
69385 page=3 fetchUrl=https://acm.timus.ru/status.aspx?space=1&author=69385&from=11240680
69385 page=3 pageSubmissions=10
69385 page=3 submissionsAfterChallengeStart=10
69385 page=3 nextHref=status.aspx?space=1&amp;author=69385&amp;from=11240576
69385 page=3 next=/status.aspx?space=1&author=69385&from=11240576
69385 page=4 fetchUrl=https://acm.timus.ru/status.aspx?space=1&author=69385&from=11240576
69385 page=4 pageSubmissions=10
69385 page=4 submissionsAfterChallengeStart=5
69385 page=4 nextHref=status.aspx?space=1&amp;author=69385&amp;from=9460282
69385 page=4 next=
408257 page=1 fetchUrl=https://acm.timus.ru/status.aspx?space=1&author=408257&count=100&locale=en
408257 page=1 pageSubmissions=81
408257 page=1 submissionsAfterChallengeStart=81
408257 page=1 nextHref=
408257 page=1 next=
408279 page=1 fetchUrl=https://acm.timus.ru/status.aspx?space=1&author=408279&count=100&locale=en
408279 page=1 pageSubmissions=1
408279 page=1 submissionsAfterChallengeStart=1
408279 page=1 nextHref=
408279 page=1 next=
408277 page=1 fetchUrl=https://acm.timus.ru/status.aspx?space=1&author=408277&count=100&locale=en
408277 page=1 pageSubmissions=6
408277 page=1 submissionsAfterChallengeStart=6
408277 page=1 nextHref=
408277 page=1 next=
408280 page=1 fetchUrl=https://acm.timus.ru/status.aspx?space=1&author=408280&count=100&locale=en
408280 page=1 pageSubmissions=26
408280 page=1 submissionsAfterChallengeStart=26
408280 page=1 nextHref=
408280 page=1 next=
408281 page=1 fetchUrl=https://acm.timus.ru/status.aspx?space=1&author=408281&count=100&locale=en
408281 page=1 pageSubmissions=0
408281 page=1 submissionsAfterChallengeStart=0
408281 page=1 nextHref=
408281 page=1 next=
408282 page=1 fetchUrl=https://acm.timus.ru/status.aspx?space=1&author=408282&count=100&locale=en
408282 page=1 pageSubmissions=3
408282 page=1 submissionsAfterChallengeStart=3
408282 page=1 nextHref=
408282 page=1 next=
408283 page=1 fetchUrl=https://acm.timus.ru/status.aspx?space=1&author=408283&count=100&locale=en
408283 page=1 pageSubmissions=51
408283 page=1 submissionsAfterChallengeStart=51
408283 page=1 nextHref=
408283 page=1 next=
408292 page=1 fetchUrl=https://acm.timus.ru/status.aspx?space=1&author=408292&count=100&locale=en
408292 page=1 pageSubmissions=55
408292 page=1 submissionsAfterChallengeStart=55
408292 page=1 nextHref=
408292 page=1 next=
408293 page=1 fetchUrl=https://acm.timus.ru/status.aspx?space=1&author=408293&count=100&locale=en
408293 page=1 pageSubmissions=14
408293 page=1 submissionsAfterChallengeStart=14
408293 page=1 nextHref=
408293 page=1 next=
408296 page=1 fetchUrl=https://acm.timus.ru/status.aspx?space=1&author=408296&count=100&locale=en
408296 page=1 pageSubmissions=32
408296 page=1 submissionsAfterChallengeStart=32
408296 page=1 nextHref=
408296 page=1 next=
408294 page=1 fetchUrl=https://acm.timus.ru/status.aspx?space=1&author=408294&count=100&locale=en
408294 page=1 pageSubmissions=28
408294 page=1 submissionsAfterChallengeStart=28
408294 page=1 nextHref=
408294 page=1 next=
408298 page=1 fetchUrl=https://acm.timus.ru/status.aspx?space=1&author=408298&count=100&locale=en
408298 page=1 pageSubmissions=20
408298 page=1 submissionsAfterChallengeStart=20
408298 page=1 nextHref=
408298 page=1 next=
408303 page=1 fetchUrl=https://acm.timus.ru/status.aspx?space=1&author=408303&count=100&locale=en
408303 page=1 pageSubmissions=91
408303 page=1 submissionsAfterChallengeStart=91
408303 page=1 nextHref=
408303 page=1 next=
408307 page=1 fetchUrl=https://acm.timus.ru/status.aspx?space=1&author=408307&count=100&locale=en
408307 page=1 pageSubmissions=3
408307 page=1 submissionsAfterChallengeStart=3
408307 page=1 nextHref=
408307 page=1 next=
408311 page=1 fetchUrl=https://acm.timus.ru/status.aspx?space=1&author=408311&count=100&locale=en
408311 page=1 pageSubmissions=5
408311 page=1 submissionsAfterChallengeStart=5
408311 page=1 nextHref=
408311 page=1 next=
408323 page=1 fetchUrl=https://acm.timus.ru/status.aspx?space=1&author=408323&count=100&locale=en
408323 page=1 pageSubmissions=21
408323 page=1 submissionsAfterChallengeStart=21
408323 page=1 nextHref=
408323 page=1 next=
408301 page=1 fetchUrl=https://acm.timus.ru/status.aspx?space=1&author=408301&count=100&locale=en
408301 page=1 pageSubmissions=16
408301 page=1 submissionsAfterChallengeStart=16
408301 page=1 nextHref=
408301 page=1 next=
408326 page=1 fetchUrl=https://acm.timus.ru/status.aspx?space=1&author=408326&count=100&locale=en
408326 page=1 pageSubmissions=12
408326 page=1 submissionsAfterChallengeStart=12
408326 page=1 nextHref=
408326 page=1 next=
# 2026-08-29T00:24:17.368Z
69385 page=1 fetchUrl=https://acm.timus.ru/status.aspx?space=1&author=69385&count=100&locale=en
69385 page=1 pageSubmissions=100
69385 page=1 submissionsAfterChallengeStart=100
69385 page=1 nextHref=status.aspx?space=1&amp;author=69385&amp;from=11241301
69385 page=1 next=/status.aspx?space=1&author=69385&from=11241301
69385 page=2 fetchUrl=https://acm.timus.ru/status.aspx?space=1&author=69385&from=11241301
69385 page=2 pageSubmissions=10
69385 page=2 submissionsAfterChallengeStart=10
69385 page=2 nextHref=status.aspx?space=1&amp;author=69385&amp;from=11240680
69385 page=2 next=/status.aspx?space=1&author=69385&from=11240680
69385 page=3 fetchUrl=https://acm.timus.ru/status.aspx?space=1&author=69385&from=11240680
69385 page=3 pageSubmissions=10
69385 page=3 submissionsAfterChallengeStart=10
69385 page=3 nextHref=status.aspx?space=1&amp;author=69385&amp;from=11240576
69385 page=3 next=/status.aspx?space=1&author=69385&from=11240576
69385 page=4 fetchUrl=https://acm.timus.ru/status.aspx?space=1&author=69385&from=11240576
69385 page=4 pageSubmissions=10
69385 page=4 submissionsAfterChallengeStart=5
69385 page=4 nextHref=status.aspx?space=1&amp;author=69385&amp;from=9460282
69385 page=4 next=
408257 page=1 fetchUrl=https://acm.timus.ru/status.aspx?space=1&author=408257&count=100&locale=en
408257 page=1 pageSubmissions=81
408257 page=1 submissionsAfterChallengeStart=81
408257 page=1 nextHref=
408257 page=1 next=
408279 page=1 fetchUrl=https://acm.timus.ru/status.aspx?space=1&author=408279&count=100&locale=en
408279 page=1 pageSubmissions=1
408279 page=1 submissionsAfterChallengeStart=1
408279 page=1 nextHref=
408279 page=1 next=
408277 page=1 fetchUrl=https://acm.timus.ru/status.aspx?space=1&author=408277&count=100&locale=en
408277 page=1 pageSubmissions=6
408277 page=1 submissionsAfterChallengeStart=6
408277 page=1 nextHref=
408277 page=1 next=
408280 page=1 fetchUrl=https://acm.timus.ru/status.aspx?space=1&author=408280&count=100&locale=en
408280 page=1 pageSubmissions=26
408280 page=1 submissionsAfterChallengeStart=26
408280 page=1 nextHref=
408280 page=1 next=
408281 page=1 fetchUrl=https://acm.timus.ru/status.aspx?space=1&author=408281&count=100&locale=en
408281 page=1 pageSubmissions=0
408281 page=1 submissionsAfterChallengeStart=0
408281 page=1 nextHref=
408281 page=1 next=
408282 page=1 fetchUrl=https://acm.timus.ru/status.aspx?space=1&author=408282&count=100&locale=en
408282 page=1 pageSubmissions=3
408282 page=1 submissionsAfterChallengeStart=3
408282 page=1 nextHref=
408282 page=1 next=
408283 page=1 fetchUrl=https://acm.timus.ru/status.aspx?space=1&author=408283&count=100&locale=en
408283 page=1 pageSubmissions=51
408283 page=1 submissionsAfterChallengeStart=51
408283 page=1 nextHref=
408283 page=1 next=
408292 page=1 fetchUrl=https://acm.timus.ru/status.aspx?space=1&author=408292&count=100&locale=en
408292 page=1 pageSubmissions=55
408292 page=1 submissionsAfterChallengeStart=55
408292 page=1 nextHref=
408292 page=1 next=
408293 page=1 fetchUrl=https://acm.timus.ru/status.aspx?space=1&author=408293&count=100&locale=en
408293 page=1 pageSubmissions=14
408293 page=1 submissionsAfterChallengeStart=14
408293 page=1 nextHref=
408293 page=1 next=
408296 page=1 fetchUrl=https://acm.timus.ru/status.aspx?space=1&author=408296&count=100&locale=en
408296 page=1 pageSubmissions=32
408296 page=1 submissionsAfterChallengeStart=32
408296 page=1 nextHref=
408296 page=1 next=
408294 page=1 fetchUrl=https://acm.timus.ru/status.aspx?space=1&author=408294&count=100&locale=en
408294 page=1 pageSubmissions=28
408294 page=1 submissionsAfterChallengeStart=28
408294 page=1 nextHref=
408294 page=1 next=
408298 page=1 fetchUrl=https://acm.timus.ru/status.aspx?space=1&author=408298&count=100&locale=en
408298 page=1 pageSubmissions=20
408298 page=1 submissionsAfterChallengeStart=20
408298 page=1 nextHref=
408298 page=1 next=
408303 page=1 fetchUrl=https://acm.timus.ru/status.aspx?space=1&author=408303&count=100&locale=en
408303 page=1 pageSubmissions=91
408303 page=1 submissionsAfterChallengeStart=91
408303 page=1 nextHref=
408303 page=1 next=
408307 page=1 fetchUrl=https://acm.timus.ru/status.aspx?space=1&author=408307&count=100&locale=en
408307 page=1 pageSubmissions=3
408307 page=1 submissionsAfterChallengeStart=3
408307 page=1 nextHref=
408307 page=1 next=
408311 page=1 fetchUrl=https://acm.timus.ru/status.aspx?space=1&author=408311&count=100&locale=en
408311 page=1 pageSubmissions=5
408311 page=1 submissionsAfterChallengeStart=5
408311 page=1 nextHref=
408311 page=1 next=
408323 page=1 fetchUrl=https://acm.timus.ru/status.aspx?space=1&author=408323&count=100&locale=en
408323 page=1 pageSubmissions=21
408323 page=1 submissionsAfterChallengeStart=21
408323 page=1 nextHref=
408323 page=1 next=
408301 page=1 fetchUrl=https://acm.timus.ru/status.aspx?space=1&author=408301&count=100&locale=en
408301 page=1 pageSubmissions=16
408301 page=1 submissionsAfterChallengeStart=16
408301 page=1 nextHref=
408301 page=1 next=
408326 page=1 fetchUrl=https://acm.timus.ru/status.aspx?space=1&author=408326&count=100&locale=en
408326 page=1 pageSubmissions=12
408326 page=1 submissionsAfterChallengeStart=12
408326 page=1 nextHref=
408326 page=1 next=
# 2026-08-29T00:29:18.116Z
69385 page=1 fetchUrl=https://acm.timus.ru/status.aspx?space=1&author=69385&count=100&locale=en
69385 page=1 pageSubmissions=100
69385 page=1 submissionsAfterChallengeStart=100
69385 page=1 nextHref=status.aspx?space=1&amp;author=69385&amp;from=11241301
69385 page=1 next=/status.aspx?space=1&author=69385&from=11241301
69385 page=2 fetchUrl=https://acm.timus.ru/status.aspx?space=1&author=69385&from=11241301
69385 page=2 pageSubmissions=10
69385 page=2 submissionsAfterChallengeStart=10
69385 page=2 nextHref=status.aspx?space=1&amp;author=69385&amp;from=11240680
69385 page=2 next=/status.aspx?space=1&author=69385&from=11240680
69385 page=3 fetchUrl=https://acm.timus.ru/status.aspx?space=1&author=69385&from=11240680
69385 page=3 pageSubmissions=10
69385 page=3 submissionsAfterChallengeStart=10
69385 page=3 nextHref=status.aspx?space=1&amp;author=69385&amp;from=11240576
69385 page=3 next=/status.aspx?space=1&author=69385&from=11240576
69385 page=4 fetchUrl=https://acm.timus.ru/status.aspx?space=1&author=69385&from=11240576
69385 page=4 pageSubmissions=10
69385 page=4 submissionsAfterChallengeStart=5
69385 page=4 nextHref=status.aspx?space=1&amp;author=69385&amp;from=9460282
69385 page=4 next=
408257 page=1 fetchUrl=https://acm.timus.ru/status.aspx?space=1&author=408257&count=100&locale=en
408257 page=1 pageSubmissions=81
408257 page=1 submissionsAfterChallengeStart=81
408257 page=1 nextHref=
408257 page=1 next=
408279 page=1 fetchUrl=https://acm.timus.ru/status.aspx?space=1&author=408279&count=100&locale=en
408279 page=1 pageSubmissions=1
408279 page=1 submissionsAfterChallengeStart=1
408279 page=1 nextHref=
408279 page=1 next=
408277 page=1 fetchUrl=https://acm.timus.ru/status.aspx?space=1&author=408277&count=100&locale=en
408277 page=1 pageSubmissions=6
408277 page=1 submissionsAfterChallengeStart=6
408277 page=1 nextHref=
408277 page=1 next=
408280 page=1 fetchUrl=https://acm.timus.ru/status.aspx?space=1&author=408280&count=100&locale=en
408280 page=1 pageSubmissions=26
408280 page=1 submissionsAfterChallengeStart=26
408280 page=1 nextHref=
408280 page=1 next=
408281 page=1 fetchUrl=https://acm.timus.ru/status.aspx?space=1&author=408281&count=100&locale=en
408281 page=1 pageSubmissions=0
408281 page=1 submissionsAfterChallengeStart=0
408281 page=1 nextHref=
408281 page=1 next=
408282 page=1 fetchUrl=https://acm.timus.ru/status.aspx?space=1&author=408282&count=100&locale=en
408282 page=1 pageSubmissions=3
408282 page=1 submissionsAfterChallengeStart=3
408282 page=1 nextHref=
408282 page=1 next=
408283 page=1 fetchUrl=https://acm.timus.ru/status.aspx?space=1&author=408283&count=100&locale=en
408283 page=1 pageSubmissions=51
408283 page=1 submissionsAfterChallengeStart=51
408283 page=1 nextHref=
408283 page=1 next=
408292 page=1 fetchUrl=https://acm.timus.ru/status.aspx?space=1&author=408292&count=100&locale=en
408292 page=1 pageSubmissions=55
408292 page=1 submissionsAfterChallengeStart=55
408292 page=1 nextHref=
408292 page=1 next=
408293 page=1 fetchUrl=https://acm.timus.ru/status.aspx?space=1&author=408293&count=100&locale=en
408293 page=1 pageSubmissions=14
408293 page=1 submissionsAfterChallengeStart=14
408293 page=1 nextHref=
408293 page=1 next=
408296 page=1 fetchUrl=https://acm.timus.ru/status.aspx?space=1&author=408296&count=100&locale=en
408296 page=1 pageSubmissions=32
408296 page=1 submissionsAfterChallengeStart=32
408296 page=1 nextHref=
408296 page=1 next=
408294 page=1 fetchUrl=https://acm.timus.ru/status.aspx?space=1&author=408294&count=100&locale=en
408294 page=1 pageSubmissions=28
408294 page=1 submissionsAfterChallengeStart=28
408294 page=1 nextHref=
408294 page=1 next=
408298 page=1 fetchUrl=https://acm.timus.ru/status.aspx?space=1&author=408298&count=100&locale=en
408298 page=1 pageSubmissions=20
408298 page=1 submissionsAfterChallengeStart=20
408298 page=1 nextHref=
408298 page=1 next=
408303 page=1 fetchUrl=https://acm.timus.ru/status.aspx?space=1&author=408303&count=100&locale=en
408303 page=1 pageSubmissions=91
408303 page=1 submissionsAfterChallengeStart=91
408303 page=1 nextHref=
408303 page=1 next=
408307 page=1 fetchUrl=https://acm.timus.ru/status.aspx?space=1&author=408307&count=100&locale=en
408307 page=1 pageSubmissions=3
408307 page=1 submissionsAfterChallengeStart=3
408307 page=1 nextHref=
408307 page=1 next=
408311 page=1 fetchUrl=https://acm.timus.ru/status.aspx?space=1&author=408311&count=100&locale=en
408311 page=1 pageSubmissions=5
408311 page=1 submissionsAfterChallengeStart=5
408311 page=1 nextHref=
408311 page=1 next=
408323 page=1 fetchUrl=https://acm.timus.ru/status.aspx?space=1&author=408323&count=100&locale=en
408323 page=1 pageSubmissions=21
408323 page=1 submissionsAfterChallengeStart=21
408323 page=1 nextHref=
408323 page=1 next=
408301 page=1 fetchUrl=https://acm.timus.ru/status.aspx?space=1&author=408301&count=100&locale=en
408301 page=1 pageSubmissions=16
408301 page=1 submissionsAfterChallengeStart=16
408301 page=1 nextHref=
408301 page=1 next=
408326 page=1 fetchUrl=https://acm.timus.ru/status.aspx?space=1&author=408326&count=100&locale=en
408326 page=1 pageSubmissions=12
408326 page=1 submissionsAfterChallengeStart=12
408326 page=1 nextHref=
408326 page=1 next=
# 2026-08-29T00:34:12.855Z
69385 page=1 fetchUrl=https://acm.timus.ru/status.aspx?space=1&author=69385&count=100&locale=en
69385 page=1 pageSubmissions=100
69385 page=1 submissionsAfterChallengeStart=100
69385 page=1 nextHref=status.aspx?space=1&amp;author=69385&amp;from=11241301
69385 page=1 next=/status.aspx?space=1&author=69385&from=11241301
69385 page=2 fetchUrl=https://acm.timus.ru/status.aspx?space=1&author=69385&from=11241301
69385 page=2 pageSubmissions=10
69385 page=2 submissionsAfterChallengeStart=10
69385 page=2 nextHref=status.aspx?space=1&amp;author=69385&amp;from=11240680
69385 page=2 next=/status.aspx?space=1&author=69385&from=11240680
69385 page=3 fetchUrl=https://acm.timus.ru/status.aspx?space=1&author=69385&from=11240680
69385 page=3 pageSubmissions=10
69385 page=3 submissionsAfterChallengeStart=10
69385 page=3 nextHref=status.aspx?space=1&amp;author=69385&amp;from=11240576
69385 page=3 next=/status.aspx?space=1&author=69385&from=11240576
69385 page=4 fetchUrl=https://acm.timus.ru/status.aspx?space=1&author=69385&from=11240576
69385 page=4 pageSubmissions=10
69385 page=4 submissionsAfterChallengeStart=5
69385 page=4 nextHref=status.aspx?space=1&amp;author=69385&amp;from=9460282
69385 page=4 next=
408257 page=1 fetchUrl=https://acm.timus.ru/status.aspx?space=1&author=408257&count=100&locale=en
408257 page=1 pageSubmissions=81
408257 page=1 submissionsAfterChallengeStart=81
408257 page=1 nextHref=
408257 page=1 next=
408279 page=1 fetchUrl=https://acm.timus.ru/status.aspx?space=1&author=408279&count=100&locale=en
408279 page=1 pageSubmissions=1
408279 page=1 submissionsAfterChallengeStart=1
408279 page=1 nextHref=
408279 page=1 next=
408277 page=1 fetchUrl=https://acm.timus.ru/status.aspx?space=1&author=408277&count=100&locale=en
408277 page=1 pageSubmissions=6
408277 page=1 submissionsAfterChallengeStart=6
408277 page=1 nextHref=
408277 page=1 next=
408280 page=1 fetchUrl=https://acm.timus.ru/status.aspx?space=1&author=408280&count=100&locale=en
408280 page=1 pageSubmissions=26
408280 page=1 submissionsAfterChallengeStart=26
408280 page=1 nextHref=
408280 page=1 next=
408281 page=1 fetchUrl=https://acm.timus.ru/status.aspx?space=1&author=408281&count=100&locale=en
408281 page=1 pageSubmissions=0
408281 page=1 submissionsAfterChallengeStart=0
408281 page=1 nextHref=
408281 page=1 next=
408282 page=1 fetchUrl=https://acm.timus.ru/status.aspx?space=1&author=408282&count=100&locale=en
408282 page=1 pageSubmissions=3
408282 page=1 submissionsAfterChallengeStart=3
408282 page=1 nextHref=
408282 page=1 next=
408283 page=1 fetchUrl=https://acm.timus.ru/status.aspx?space=1&author=408283&count=100&locale=en
408283 page=1 pageSubmissions=51
408283 page=1 submissionsAfterChallengeStart=51
408283 page=1 nextHref=
408283 page=1 next=
408292 page=1 fetchUrl=https://acm.timus.ru/status.aspx?space=1&author=408292&count=100&locale=en
408292 page=1 pageSubmissions=55
408292 page=1 submissionsAfterChallengeStart=55
408292 page=1 nextHref=
408292 page=1 next=
408293 page=1 fetchUrl=https://acm.timus.ru/status.aspx?space=1&author=408293&count=100&locale=en
408293 page=1 pageSubmissions=14
408293 page=1 submissionsAfterChallengeStart=14
408293 page=1 nextHref=
408293 page=1 next=
408296 page=1 fetchUrl=https://acm.timus.ru/status.aspx?space=1&author=408296&count=100&locale=en
408296 page=1 pageSubmissions=32
408296 page=1 submissionsAfterChallengeStart=32
408296 page=1 nextHref=
408296 page=1 next=
408294 page=1 fetchUrl=https://acm.timus.ru/status.aspx?space=1&author=408294&count=100&locale=en
408294 page=1 pageSubmissions=28
408294 page=1 submissionsAfterChallengeStart=28
408294 page=1 nextHref=
408294 page=1 next=
408298 page=1 fetchUrl=https://acm.timus.ru/status.aspx?space=1&author=408298&count=100&locale=en
408298 page=1 pageSubmissions=20
408298 page=1 submissionsAfterChallengeStart=20
408298 page=1 nextHref=
408298 page=1 next=
408303 page=1 fetchUrl=https://acm.timus.ru/status.aspx?space=1&author=408303&count=100&locale=en
408303 page=1 pageSubmissions=91
408303 page=1 submissionsAfterChallengeStart=91
408303 page=1 nextHref=
408303 page=1 next=
408307 page=1 fetchUrl=https://acm.timus.ru/status.aspx?space=1&author=408307&count=100&locale=en
408307 page=1 pageSubmissions=3
408307 page=1 submissionsAfterChallengeStart=3
408307 page=1 nextHref=
408307 page=1 next=
408311 page=1 fetchUrl=https://acm.timus.ru/status.aspx?space=1&author=408311&count=100&locale=en
408311 page=1 pageSubmissions=5
408311 page=1 submissionsAfterChallengeStart=5
408311 page=1 nextHref=
408311 page=1 next=
408323 page=1 fetchUrl=https://acm.timus.ru/status.aspx?space=1&author=408323&count=100&locale=en
408323 page=1 pageSubmissions=21
408323 page=1 submissionsAfterChallengeStart=21
408323 page=1 nextHref=
408323 page=1 next=
408301 page=1 fetchUrl=https://acm.timus.ru/status.aspx?space=1&author=408301&count=100&locale=en
408301 page=1 pageSubmissions=16
408301 page=1 submissionsAfterChallengeStart=16
408301 page=1 nextHref=
408301 page=1 next=
408326 page=1 fetchUrl=https://acm.timus.ru/status.aspx?space=1&author=408326&count=100&locale=en
408326 page=1 pageSubmissions=12
408326 page=1 submissionsAfterChallengeStart=12
408326 page=1 nextHref=
408326 page=1 next=
# 2026-08-29T00:39:17.347Z
69385 page=1 fetchUrl=https://acm.timus.ru/status.aspx?space=1&author=69385&count=100&locale=en
69385 page=1 pageSubmissions=100
69385 page=1 submissionsAfterChallengeStart=100
69385 page=1 nextHref=status.aspx?space=1&amp;author=69385&amp;from=11241301
69385 page=1 next=/status.aspx?space=1&author=69385&from=11241301
69385 page=2 fetchUrl=https://acm.timus.ru/status.aspx?space=1&author=69385&from=11241301
69385 page=2 pageSubmissions=10
69385 page=2 submissionsAfterChallengeStart=10
69385 page=2 nextHref=status.aspx?space=1&amp;author=69385&amp;from=11240680
69385 page=2 next=/status.aspx?space=1&author=69385&from=11240680
69385 page=3 fetchUrl=https://acm.timus.ru/status.aspx?space=1&author=69385&from=11240680
69385 page=3 pageSubmissions=10
69385 page=3 submissionsAfterChallengeStart=10
69385 page=3 nextHref=status.aspx?space=1&amp;author=69385&amp;from=11240576
69385 page=3 next=/status.aspx?space=1&author=69385&from=11240576
69385 page=4 fetchUrl=https://acm.timus.ru/status.aspx?space=1&author=69385&from=11240576
69385 page=4 pageSubmissions=10
69385 page=4 submissionsAfterChallengeStart=5
69385 page=4 nextHref=status.aspx?space=1&amp;author=69385&amp;from=9460282
69385 page=4 next=
408257 page=1 fetchUrl=https://acm.timus.ru/status.aspx?space=1&author=408257&count=100&locale=en
408257 page=1 pageSubmissions=81
408257 page=1 submissionsAfterChallengeStart=81
408257 page=1 nextHref=
408257 page=1 next=
408279 page=1 fetchUrl=https://acm.timus.ru/status.aspx?space=1&author=408279&count=100&locale=en
408279 page=1 pageSubmissions=1
408279 page=1 submissionsAfterChallengeStart=1
408279 page=1 nextHref=
408279 page=1 next=
408277 page=1 fetchUrl=https://acm.timus.ru/status.aspx?space=1&author=408277&count=100&locale=en
408277 page=1 pageSubmissions=6
408277 page=1 submissionsAfterChallengeStart=6
408277 page=1 nextHref=
408277 page=1 next=
408280 page=1 fetchUrl=https://acm.timus.ru/status.aspx?space=1&author=408280&count=100&locale=en
408280 page=1 pageSubmissions=26
408280 page=1 submissionsAfterChallengeStart=26
408280 page=1 nextHref=
408280 page=1 next=
408281 page=1 fetchUrl=https://acm.timus.ru/status.aspx?space=1&author=408281&count=100&locale=en
408281 page=1 pageSubmissions=0
408281 page=1 submissionsAfterChallengeStart=0
408281 page=1 nextHref=
408281 page=1 next=
408282 page=1 fetchUrl=https://acm.timus.ru/status.aspx?space=1&author=408282&count=100&locale=en
408282 page=1 pageSubmissions=3
408282 page=1 submissionsAfterChallengeStart=3
408282 page=1 nextHref=
408282 page=1 next=
408283 page=1 fetchUrl=https://acm.timus.ru/status.aspx?space=1&author=408283&count=100&locale=en
408283 page=1 pageSubmissions=51
408283 page=1 submissionsAfterChallengeStart=51
408283 page=1 nextHref=
408283 page=1 next=
408292 page=1 fetchUrl=https://acm.timus.ru/status.aspx?space=1&author=408292&count=100&locale=en
408292 page=1 pageSubmissions=55
408292 page=1 submissionsAfterChallengeStart=55
408292 page=1 nextHref=
408292 page=1 next=
408293 page=1 fetchUrl=https://acm.timus.ru/status.aspx?space=1&author=408293&count=100&locale=en
408293 page=1 pageSubmissions=14
408293 page=1 submissionsAfterChallengeStart=14
408293 page=1 nextHref=
408293 page=1 next=
408296 page=1 fetchUrl=https://acm.timus.ru/status.aspx?space=1&author=408296&count=100&locale=en
408296 page=1 pageSubmissions=32
408296 page=1 submissionsAfterChallengeStart=32
408296 page=1 nextHref=
408296 page=1 next=
408294 page=1 fetchUrl=https://acm.timus.ru/status.aspx?space=1&author=408294&count=100&locale=en
408294 page=1 pageSubmissions=28
408294 page=1 submissionsAfterChallengeStart=28
408294 page=1 nextHref=
408294 page=1 next=
408298 page=1 fetchUrl=https://acm.timus.ru/status.aspx?space=1&author=408298&count=100&locale=en
408298 page=1 pageSubmissions=20
408298 page=1 submissionsAfterChallengeStart=20
408298 page=1 nextHref=
408298 page=1 next=
408303 page=1 fetchUrl=https://acm.timus.ru/status.aspx?space=1&author=408303&count=100&locale=en
408303 page=1 pageSubmissions=91
408303 page=1 submissionsAfterChallengeStart=91
408303 page=1 nextHref=
408303 page=1 next=
408307 page=1 fetchUrl=https://acm.timus.ru/status.aspx?space=1&author=408307&count=100&locale=en
408307 page=1 pageSubmissions=3
408307 page=1 submissionsAfterChallengeStart=3
408307 page=1 nextHref=
408307 page=1 next=
408311 page=1 fetchUrl=https://acm.timus.ru/status.aspx?space=1&author=408311&count=100&locale=en
408311 page=1 pageSubmissions=5
408311 page=1 submissionsAfterChallengeStart=5
408311 page=1 nextHref=
408311 page=1 next=
408323 page=1 fetchUrl=https://acm.timus.ru/status.aspx?space=1&author=408323&count=100&locale=en
408323 page=1 pageSubmissions=21
408323 page=1 submissionsAfterChallengeStart=21
408323 page=1 nextHref=
408323 page=1 next=
408301 page=1 fetchUrl=https://acm.timus.ru/status.aspx?space=1&author=408301&count=100&locale=en
408301 page=1 pageSubmissions=16
408301 page=1 submissionsAfterChallengeStart=16
408301 page=1 nextHref=
408301 page=1 next=
408326 page=1 fetchUrl=https://acm.timus.ru/status.aspx?space=1&author=408326&count=100&locale=en
408326 page=1 pageSubmissions=12
408326 page=1 submissionsAfterChallengeStart=12
408326 page=1 nextHref=
408326 page=1 next=
# 2026-08-29T00:44:14.349Z
69385 page=1 fetchUrl=https://acm.timus.ru/status.aspx?space=1&author=69385&count=100&locale=en
69385 page=1 pageSubmissions=100
69385 page=1 submissionsAfterChallengeStart=100
69385 page=1 nextHref=status.aspx?space=1&amp;author=69385&amp;from=11241301
69385 page=1 next=/status.aspx?space=1&author=69385&from=11241301
69385 page=2 fetchUrl=https://acm.timus.ru/status.aspx?space=1&author=69385&from=11241301
69385 page=2 pageSubmissions=10
69385 page=2 submissionsAfterChallengeStart=10
69385 page=2 nextHref=status.aspx?space=1&amp;author=69385&amp;from=11240680
69385 page=2 next=/status.aspx?space=1&author=69385&from=11240680
69385 page=3 fetchUrl=https://acm.timus.ru/status.aspx?space=1&author=69385&from=11240680
69385 page=3 pageSubmissions=10
69385 page=3 submissionsAfterChallengeStart=10
69385 page=3 nextHref=status.aspx?space=1&amp;author=69385&amp;from=11240576
69385 page=3 next=/status.aspx?space=1&author=69385&from=11240576
69385 page=4 fetchUrl=https://acm.timus.ru/status.aspx?space=1&author=69385&from=11240576
69385 page=4 pageSubmissions=10
69385 page=4 submissionsAfterChallengeStart=5
69385 page=4 nextHref=status.aspx?space=1&amp;author=69385&amp;from=9460282
69385 page=4 next=
408257 page=1 fetchUrl=https://acm.timus.ru/status.aspx?space=1&author=408257&count=100&locale=en
408257 page=1 pageSubmissions=81
408257 page=1 submissionsAfterChallengeStart=81
408257 page=1 nextHref=
408257 page=1 next=
408279 page=1 fetchUrl=https://acm.timus.ru/status.aspx?space=1&author=408279&count=100&locale=en
408279 page=1 pageSubmissions=1
408279 page=1 submissionsAfterChallengeStart=1
408279 page=1 nextHref=
408279 page=1 next=
408277 page=1 fetchUrl=https://acm.timus.ru/status.aspx?space=1&author=408277&count=100&locale=en
408277 page=1 pageSubmissions=6
408277 page=1 submissionsAfterChallengeStart=6
408277 page=1 nextHref=
408277 page=1 next=
408280 page=1 fetchUrl=https://acm.timus.ru/status.aspx?space=1&author=408280&count=100&locale=en
408280 page=1 pageSubmissions=26
408280 page=1 submissionsAfterChallengeStart=26
408280 page=1 nextHref=
408280 page=1 next=
408281 page=1 fetchUrl=https://acm.timus.ru/status.aspx?space=1&author=408281&count=100&locale=en
408281 page=1 pageSubmissions=0
408281 page=1 submissionsAfterChallengeStart=0
408281 page=1 nextHref=
408281 page=1 next=
408282 page=1 fetchUrl=https://acm.timus.ru/status.aspx?space=1&author=408282&count=100&locale=en
408282 page=1 pageSubmissions=3
408282 page=1 submissionsAfterChallengeStart=3
408282 page=1 nextHref=
408282 page=1 next=
408283 page=1 fetchUrl=https://acm.timus.ru/status.aspx?space=1&author=408283&count=100&locale=en
408283 page=1 pageSubmissions=51
408283 page=1 submissionsAfterChallengeStart=51
408283 page=1 nextHref=
408283 page=1 next=
408292 page=1 fetchUrl=https://acm.timus.ru/status.aspx?space=1&author=408292&count=100&locale=en
408292 page=1 pageSubmissions=55
408292 page=1 submissionsAfterChallengeStart=55
408292 page=1 nextHref=
408292 page=1 next=
408293 page=1 fetchUrl=https://acm.timus.ru/status.aspx?space=1&author=408293&count=100&locale=en
408293 page=1 pageSubmissions=14
408293 page=1 submissionsAfterChallengeStart=14
408293 page=1 nextHref=
408293 page=1 next=
408296 page=1 fetchUrl=https://acm.timus.ru/status.aspx?space=1&author=408296&count=100&locale=en
408296 page=1 pageSubmissions=32
408296 page=1 submissionsAfterChallengeStart=32
408296 page=1 nextHref=
408296 page=1 next=
408294 page=1 fetchUrl=https://acm.timus.ru/status.aspx?space=1&author=408294&count=100&locale=en
408294 page=1 pageSubmissions=28
408294 page=1 submissionsAfterChallengeStart=28
408294 page=1 nextHref=
408294 page=1 next=
408298 page=1 fetchUrl=https://acm.timus.ru/status.aspx?space=1&author=408298&count=100&locale=en
408298 page=1 pageSubmissions=20
408298 page=1 submissionsAfterChallengeStart=20
408298 page=1 nextHref=
408298 page=1 next=
408303 page=1 fetchUrl=https://acm.timus.ru/status.aspx?space=1&author=408303&count=100&locale=en
408303 page=1 pageSubmissions=91
408303 page=1 submissionsAfterChallengeStart=91
408303 page=1 nextHref=
408303 page=1 next=
408307 page=1 fetchUrl=https://acm.timus.ru/status.aspx?space=1&author=408307&count=100&locale=en
408307 page=1 pageSubmissions=3
408307 page=1 submissionsAfterChallengeStart=3
408307 page=1 nextHref=
408307 page=1 next=
408311 page=1 fetchUrl=https://acm.timus.ru/status.aspx?space=1&author=408311&count=100&locale=en
408311 page=1 pageSubmissions=5
408311 page=1 submissionsAfterChallengeStart=5
408311 page=1 nextHref=
408311 page=1 next=
408323 page=1 fetchUrl=https://acm.timus.ru/status.aspx?space=1&author=408323&count=100&locale=en
408323 page=1 pageSubmissions=21
408323 page=1 submissionsAfterChallengeStart=21
408323 page=1 nextHref=
408323 page=1 next=
408301 page=1 fetchUrl=https://acm.timus.ru/status.aspx?space=1&author=408301&count=100&locale=en
408301 page=1 pageSubmissions=16
408301 page=1 submissionsAfterChallengeStart=16
408301 page=1 nextHref=
408301 page=1 next=
408326 page=1 fetchUrl=https://acm.timus.ru/status.aspx?space=1&author=408326&count=100&locale=en
408326 page=1 pageSubmissions=12
408326 page=1 submissionsAfterChallengeStart=12
408326 page=1 nextHref=
408326 page=1 next=
# 2026-08-29T00:49:17.936Z
69385 page=1 fetchUrl=https://acm.timus.ru/status.aspx?space=1&author=69385&count=100&locale=en
69385 page=1 pageSubmissions=100
69385 page=1 submissionsAfterChallengeStart=100
69385 page=1 nextHref=status.aspx?space=1&amp;author=69385&amp;from=11241301
69385 page=1 next=/status.aspx?space=1&author=69385&from=11241301
69385 page=2 fetchUrl=https://acm.timus.ru/status.aspx?space=1&author=69385&from=11241301
69385 page=2 pageSubmissions=10
69385 page=2 submissionsAfterChallengeStart=10
69385 page=2 nextHref=status.aspx?space=1&amp;author=69385&amp;from=11240680
69385 page=2 next=/status.aspx?space=1&author=69385&from=11240680
69385 page=3 fetchUrl=https://acm.timus.ru/status.aspx?space=1&author=69385&from=11240680
69385 page=3 pageSubmissions=10
69385 page=3 submissionsAfterChallengeStart=10
69385 page=3 nextHref=status.aspx?space=1&amp;author=69385&amp;from=11240576
69385 page=3 next=/status.aspx?space=1&author=69385&from=11240576
69385 page=4 fetchUrl=https://acm.timus.ru/status.aspx?space=1&author=69385&from=11240576
69385 page=4 pageSubmissions=10
69385 page=4 submissionsAfterChallengeStart=5
69385 page=4 nextHref=status.aspx?space=1&amp;author=69385&amp;from=9460282
69385 page=4 next=
408257 page=1 fetchUrl=https://acm.timus.ru/status.aspx?space=1&author=408257&count=100&locale=en
408257 page=1 pageSubmissions=81
408257 page=1 submissionsAfterChallengeStart=81
408257 page=1 nextHref=
408257 page=1 next=
408279 page=1 fetchUrl=https://acm.timus.ru/status.aspx?space=1&author=408279&count=100&locale=en
408279 page=1 pageSubmissions=1
408279 page=1 submissionsAfterChallengeStart=1
408279 page=1 nextHref=
408279 page=1 next=
408277 page=1 fetchUrl=https://acm.timus.ru/status.aspx?space=1&author=408277&count=100&locale=en
408277 page=1 pageSubmissions=6
408277 page=1 submissionsAfterChallengeStart=6
408277 page=1 nextHref=
408277 page=1 next=
408280 page=1 fetchUrl=https://acm.timus.ru/status.aspx?space=1&author=408280&count=100&locale=en
408280 page=1 pageSubmissions=26
408280 page=1 submissionsAfterChallengeStart=26
408280 page=1 nextHref=
408280 page=1 next=
408281 page=1 fetchUrl=https://acm.timus.ru/status.aspx?space=1&author=408281&count=100&locale=en
408281 page=1 pageSubmissions=0
408281 page=1 submissionsAfterChallengeStart=0
408281 page=1 nextHref=
408281 page=1 next=
408282 page=1 fetchUrl=https://acm.timus.ru/status.aspx?space=1&author=408282&count=100&locale=en
408282 page=1 pageSubmissions=3
408282 page=1 submissionsAfterChallengeStart=3
408282 page=1 nextHref=
408282 page=1 next=
408283 page=1 fetchUrl=https://acm.timus.ru/status.aspx?space=1&author=408283&count=100&locale=en
408283 page=1 pageSubmissions=51
408283 page=1 submissionsAfterChallengeStart=51
408283 page=1 nextHref=
408283 page=1 next=
408292 page=1 fetchUrl=https://acm.timus.ru/status.aspx?space=1&author=408292&count=100&locale=en
408292 page=1 pageSubmissions=55
408292 page=1 submissionsAfterChallengeStart=55
408292 page=1 nextHref=
408292 page=1 next=
408293 page=1 fetchUrl=https://acm.timus.ru/status.aspx?space=1&author=408293&count=100&locale=en
408293 page=1 pageSubmissions=14
408293 page=1 submissionsAfterChallengeStart=14
408293 page=1 nextHref=
408293 page=1 next=
408296 page=1 fetchUrl=https://acm.timus.ru/status.aspx?space=1&author=408296&count=100&locale=en
408296 page=1 pageSubmissions=32
408296 page=1 submissionsAfterChallengeStart=32
408296 page=1 nextHref=
408296 page=1 next=
408294 page=1 fetchUrl=https://acm.timus.ru/status.aspx?space=1&author=408294&count=100&locale=en
408294 page=1 pageSubmissions=28
408294 page=1 submissionsAfterChallengeStart=28
408294 page=1 nextHref=
408294 page=1 next=
408298 page=1 fetchUrl=https://acm.timus.ru/status.aspx?space=1&author=408298&count=100&locale=en
408298 page=1 pageSubmissions=20
408298 page=1 submissionsAfterChallengeStart=20
408298 page=1 nextHref=
408298 page=1 next=
408303 page=1 fetchUrl=https://acm.timus.ru/status.aspx?space=1&author=408303&count=100&locale=en
408303 page=1 pageSubmissions=91
408303 page=1 submissionsAfterChallengeStart=91
408303 page=1 nextHref=
408303 page=1 next=
408307 page=1 fetchUrl=https://acm.timus.ru/status.aspx?space=1&author=408307&count=100&locale=en
408307 page=1 pageSubmissions=3
408307 page=1 submissionsAfterChallengeStart=3
408307 page=1 nextHref=
408307 page=1 next=
408311 page=1 fetchUrl=https://acm.timus.ru/status.aspx?space=1&author=408311&count=100&locale=en
408311 page=1 pageSubmissions=5
408311 page=1 submissionsAfterChallengeStart=5
408311 page=1 nextHref=
408311 page=1 next=
408323 page=1 fetchUrl=https://acm.timus.ru/status.aspx?space=1&author=408323&count=100&locale=en
408323 page=1 pageSubmissions=21
408323 page=1 submissionsAfterChallengeStart=21
408323 page=1 nextHref=
408323 page=1 next=
408301 page=1 fetchUrl=https://acm.timus.ru/status.aspx?space=1&author=408301&count=100&locale=en
408301 page=1 pageSubmissions=16
408301 page=1 submissionsAfterChallengeStart=16
408301 page=1 nextHref=
408301 page=1 next=
408326 page=1 fetchUrl=https://acm.timus.ru/status.aspx?space=1&author=408326&count=100&locale=en
408326 page=1 pageSubmissions=12
408326 page=1 submissionsAfterChallengeStart=12
408326 page=1 nextHref=
408326 page=1 next=
# 2026-08-29T00:54:19.889Z
69385 page=1 fetchUrl=https://acm.timus.ru/status.aspx?space=1&author=69385&count=100&locale=en
69385 page=1 pageSubmissions=100
69385 page=1 submissionsAfterChallengeStart=100
69385 page=1 nextHref=status.aspx?space=1&amp;author=69385&amp;from=11241301
69385 page=1 next=/status.aspx?space=1&author=69385&from=11241301
69385 page=2 fetchUrl=https://acm.timus.ru/status.aspx?space=1&author=69385&from=11241301
69385 page=2 pageSubmissions=10
69385 page=2 submissionsAfterChallengeStart=10
69385 page=2 nextHref=status.aspx?space=1&amp;author=69385&amp;from=11240680
69385 page=2 next=/status.aspx?space=1&author=69385&from=11240680
69385 page=3 fetchUrl=https://acm.timus.ru/status.aspx?space=1&author=69385&from=11240680
69385 page=3 pageSubmissions=10
69385 page=3 submissionsAfterChallengeStart=10
69385 page=3 nextHref=status.aspx?space=1&amp;author=69385&amp;from=11240576
69385 page=3 next=/status.aspx?space=1&author=69385&from=11240576
69385 page=4 fetchUrl=https://acm.timus.ru/status.aspx?space=1&author=69385&from=11240576
69385 page=4 pageSubmissions=10
69385 page=4 submissionsAfterChallengeStart=5
69385 page=4 nextHref=status.aspx?space=1&amp;author=69385&amp;from=9460282
69385 page=4 next=
408257 page=1 fetchUrl=https://acm.timus.ru/status.aspx?space=1&author=408257&count=100&locale=en
408257 page=1 pageSubmissions=81
408257 page=1 submissionsAfterChallengeStart=81
408257 page=1 nextHref=
408257 page=1 next=
408279 page=1 fetchUrl=https://acm.timus.ru/status.aspx?space=1&author=408279&count=100&locale=en
408279 page=1 pageSubmissions=1
408279 page=1 submissionsAfterChallengeStart=1
408279 page=1 nextHref=
408279 page=1 next=
408277 page=1 fetchUrl=https://acm.timus.ru/status.aspx?space=1&author=408277&count=100&locale=en
408277 page=1 pageSubmissions=6
408277 page=1 submissionsAfterChallengeStart=6
408277 page=1 nextHref=
408277 page=1 next=
408280 page=1 fetchUrl=https://acm.timus.ru/status.aspx?space=1&author=408280&count=100&locale=en
408280 page=1 pageSubmissions=26
408280 page=1 submissionsAfterChallengeStart=26
408280 page=1 nextHref=
408280 page=1 next=
408281 page=1 fetchUrl=https://acm.timus.ru/status.aspx?space=1&author=408281&count=100&locale=en
408281 page=1 pageSubmissions=0
408281 page=1 submissionsAfterChallengeStart=0
408281 page=1 nextHref=
408281 page=1 next=
408282 page=1 fetchUrl=https://acm.timus.ru/status.aspx?space=1&author=408282&count=100&locale=en
408282 page=1 pageSubmissions=3
408282 page=1 submissionsAfterChallengeStart=3
408282 page=1 nextHref=
408282 page=1 next=
408283 page=1 fetchUrl=https://acm.timus.ru/status.aspx?space=1&author=408283&count=100&locale=en
408283 page=1 pageSubmissions=51
408283 page=1 submissionsAfterChallengeStart=51
408283 page=1 nextHref=
408283 page=1 next=
408292 page=1 fetchUrl=https://acm.timus.ru/status.aspx?space=1&author=408292&count=100&locale=en
408292 page=1 pageSubmissions=55
408292 page=1 submissionsAfterChallengeStart=55
408292 page=1 nextHref=
408292 page=1 next=
408293 page=1 fetchUrl=https://acm.timus.ru/status.aspx?space=1&author=408293&count=100&locale=en
408293 page=1 pageSubmissions=14
408293 page=1 submissionsAfterChallengeStart=14
408293 page=1 nextHref=
408293 page=1 next=
408296 page=1 fetchUrl=https://acm.timus.ru/status.aspx?space=1&author=408296&count=100&locale=en
408296 page=1 pageSubmissions=32
408296 page=1 submissionsAfterChallengeStart=32
408296 page=1 nextHref=
408296 page=1 next=
408294 page=1 fetchUrl=https://acm.timus.ru/status.aspx?space=1&author=408294&count=100&locale=en
408294 page=1 pageSubmissions=28
408294 page=1 submissionsAfterChallengeStart=28
408294 page=1 nextHref=
408294 page=1 next=
408298 page=1 fetchUrl=https://acm.timus.ru/status.aspx?space=1&author=408298&count=100&locale=en
408298 page=1 pageSubmissions=20
408298 page=1 submissionsAfterChallengeStart=20
408298 page=1 nextHref=
408298 page=1 next=
408303 page=1 fetchUrl=https://acm.timus.ru/status.aspx?space=1&author=408303&count=100&locale=en
408303 page=1 pageSubmissions=91
408303 page=1 submissionsAfterChallengeStart=91
408303 page=1 nextHref=
408303 page=1 next=
408307 page=1 fetchUrl=https://acm.timus.ru/status.aspx?space=1&author=408307&count=100&locale=en
408307 page=1 pageSubmissions=3
408307 page=1 submissionsAfterChallengeStart=3
408307 page=1 nextHref=
408307 page=1 next=
408311 page=1 fetchUrl=https://acm.timus.ru/status.aspx?space=1&author=408311&count=100&locale=en
408311 page=1 pageSubmissions=5
408311 page=1 submissionsAfterChallengeStart=5
408311 page=1 nextHref=
408311 page=1 next=
408323 page=1 fetchUrl=https://acm.timus.ru/status.aspx?space=1&author=408323&count=100&locale=en
408323 page=1 pageSubmissions=21
408323 page=1 submissionsAfterChallengeStart=21
408323 page=1 nextHref=
408323 page=1 next=
408301 page=1 fetchUrl=https://acm.timus.ru/status.aspx?space=1&author=408301&count=100&locale=en
408301 page=1 pageSubmissions=16
408301 page=1 submissionsAfterChallengeStart=16
408301 page=1 nextHref=
408301 page=1 next=
408326 page=1 fetchUrl=https://acm.timus.ru/status.aspx?space=1&author=408326&count=100&locale=en
408326 page=1 pageSubmissions=12
408326 page=1 submissionsAfterChallengeStart=12
408326 page=1 nextHref=
408326 page=1 next=
# 2026-08-29T00:59:16.872Z
69385 page=1 fetchUrl=https://acm.timus.ru/status.aspx?space=1&author=69385&count=100&locale=en
69385 page=1 pageSubmissions=100
69385 page=1 submissionsAfterChallengeStart=100
69385 page=1 nextHref=status.aspx?space=1&amp;author=69385&amp;from=11241301
69385 page=1 next=/status.aspx?space=1&author=69385&from=11241301
69385 page=2 fetchUrl=https://acm.timus.ru/status.aspx?space=1&author=69385&from=11241301
69385 page=2 pageSubmissions=10
69385 page=2 submissionsAfterChallengeStart=10
69385 page=2 nextHref=status.aspx?space=1&amp;author=69385&amp;from=11240680
69385 page=2 next=/status.aspx?space=1&author=69385&from=11240680
69385 page=3 fetchUrl=https://acm.timus.ru/status.aspx?space=1&author=69385&from=11240680
69385 page=3 pageSubmissions=10
69385 page=3 submissionsAfterChallengeStart=10
69385 page=3 nextHref=status.aspx?space=1&amp;author=69385&amp;from=11240576
69385 page=3 next=/status.aspx?space=1&author=69385&from=11240576
69385 page=4 fetchUrl=https://acm.timus.ru/status.aspx?space=1&author=69385&from=11240576
69385 page=4 pageSubmissions=10
69385 page=4 submissionsAfterChallengeStart=5
69385 page=4 nextHref=status.aspx?space=1&amp;author=69385&amp;from=9460282
69385 page=4 next=
408257 page=1 fetchUrl=https://acm.timus.ru/status.aspx?space=1&author=408257&count=100&locale=en
408257 page=1 pageSubmissions=81
408257 page=1 submissionsAfterChallengeStart=81
408257 page=1 nextHref=
408257 page=1 next=
408279 page=1 fetchUrl=https://acm.timus.ru/status.aspx?space=1&author=408279&count=100&locale=en
408279 page=1 pageSubmissions=1
408279 page=1 submissionsAfterChallengeStart=1
408279 page=1 nextHref=
408279 page=1 next=
408277 page=1 fetchUrl=https://acm.timus.ru/status.aspx?space=1&author=408277&count=100&locale=en
408277 page=1 pageSubmissions=6
408277 page=1 submissionsAfterChallengeStart=6
408277 page=1 nextHref=
408277 page=1 next=
408280 page=1 fetchUrl=https://acm.timus.ru/status.aspx?space=1&author=408280&count=100&locale=en
408280 page=1 pageSubmissions=26
408280 page=1 submissionsAfterChallengeStart=26
408280 page=1 nextHref=
408280 page=1 next=
408281 page=1 fetchUrl=https://acm.timus.ru/status.aspx?space=1&author=408281&count=100&locale=en
408281 page=1 pageSubmissions=0
408281 page=1 submissionsAfterChallengeStart=0
408281 page=1 nextHref=
408281 page=1 next=
408282 page=1 fetchUrl=https://acm.timus.ru/status.aspx?space=1&author=408282&count=100&locale=en
408282 page=1 pageSubmissions=3
408282 page=1 submissionsAfterChallengeStart=3
408282 page=1 nextHref=
408282 page=1 next=
408283 page=1 fetchUrl=https://acm.timus.ru/status.aspx?space=1&author=408283&count=100&locale=en
408283 page=1 pageSubmissions=51
408283 page=1 submissionsAfterChallengeStart=51
408283 page=1 nextHref=
408283 page=1 next=
408292 page=1 fetchUrl=https://acm.timus.ru/status.aspx?space=1&author=408292&count=100&locale=en
408292 page=1 pageSubmissions=55
408292 page=1 submissionsAfterChallengeStart=55
408292 page=1 nextHref=
408292 page=1 next=
408293 page=1 fetchUrl=https://acm.timus.ru/status.aspx?space=1&author=408293&count=100&locale=en
408293 page=1 pageSubmissions=14
408293 page=1 submissionsAfterChallengeStart=14
408293 page=1 nextHref=
408293 page=1 next=
408296 page=1 fetchUrl=https://acm.timus.ru/status.aspx?space=1&author=408296&count=100&locale=en
408296 page=1 pageSubmissions=32
408296 page=1 submissionsAfterChallengeStart=32
408296 page=1 nextHref=
408296 page=1 next=
408294 page=1 fetchUrl=https://acm.timus.ru/status.aspx?space=1&author=408294&count=100&locale=en
408294 page=1 pageSubmissions=28
408294 page=1 submissionsAfterChallengeStart=28
408294 page=1 nextHref=
408294 page=1 next=
408298 page=1 fetchUrl=https://acm.timus.ru/status.aspx?space=1&author=408298&count=100&locale=en
408298 page=1 pageSubmissions=20
408298 page=1 submissionsAfterChallengeStart=20
408298 page=1 nextHref=
408298 page=1 next=
408303 page=1 fetchUrl=https://acm.timus.ru/status.aspx?space=1&author=408303&count=100&locale=en
408303 page=1 pageSubmissions=91
408303 page=1 submissionsAfterChallengeStart=91
408303 page=1 nextHref=
408303 page=1 next=
408307 page=1 fetchUrl=https://acm.timus.ru/status.aspx?space=1&author=408307&count=100&locale=en
408307 page=1 pageSubmissions=3
408307 page=1 submissionsAfterChallengeStart=3
408307 page=1 nextHref=
408307 page=1 next=
408311 page=1 fetchUrl=https://acm.timus.ru/status.aspx?space=1&author=408311&count=100&locale=en
408311 page=1 pageSubmissions=5
408311 page=1 submissionsAfterChallengeStart=5
408311 page=1 nextHref=
408311 page=1 next=
408323 page=1 fetchUrl=https://acm.timus.ru/status.aspx?space=1&author=408323&count=100&locale=en
408323 page=1 pageSubmissions=21
408323 page=1 submissionsAfterChallengeStart=21
408323 page=1 nextHref=
408323 page=1 next=
408301 page=1 fetchUrl=https://acm.timus.ru/status.aspx?space=1&author=408301&count=100&locale=en
408301 page=1 pageSubmissions=16
408301 page=1 submissionsAfterChallengeStart=16
408301 page=1 nextHref=
408301 page=1 next=
408326 page=1 fetchUrl=https://acm.timus.ru/status.aspx?space=1&author=408326&count=100&locale=en
408326 page=1 pageSubmissions=12
408326 page=1 submissionsAfterChallengeStart=12
408326 page=1 nextHref=
408326 page=1 next=
# 2026-08-29T01:04:15.190Z
69385 page=1 fetchUrl=https://acm.timus.ru/status.aspx?space=1&author=69385&count=100&locale=en
69385 page=1 pageSubmissions=100
69385 page=1 submissionsAfterChallengeStart=100
69385 page=1 nextHref=status.aspx?space=1&amp;author=69385&amp;from=11241301
69385 page=1 next=/status.aspx?space=1&author=69385&from=11241301
69385 page=2 fetchUrl=https://acm.timus.ru/status.aspx?space=1&author=69385&from=11241301
69385 page=2 pageSubmissions=10
69385 page=2 submissionsAfterChallengeStart=10
69385 page=2 nextHref=status.aspx?space=1&amp;author=69385&amp;from=11240680
69385 page=2 next=/status.aspx?space=1&author=69385&from=11240680
69385 page=3 fetchUrl=https://acm.timus.ru/status.aspx?space=1&author=69385&from=11240680
69385 page=3 pageSubmissions=10
69385 page=3 submissionsAfterChallengeStart=10
69385 page=3 nextHref=status.aspx?space=1&amp;author=69385&amp;from=11240576
69385 page=3 next=/status.aspx?space=1&author=69385&from=11240576
69385 page=4 fetchUrl=https://acm.timus.ru/status.aspx?space=1&author=69385&from=11240576
69385 page=4 pageSubmissions=10
69385 page=4 submissionsAfterChallengeStart=5
69385 page=4 nextHref=status.aspx?space=1&amp;author=69385&amp;from=9460282
69385 page=4 next=
408257 page=1 fetchUrl=https://acm.timus.ru/status.aspx?space=1&author=408257&count=100&locale=en
408257 page=1 pageSubmissions=81
408257 page=1 submissionsAfterChallengeStart=81
408257 page=1 nextHref=
408257 page=1 next=
408279 page=1 fetchUrl=https://acm.timus.ru/status.aspx?space=1&author=408279&count=100&locale=en
408279 page=1 pageSubmissions=1
408279 page=1 submissionsAfterChallengeStart=1
408279 page=1 nextHref=
408279 page=1 next=
408277 page=1 fetchUrl=https://acm.timus.ru/status.aspx?space=1&author=408277&count=100&locale=en
408277 page=1 pageSubmissions=6
408277 page=1 submissionsAfterChallengeStart=6
408277 page=1 nextHref=
408277 page=1 next=
408280 page=1 fetchUrl=https://acm.timus.ru/status.aspx?space=1&author=408280&count=100&locale=en
408280 page=1 pageSubmissions=26
408280 page=1 submissionsAfterChallengeStart=26
408280 page=1 nextHref=
408280 page=1 next=
408281 page=1 fetchUrl=https://acm.timus.ru/status.aspx?space=1&author=408281&count=100&locale=en
408281 page=1 pageSubmissions=0
408281 page=1 submissionsAfterChallengeStart=0
408281 page=1 nextHref=
408281 page=1 next=
408282 page=1 fetchUrl=https://acm.timus.ru/status.aspx?space=1&author=408282&count=100&locale=en
408282 page=1 pageSubmissions=3
408282 page=1 submissionsAfterChallengeStart=3
408282 page=1 nextHref=
408282 page=1 next=
408283 page=1 fetchUrl=https://acm.timus.ru/status.aspx?space=1&author=408283&count=100&locale=en
408283 page=1 pageSubmissions=51
408283 page=1 submissionsAfterChallengeStart=51
408283 page=1 nextHref=
408283 page=1 next=
408292 page=1 fetchUrl=https://acm.timus.ru/status.aspx?space=1&author=408292&count=100&locale=en
408292 page=1 pageSubmissions=55
408292 page=1 submissionsAfterChallengeStart=55
408292 page=1 nextHref=
408292 page=1 next=
408293 page=1 fetchUrl=https://acm.timus.ru/status.aspx?space=1&author=408293&count=100&locale=en
408293 page=1 pageSubmissions=14
408293 page=1 submissionsAfterChallengeStart=14
408293 page=1 nextHref=
408293 page=1 next=
408296 page=1 fetchUrl=https://acm.timus.ru/status.aspx?space=1&author=408296&count=100&locale=en
408296 page=1 pageSubmissions=32
408296 page=1 submissionsAfterChallengeStart=32
408296 page=1 nextHref=
408296 page=1 next=
408294 page=1 fetchUrl=https://acm.timus.ru/status.aspx?space=1&author=408294&count=100&locale=en
408294 page=1 pageSubmissions=28
408294 page=1 submissionsAfterChallengeStart=28
408294 page=1 nextHref=
408294 page=1 next=
408298 page=1 fetchUrl=https://acm.timus.ru/status.aspx?space=1&author=408298&count=100&locale=en
408298 page=1 pageSubmissions=20
408298 page=1 submissionsAfterChallengeStart=20
408298 page=1 nextHref=
408298 page=1 next=
408303 page=1 fetchUrl=https://acm.timus.ru/status.aspx?space=1&author=408303&count=100&locale=en
408303 page=1 pageSubmissions=91
408303 page=1 submissionsAfterChallengeStart=91
408303 page=1 nextHref=
408303 page=1 next=
408307 page=1 fetchUrl=https://acm.timus.ru/status.aspx?space=1&author=408307&count=100&locale=en
408307 page=1 pageSubmissions=3
408307 page=1 submissionsAfterChallengeStart=3
408307 page=1 nextHref=
408307 page=1 next=
408311 page=1 fetchUrl=https://acm.timus.ru/status.aspx?space=1&author=408311&count=100&locale=en
408311 page=1 pageSubmissions=5
408311 page=1 submissionsAfterChallengeStart=5
408311 page=1 nextHref=
408311 page=1 next=
408323 page=1 fetchUrl=https://acm.timus.ru/status.aspx?space=1&author=408323&count=100&locale=en
408323 page=1 pageSubmissions=21
408323 page=1 submissionsAfterChallengeStart=21
408323 page=1 nextHref=
408323 page=1 next=
408301 page=1 fetchUrl=https://acm.timus.ru/status.aspx?space=1&author=408301&count=100&locale=en
408301 page=1 pageSubmissions=16
408301 page=1 submissionsAfterChallengeStart=16
408301 page=1 nextHref=
408301 page=1 next=
408326 page=1 fetchUrl=https://acm.timus.ru/status.aspx?space=1&author=408326&count=100&locale=en
408326 page=1 pageSubmissions=12
408326 page=1 submissionsAfterChallengeStart=12
408326 page=1 nextHref=
408326 page=1 next=
# 2026-08-29T01:09:15.085Z
69385 page=1 fetchUrl=https://acm.timus.ru/status.aspx?space=1&author=69385&count=100&locale=en
69385 page=1 pageSubmissions=100
69385 page=1 submissionsAfterChallengeStart=100
69385 page=1 nextHref=status.aspx?space=1&amp;author=69385&amp;from=11241301
69385 page=1 next=/status.aspx?space=1&author=69385&from=11241301
69385 page=2 fetchUrl=https://acm.timus.ru/status.aspx?space=1&author=69385&from=11241301
69385 page=2 pageSubmissions=10
69385 page=2 submissionsAfterChallengeStart=10
69385 page=2 nextHref=status.aspx?space=1&amp;author=69385&amp;from=11240680
69385 page=2 next=/status.aspx?space=1&author=69385&from=11240680
69385 page=3 fetchUrl=https://acm.timus.ru/status.aspx?space=1&author=69385&from=11240680
69385 page=3 pageSubmissions=10
69385 page=3 submissionsAfterChallengeStart=10
69385 page=3 nextHref=status.aspx?space=1&amp;author=69385&amp;from=11240576
69385 page=3 next=/status.aspx?space=1&author=69385&from=11240576
69385 page=4 fetchUrl=https://acm.timus.ru/status.aspx?space=1&author=69385&from=11240576
69385 page=4 pageSubmissions=10
69385 page=4 submissionsAfterChallengeStart=5
69385 page=4 nextHref=status.aspx?space=1&amp;author=69385&amp;from=9460282
69385 page=4 next=
408257 page=1 fetchUrl=https://acm.timus.ru/status.aspx?space=1&author=408257&count=100&locale=en
408257 page=1 pageSubmissions=81
408257 page=1 submissionsAfterChallengeStart=81
408257 page=1 nextHref=
408257 page=1 next=
408279 page=1 fetchUrl=https://acm.timus.ru/status.aspx?space=1&author=408279&count=100&locale=en
408279 page=1 pageSubmissions=1
408279 page=1 submissionsAfterChallengeStart=1
408279 page=1 nextHref=
408279 page=1 next=
408277 page=1 fetchUrl=https://acm.timus.ru/status.aspx?space=1&author=408277&count=100&locale=en
408277 page=1 pageSubmissions=6
408277 page=1 submissionsAfterChallengeStart=6
408277 page=1 nextHref=
408277 page=1 next=
408280 page=1 fetchUrl=https://acm.timus.ru/status.aspx?space=1&author=408280&count=100&locale=en
408280 page=1 pageSubmissions=26
408280 page=1 submissionsAfterChallengeStart=26
408280 page=1 nextHref=
408280 page=1 next=
408281 page=1 fetchUrl=https://acm.timus.ru/status.aspx?space=1&author=408281&count=100&locale=en
408281 page=1 pageSubmissions=0
408281 page=1 submissionsAfterChallengeStart=0
408281 page=1 nextHref=
408281 page=1 next=
408282 page=1 fetchUrl=https://acm.timus.ru/status.aspx?space=1&author=408282&count=100&locale=en
408282 page=1 pageSubmissions=3
408282 page=1 submissionsAfterChallengeStart=3
408282 page=1 nextHref=
408282 page=1 next=
408283 page=1 fetchUrl=https://acm.timus.ru/status.aspx?space=1&author=408283&count=100&locale=en
408283 page=1 pageSubmissions=51
408283 page=1 submissionsAfterChallengeStart=51
408283 page=1 nextHref=
408283 page=1 next=
408292 page=1 fetchUrl=https://acm.timus.ru/status.aspx?space=1&author=408292&count=100&locale=en
408292 page=1 pageSubmissions=55
408292 page=1 submissionsAfterChallengeStart=55
408292 page=1 nextHref=
408292 page=1 next=
408293 page=1 fetchUrl=https://acm.timus.ru/status.aspx?space=1&author=408293&count=100&locale=en
408293 page=1 pageSubmissions=14
408293 page=1 submissionsAfterChallengeStart=14
408293 page=1 nextHref=
408293 page=1 next=
408296 page=1 fetchUrl=https://acm.timus.ru/status.aspx?space=1&author=408296&count=100&locale=en
408296 page=1 pageSubmissions=32
408296 page=1 submissionsAfterChallengeStart=32
408296 page=1 nextHref=
408296 page=1 next=
408294 page=1 fetchUrl=https://acm.timus.ru/status.aspx?space=1&author=408294&count=100&locale=en
408294 page=1 pageSubmissions=28
408294 page=1 submissionsAfterChallengeStart=28
408294 page=1 nextHref=
408294 page=1 next=
408298 page=1 fetchUrl=https://acm.timus.ru/status.aspx?space=1&author=408298&count=100&locale=en
408298 page=1 pageSubmissions=20
408298 page=1 submissionsAfterChallengeStart=20
408298 page=1 nextHref=
408298 page=1 next=
408303 page=1 fetchUrl=https://acm.timus.ru/status.aspx?space=1&author=408303&count=100&locale=en
408303 page=1 pageSubmissions=91
408303 page=1 submissionsAfterChallengeStart=91
408303 page=1 nextHref=
408303 page=1 next=
408307 page=1 fetchUrl=https://acm.timus.ru/status.aspx?space=1&author=408307&count=100&locale=en
408307 page=1 pageSubmissions=3
408307 page=1 submissionsAfterChallengeStart=3
408307 page=1 nextHref=
408307 page=1 next=
408311 page=1 fetchUrl=https://acm.timus.ru/status.aspx?space=1&author=408311&count=100&locale=en
408311 page=1 pageSubmissions=5
408311 page=1 submissionsAfterChallengeStart=5
408311 page=1 nextHref=
408311 page=1 next=
408323 page=1 fetchUrl=https://acm.timus.ru/status.aspx?space=1&author=408323&count=100&locale=en
408323 page=1 pageSubmissions=21
408323 page=1 submissionsAfterChallengeStart=21
408323 page=1 nextHref=
408323 page=1 next=
408301 page=1 fetchUrl=https://acm.timus.ru/status.aspx?space=1&author=408301&count=100&locale=en
408301 page=1 pageSubmissions=16
408301 page=1 submissionsAfterChallengeStart=16
408301 page=1 nextHref=
408301 page=1 next=
408326 page=1 fetchUrl=https://acm.timus.ru/status.aspx?space=1&author=408326&count=100&locale=en
408326 page=1 pageSubmissions=12
408326 page=1 submissionsAfterChallengeStart=12
408326 page=1 nextHref=
408326 page=1 next=
# 2026-08-29T01:14:20.495Z
69385 page=1 fetchUrl=https://acm.timus.ru/status.aspx?space=1&author=69385&count=100&locale=en
69385 page=1 pageSubmissions=100
69385 page=1 submissionsAfterChallengeStart=100
69385 page=1 nextHref=status.aspx?space=1&amp;author=69385&amp;from=11241301
69385 page=1 next=/status.aspx?space=1&author=69385&from=11241301
69385 page=2 fetchUrl=https://acm.timus.ru/status.aspx?space=1&author=69385&from=11241301
69385 page=2 pageSubmissions=10
69385 page=2 submissionsAfterChallengeStart=10
69385 page=2 nextHref=status.aspx?space=1&amp;author=69385&amp;from=11240680
69385 page=2 next=/status.aspx?space=1&author=69385&from=11240680
69385 page=3 fetchUrl=https://acm.timus.ru/status.aspx?space=1&author=69385&from=11240680
69385 page=3 pageSubmissions=10
69385 page=3 submissionsAfterChallengeStart=10
69385 page=3 nextHref=status.aspx?space=1&amp;author=69385&amp;from=11240576
69385 page=3 next=/status.aspx?space=1&author=69385&from=11240576
69385 page=4 fetchUrl=https://acm.timus.ru/status.aspx?space=1&author=69385&from=11240576
69385 page=4 pageSubmissions=10
69385 page=4 submissionsAfterChallengeStart=5
69385 page=4 nextHref=status.aspx?space=1&amp;author=69385&amp;from=9460282
69385 page=4 next=
408257 page=1 fetchUrl=https://acm.timus.ru/status.aspx?space=1&author=408257&count=100&locale=en
408257 page=1 pageSubmissions=81
408257 page=1 submissionsAfterChallengeStart=81
408257 page=1 nextHref=
408257 page=1 next=
408279 page=1 fetchUrl=https://acm.timus.ru/status.aspx?space=1&author=408279&count=100&locale=en
408279 page=1 pageSubmissions=1
408279 page=1 submissionsAfterChallengeStart=1
408279 page=1 nextHref=
408279 page=1 next=
408277 page=1 fetchUrl=https://acm.timus.ru/status.aspx?space=1&author=408277&count=100&locale=en
408277 page=1 pageSubmissions=6
408277 page=1 submissionsAfterChallengeStart=6
408277 page=1 nextHref=
408277 page=1 next=
408280 page=1 fetchUrl=https://acm.timus.ru/status.aspx?space=1&author=408280&count=100&locale=en
408280 page=1 pageSubmissions=26
408280 page=1 submissionsAfterChallengeStart=26
408280 page=1 nextHref=
408280 page=1 next=
408281 page=1 fetchUrl=https://acm.timus.ru/status.aspx?space=1&author=408281&count=100&locale=en
408281 page=1 pageSubmissions=0
408281 page=1 submissionsAfterChallengeStart=0
408281 page=1 nextHref=
408281 page=1 next=
408282 page=1 fetchUrl=https://acm.timus.ru/status.aspx?space=1&author=408282&count=100&locale=en
408282 page=1 pageSubmissions=3
408282 page=1 submissionsAfterChallengeStart=3
408282 page=1 nextHref=
408282 page=1 next=
408283 page=1 fetchUrl=https://acm.timus.ru/status.aspx?space=1&author=408283&count=100&locale=en
408283 page=1 pageSubmissions=51
408283 page=1 submissionsAfterChallengeStart=51
408283 page=1 nextHref=
408283 page=1 next=
408292 page=1 fetchUrl=https://acm.timus.ru/status.aspx?space=1&author=408292&count=100&locale=en
408292 page=1 pageSubmissions=55
408292 page=1 submissionsAfterChallengeStart=55
408292 page=1 nextHref=
408292 page=1 next=
408293 page=1 fetchUrl=https://acm.timus.ru/status.aspx?space=1&author=408293&count=100&locale=en
408293 page=1 pageSubmissions=14
408293 page=1 submissionsAfterChallengeStart=14
408293 page=1 nextHref=
408293 page=1 next=
408296 page=1 fetchUrl=https://acm.timus.ru/status.aspx?space=1&author=408296&count=100&locale=en
408296 page=1 pageSubmissions=32
408296 page=1 submissionsAfterChallengeStart=32
408296 page=1 nextHref=
408296 page=1 next=
408294 page=1 fetchUrl=https://acm.timus.ru/status.aspx?space=1&author=408294&count=100&locale=en
408294 page=1 pageSubmissions=28
408294 page=1 submissionsAfterChallengeStart=28
408294 page=1 nextHref=
408294 page=1 next=
408298 page=1 fetchUrl=https://acm.timus.ru/status.aspx?space=1&author=408298&count=100&locale=en
408298 page=1 pageSubmissions=20
408298 page=1 submissionsAfterChallengeStart=20
408298 page=1 nextHref=
408298 page=1 next=
408303 page=1 fetchUrl=https://acm.timus.ru/status.aspx?space=1&author=408303&count=100&locale=en
408303 page=1 pageSubmissions=91
408303 page=1 submissionsAfterChallengeStart=91
408303 page=1 nextHref=
408303 page=1 next=
408307 page=1 fetchUrl=https://acm.timus.ru/status.aspx?space=1&author=408307&count=100&locale=en
408307 page=1 pageSubmissions=3
408307 page=1 submissionsAfterChallengeStart=3
408307 page=1 nextHref=
408307 page=1 next=
408311 page=1 fetchUrl=https://acm.timus.ru/status.aspx?space=1&author=408311&count=100&locale=en
408311 page=1 pageSubmissions=5
408311 page=1 submissionsAfterChallengeStart=5
408311 page=1 nextHref=
408311 page=1 next=
408323 page=1 fetchUrl=https://acm.timus.ru/status.aspx?space=1&author=408323&count=100&locale=en
408323 page=1 pageSubmissions=21
408323 page=1 submissionsAfterChallengeStart=21
408323 page=1 nextHref=
408323 page=1 next=
408301 page=1 fetchUrl=https://acm.timus.ru/status.aspx?space=1&author=408301&count=100&locale=en
408301 page=1 pageSubmissions=16
408301 page=1 submissionsAfterChallengeStart=16
408301 page=1 nextHref=
408301 page=1 next=
408326 page=1 fetchUrl=https://acm.timus.ru/status.aspx?space=1&author=408326&count=100&locale=en
408326 page=1 pageSubmissions=12
408326 page=1 submissionsAfterChallengeStart=12
408326 page=1 nextHref=
408326 page=1 next=
# 2026-08-29T01:19:14.042Z
69385 page=1 fetchUrl=https://acm.timus.ru/status.aspx?space=1&author=69385&count=100&locale=en
69385 page=1 pageSubmissions=100
69385 page=1 submissionsAfterChallengeStart=100
69385 page=1 nextHref=status.aspx?space=1&amp;author=69385&amp;from=11241301
69385 page=1 next=/status.aspx?space=1&author=69385&from=11241301
69385 page=2 fetchUrl=https://acm.timus.ru/status.aspx?space=1&author=69385&from=11241301
69385 page=2 pageSubmissions=10
69385 page=2 submissionsAfterChallengeStart=10
69385 page=2 nextHref=status.aspx?space=1&amp;author=69385&amp;from=11240680
69385 page=2 next=/status.aspx?space=1&author=69385&from=11240680
69385 page=3 fetchUrl=https://acm.timus.ru/status.aspx?space=1&author=69385&from=11240680
69385 page=3 pageSubmissions=10
69385 page=3 submissionsAfterChallengeStart=10
69385 page=3 nextHref=status.aspx?space=1&amp;author=69385&amp;from=11240576
69385 page=3 next=/status.aspx?space=1&author=69385&from=11240576
69385 page=4 fetchUrl=https://acm.timus.ru/status.aspx?space=1&author=69385&from=11240576
69385 page=4 pageSubmissions=10
69385 page=4 submissionsAfterChallengeStart=5
69385 page=4 nextHref=status.aspx?space=1&amp;author=69385&amp;from=9460282
69385 page=4 next=
408257 page=1 fetchUrl=https://acm.timus.ru/status.aspx?space=1&author=408257&count=100&locale=en
408257 page=1 pageSubmissions=81
408257 page=1 submissionsAfterChallengeStart=81
408257 page=1 nextHref=
408257 page=1 next=
408279 page=1 fetchUrl=https://acm.timus.ru/status.aspx?space=1&author=408279&count=100&locale=en
408279 page=1 pageSubmissions=1
408279 page=1 submissionsAfterChallengeStart=1
408279 page=1 nextHref=
408279 page=1 next=
408277 page=1 fetchUrl=https://acm.timus.ru/status.aspx?space=1&author=408277&count=100&locale=en
408277 page=1 pageSubmissions=6
408277 page=1 submissionsAfterChallengeStart=6
408277 page=1 nextHref=
408277 page=1 next=
408280 page=1 fetchUrl=https://acm.timus.ru/status.aspx?space=1&author=408280&count=100&locale=en
408280 page=1 pageSubmissions=26
408280 page=1 submissionsAfterChallengeStart=26
408280 page=1 nextHref=
408280 page=1 next=
408281 page=1 fetchUrl=https://acm.timus.ru/status.aspx?space=1&author=408281&count=100&locale=en
408281 page=1 pageSubmissions=0
408281 page=1 submissionsAfterChallengeStart=0
408281 page=1 nextHref=
408281 page=1 next=
408282 page=1 fetchUrl=https://acm.timus.ru/status.aspx?space=1&author=408282&count=100&locale=en
408282 page=1 pageSubmissions=3
408282 page=1 submissionsAfterChallengeStart=3
408282 page=1 nextHref=
408282 page=1 next=
408283 page=1 fetchUrl=https://acm.timus.ru/status.aspx?space=1&author=408283&count=100&locale=en
408283 page=1 pageSubmissions=51
408283 page=1 submissionsAfterChallengeStart=51
408283 page=1 nextHref=
408283 page=1 next=
408292 page=1 fetchUrl=https://acm.timus.ru/status.aspx?space=1&author=408292&count=100&locale=en
408292 page=1 pageSubmissions=55
408292 page=1 submissionsAfterChallengeStart=55
408292 page=1 nextHref=
408292 page=1 next=
408293 page=1 fetchUrl=https://acm.timus.ru/status.aspx?space=1&author=408293&count=100&locale=en
408293 page=1 pageSubmissions=14
408293 page=1 submissionsAfterChallengeStart=14
408293 page=1 nextHref=
408293 page=1 next=
408296 page=1 fetchUrl=https://acm.timus.ru/status.aspx?space=1&author=408296&count=100&locale=en
408296 page=1 pageSubmissions=32
408296 page=1 submissionsAfterChallengeStart=32
408296 page=1 nextHref=
408296 page=1 next=
408294 page=1 fetchUrl=https://acm.timus.ru/status.aspx?space=1&author=408294&count=100&locale=en
408294 page=1 pageSubmissions=28
408294 page=1 submissionsAfterChallengeStart=28
408294 page=1 nextHref=
408294 page=1 next=
408298 page=1 fetchUrl=https://acm.timus.ru/status.aspx?space=1&author=408298&count=100&locale=en
408298 page=1 pageSubmissions=20
408298 page=1 submissionsAfterChallengeStart=20
408298 page=1 nextHref=
408298 page=1 next=
408303 page=1 fetchUrl=https://acm.timus.ru/status.aspx?space=1&author=408303&count=100&locale=en
408303 page=1 pageSubmissions=91
408303 page=1 submissionsAfterChallengeStart=91
408303 page=1 nextHref=
408303 page=1 next=
408307 page=1 fetchUrl=https://acm.timus.ru/status.aspx?space=1&author=408307&count=100&locale=en
408307 page=1 pageSubmissions=3
408307 page=1 submissionsAfterChallengeStart=3
408307 page=1 nextHref=
408307 page=1 next=
408311 page=1 fetchUrl=https://acm.timus.ru/status.aspx?space=1&author=408311&count=100&locale=en
408311 page=1 pageSubmissions=5
408311 page=1 submissionsAfterChallengeStart=5
408311 page=1 nextHref=
408311 page=1 next=
408323 page=1 fetchUrl=https://acm.timus.ru/status.aspx?space=1&author=408323&count=100&locale=en
408323 page=1 pageSubmissions=21
408323 page=1 submissionsAfterChallengeStart=21
408323 page=1 nextHref=
408323 page=1 next=
408301 page=1 fetchUrl=https://acm.timus.ru/status.aspx?space=1&author=408301&count=100&locale=en
408301 page=1 pageSubmissions=16
408301 page=1 submissionsAfterChallengeStart=16
408301 page=1 nextHref=
408301 page=1 next=
408326 page=1 fetchUrl=https://acm.timus.ru/status.aspx?space=1&author=408326&count=100&locale=en
408326 page=1 pageSubmissions=12
408326 page=1 submissionsAfterChallengeStart=12
408326 page=1 nextHref=
408326 page=1 next=
# 2026-08-29T01:24:17.606Z
69385 page=1 fetchUrl=https://acm.timus.ru/status.aspx?space=1&author=69385&count=100&locale=en
69385 page=1 pageSubmissions=100
69385 page=1 submissionsAfterChallengeStart=100
69385 page=1 nextHref=status.aspx?space=1&amp;author=69385&amp;from=11241301
69385 page=1 next=/status.aspx?space=1&author=69385&from=11241301
69385 page=2 fetchUrl=https://acm.timus.ru/status.aspx?space=1&author=69385&from=11241301
69385 page=2 pageSubmissions=10
69385 page=2 submissionsAfterChallengeStart=10
69385 page=2 nextHref=status.aspx?space=1&amp;author=69385&amp;from=11240680
69385 page=2 next=/status.aspx?space=1&author=69385&from=11240680
69385 page=3 fetchUrl=https://acm.timus.ru/status.aspx?space=1&author=69385&from=11240680
69385 page=3 pageSubmissions=10
69385 page=3 submissionsAfterChallengeStart=10
69385 page=3 nextHref=status.aspx?space=1&amp;author=69385&amp;from=11240576
69385 page=3 next=/status.aspx?space=1&author=69385&from=11240576
69385 page=4 fetchUrl=https://acm.timus.ru/status.aspx?space=1&author=69385&from=11240576
69385 page=4 pageSubmissions=10
69385 page=4 submissionsAfterChallengeStart=5
69385 page=4 nextHref=status.aspx?space=1&amp;author=69385&amp;from=9460282
69385 page=4 next=
408257 page=1 fetchUrl=https://acm.timus.ru/status.aspx?space=1&author=408257&count=100&locale=en
408257 page=1 pageSubmissions=81
408257 page=1 submissionsAfterChallengeStart=81
408257 page=1 nextHref=
408257 page=1 next=
408279 page=1 fetchUrl=https://acm.timus.ru/status.aspx?space=1&author=408279&count=100&locale=en
408279 page=1 pageSubmissions=1
408279 page=1 submissionsAfterChallengeStart=1
408279 page=1 nextHref=
408279 page=1 next=
408277 page=1 fetchUrl=https://acm.timus.ru/status.aspx?space=1&author=408277&count=100&locale=en
408277 page=1 pageSubmissions=6
408277 page=1 submissionsAfterChallengeStart=6
408277 page=1 nextHref=
408277 page=1 next=
408280 page=1 fetchUrl=https://acm.timus.ru/status.aspx?space=1&author=408280&count=100&locale=en
408280 page=1 pageSubmissions=26
408280 page=1 submissionsAfterChallengeStart=26
408280 page=1 nextHref=
408280 page=1 next=
408281 page=1 fetchUrl=https://acm.timus.ru/status.aspx?space=1&author=408281&count=100&locale=en
408281 page=1 pageSubmissions=0
408281 page=1 submissionsAfterChallengeStart=0
408281 page=1 nextHref=
408281 page=1 next=
408282 page=1 fetchUrl=https://acm.timus.ru/status.aspx?space=1&author=408282&count=100&locale=en
408282 page=1 pageSubmissions=3
408282 page=1 submissionsAfterChallengeStart=3
408282 page=1 nextHref=
408282 page=1 next=
408283 page=1 fetchUrl=https://acm.timus.ru/status.aspx?space=1&author=408283&count=100&locale=en
408283 page=1 pageSubmissions=51
408283 page=1 submissionsAfterChallengeStart=51
408283 page=1 nextHref=
408283 page=1 next=
408292 page=1 fetchUrl=https://acm.timus.ru/status.aspx?space=1&author=408292&count=100&locale=en
408292 page=1 pageSubmissions=55
408292 page=1 submissionsAfterChallengeStart=55
408292 page=1 nextHref=
408292 page=1 next=
408293 page=1 fetchUrl=https://acm.timus.ru/status.aspx?space=1&author=408293&count=100&locale=en
408293 page=1 pageSubmissions=14
408293 page=1 submissionsAfterChallengeStart=14
408293 page=1 nextHref=
408293 page=1 next=
408296 page=1 fetchUrl=https://acm.timus.ru/status.aspx?space=1&author=408296&count=100&locale=en
408296 page=1 pageSubmissions=32
408296 page=1 submissionsAfterChallengeStart=32
408296 page=1 nextHref=
408296 page=1 next=
408294 page=1 fetchUrl=https://acm.timus.ru/status.aspx?space=1&author=408294&count=100&locale=en
408294 page=1 pageSubmissions=28
408294 page=1 submissionsAfterChallengeStart=28
408294 page=1 nextHref=
408294 page=1 next=
408298 page=1 fetchUrl=https://acm.timus.ru/status.aspx?space=1&author=408298&count=100&locale=en
408298 page=1 pageSubmissions=20
408298 page=1 submissionsAfterChallengeStart=20
408298 page=1 nextHref=
408298 page=1 next=
408303 page=1 fetchUrl=https://acm.timus.ru/status.aspx?space=1&author=408303&count=100&locale=en
408303 page=1 pageSubmissions=91
408303 page=1 submissionsAfterChallengeStart=91
408303 page=1 nextHref=
408303 page=1 next=
408307 page=1 fetchUrl=https://acm.timus.ru/status.aspx?space=1&author=408307&count=100&locale=en
408307 page=1 pageSubmissions=3
408307 page=1 submissionsAfterChallengeStart=3
408307 page=1 nextHref=
408307 page=1 next=
408311 page=1 fetchUrl=https://acm.timus.ru/status.aspx?space=1&author=408311&count=100&locale=en
408311 page=1 pageSubmissions=5
408311 page=1 submissionsAfterChallengeStart=5
408311 page=1 nextHref=
408311 page=1 next=
408323 page=1 fetchUrl=https://acm.timus.ru/status.aspx?space=1&author=408323&count=100&locale=en
408323 page=1 pageSubmissions=21
408323 page=1 submissionsAfterChallengeStart=21
408323 page=1 nextHref=
408323 page=1 next=
408301 page=1 fetchUrl=https://acm.timus.ru/status.aspx?space=1&author=408301&count=100&locale=en
408301 page=1 pageSubmissions=16
408301 page=1 submissionsAfterChallengeStart=16
408301 page=1 nextHref=
408301 page=1 next=
408326 page=1 fetchUrl=https://acm.timus.ru/status.aspx?space=1&author=408326&count=100&locale=en
408326 page=1 pageSubmissions=12
408326 page=1 submissionsAfterChallengeStart=12
408326 page=1 nextHref=
408326 page=1 next=
# 2026-08-29T01:29:18.542Z
69385 page=1 fetchUrl=https://acm.timus.ru/status.aspx?space=1&author=69385&count=100&locale=en
69385 page=1 pageSubmissions=100
69385 page=1 submissionsAfterChallengeStart=100
69385 page=1 nextHref=status.aspx?space=1&amp;author=69385&amp;from=11241301
69385 page=1 next=/status.aspx?space=1&author=69385&from=11241301
69385 page=2 fetchUrl=https://acm.timus.ru/status.aspx?space=1&author=69385&from=11241301
69385 page=2 pageSubmissions=10
69385 page=2 submissionsAfterChallengeStart=10
69385 page=2 nextHref=status.aspx?space=1&amp;author=69385&amp;from=11240680
69385 page=2 next=/status.aspx?space=1&author=69385&from=11240680
69385 page=3 fetchUrl=https://acm.timus.ru/status.aspx?space=1&author=69385&from=11240680
69385 page=3 pageSubmissions=10
69385 page=3 submissionsAfterChallengeStart=10
69385 page=3 nextHref=status.aspx?space=1&amp;author=69385&amp;from=11240576
69385 page=3 next=/status.aspx?space=1&author=69385&from=11240576
69385 page=4 fetchUrl=https://acm.timus.ru/status.aspx?space=1&author=69385&from=11240576
69385 page=4 pageSubmissions=10
69385 page=4 submissionsAfterChallengeStart=5
69385 page=4 nextHref=status.aspx?space=1&amp;author=69385&amp;from=9460282
69385 page=4 next=
408257 page=1 fetchUrl=https://acm.timus.ru/status.aspx?space=1&author=408257&count=100&locale=en
408257 page=1 pageSubmissions=81
408257 page=1 submissionsAfterChallengeStart=81
408257 page=1 nextHref=
408257 page=1 next=
408279 page=1 fetchUrl=https://acm.timus.ru/status.aspx?space=1&author=408279&count=100&locale=en
408279 page=1 pageSubmissions=1
408279 page=1 submissionsAfterChallengeStart=1
408279 page=1 nextHref=
408279 page=1 next=
408277 page=1 fetchUrl=https://acm.timus.ru/status.aspx?space=1&author=408277&count=100&locale=en
408277 page=1 pageSubmissions=6
408277 page=1 submissionsAfterChallengeStart=6
408277 page=1 nextHref=
408277 page=1 next=
408280 page=1 fetchUrl=https://acm.timus.ru/status.aspx?space=1&author=408280&count=100&locale=en
408280 page=1 pageSubmissions=26
408280 page=1 submissionsAfterChallengeStart=26
408280 page=1 nextHref=
408280 page=1 next=
408281 page=1 fetchUrl=https://acm.timus.ru/status.aspx?space=1&author=408281&count=100&locale=en
408281 page=1 pageSubmissions=0
408281 page=1 submissionsAfterChallengeStart=0
408281 page=1 nextHref=
408281 page=1 next=
408282 page=1 fetchUrl=https://acm.timus.ru/status.aspx?space=1&author=408282&count=100&locale=en
408282 page=1 pageSubmissions=3
408282 page=1 submissionsAfterChallengeStart=3
408282 page=1 nextHref=
408282 page=1 next=
408283 page=1 fetchUrl=https://acm.timus.ru/status.aspx?space=1&author=408283&count=100&locale=en
408283 page=1 pageSubmissions=51
408283 page=1 submissionsAfterChallengeStart=51
408283 page=1 nextHref=
408283 page=1 next=
408292 page=1 fetchUrl=https://acm.timus.ru/status.aspx?space=1&author=408292&count=100&locale=en
408292 page=1 pageSubmissions=55
408292 page=1 submissionsAfterChallengeStart=55
408292 page=1 nextHref=
408292 page=1 next=
408293 page=1 fetchUrl=https://acm.timus.ru/status.aspx?space=1&author=408293&count=100&locale=en
408293 page=1 pageSubmissions=14
408293 page=1 submissionsAfterChallengeStart=14
408293 page=1 nextHref=
408293 page=1 next=
408296 page=1 fetchUrl=https://acm.timus.ru/status.aspx?space=1&author=408296&count=100&locale=en
408296 page=1 pageSubmissions=32
408296 page=1 submissionsAfterChallengeStart=32
408296 page=1 nextHref=
408296 page=1 next=
408294 page=1 fetchUrl=https://acm.timus.ru/status.aspx?space=1&author=408294&count=100&locale=en
408294 page=1 pageSubmissions=28
408294 page=1 submissionsAfterChallengeStart=28
408294 page=1 nextHref=
408294 page=1 next=
408298 page=1 fetchUrl=https://acm.timus.ru/status.aspx?space=1&author=408298&count=100&locale=en
408298 page=1 pageSubmissions=20
408298 page=1 submissionsAfterChallengeStart=20
408298 page=1 nextHref=
408298 page=1 next=
408303 page=1 fetchUrl=https://acm.timus.ru/status.aspx?space=1&author=408303&count=100&locale=en
408303 page=1 pageSubmissions=91
408303 page=1 submissionsAfterChallengeStart=91
408303 page=1 nextHref=
408303 page=1 next=
408307 page=1 fetchUrl=https://acm.timus.ru/status.aspx?space=1&author=408307&count=100&locale=en
408307 page=1 pageSubmissions=3
408307 page=1 submissionsAfterChallengeStart=3
408307 page=1 nextHref=
408307 page=1 next=
408311 page=1 fetchUrl=https://acm.timus.ru/status.aspx?space=1&author=408311&count=100&locale=en
408311 page=1 pageSubmissions=5
408311 page=1 submissionsAfterChallengeStart=5
408311 page=1 nextHref=
408311 page=1 next=
408323 page=1 fetchUrl=https://acm.timus.ru/status.aspx?space=1&author=408323&count=100&locale=en
408323 page=1 pageSubmissions=21
408323 page=1 submissionsAfterChallengeStart=21
408323 page=1 nextHref=
408323 page=1 next=
408301 page=1 fetchUrl=https://acm.timus.ru/status.aspx?space=1&author=408301&count=100&locale=en
408301 page=1 pageSubmissions=16
408301 page=1 submissionsAfterChallengeStart=16
408301 page=1 nextHref=
408301 page=1 next=
408326 page=1 fetchUrl=https://acm.timus.ru/status.aspx?space=1&author=408326&count=100&locale=en
408326 page=1 pageSubmissions=12
408326 page=1 submissionsAfterChallengeStart=12
408326 page=1 nextHref=
408326 page=1 next=
# 2026-08-29T01:34:17.035Z
69385 page=1 fetchUrl=https://acm.timus.ru/status.aspx?space=1&author=69385&count=100&locale=en
69385 page=1 pageSubmissions=100
69385 page=1 submissionsAfterChallengeStart=100
69385 page=1 nextHref=status.aspx?space=1&amp;author=69385&amp;from=11241301
69385 page=1 next=/status.aspx?space=1&author=69385&from=11241301
69385 page=2 fetchUrl=https://acm.timus.ru/status.aspx?space=1&author=69385&from=11241301
69385 page=2 pageSubmissions=10
69385 page=2 submissionsAfterChallengeStart=10
69385 page=2 nextHref=status.aspx?space=1&amp;author=69385&amp;from=11240680
69385 page=2 next=/status.aspx?space=1&author=69385&from=11240680
69385 page=3 fetchUrl=https://acm.timus.ru/status.aspx?space=1&author=69385&from=11240680
69385 page=3 pageSubmissions=10
69385 page=3 submissionsAfterChallengeStart=10
69385 page=3 nextHref=status.aspx?space=1&amp;author=69385&amp;from=11240576
69385 page=3 next=/status.aspx?space=1&author=69385&from=11240576
69385 page=4 fetchUrl=https://acm.timus.ru/status.aspx?space=1&author=69385&from=11240576
69385 page=4 pageSubmissions=10
69385 page=4 submissionsAfterChallengeStart=5
69385 page=4 nextHref=status.aspx?space=1&amp;author=69385&amp;from=9460282
69385 page=4 next=
408257 page=1 fetchUrl=https://acm.timus.ru/status.aspx?space=1&author=408257&count=100&locale=en
408257 page=1 pageSubmissions=81
408257 page=1 submissionsAfterChallengeStart=81
408257 page=1 nextHref=
408257 page=1 next=
408279 page=1 fetchUrl=https://acm.timus.ru/status.aspx?space=1&author=408279&count=100&locale=en
408279 page=1 pageSubmissions=1
408279 page=1 submissionsAfterChallengeStart=1
408279 page=1 nextHref=
408279 page=1 next=
408277 page=1 fetchUrl=https://acm.timus.ru/status.aspx?space=1&author=408277&count=100&locale=en
408277 page=1 pageSubmissions=6
408277 page=1 submissionsAfterChallengeStart=6
408277 page=1 nextHref=
408277 page=1 next=
408280 page=1 fetchUrl=https://acm.timus.ru/status.aspx?space=1&author=408280&count=100&locale=en
408280 page=1 pageSubmissions=26
408280 page=1 submissionsAfterChallengeStart=26
408280 page=1 nextHref=
408280 page=1 next=
408281 page=1 fetchUrl=https://acm.timus.ru/status.aspx?space=1&author=408281&count=100&locale=en
408281 page=1 pageSubmissions=0
408281 page=1 submissionsAfterChallengeStart=0
408281 page=1 nextHref=
408281 page=1 next=
408282 page=1 fetchUrl=https://acm.timus.ru/status.aspx?space=1&author=408282&count=100&locale=en
408282 page=1 pageSubmissions=3
408282 page=1 submissionsAfterChallengeStart=3
408282 page=1 nextHref=
408282 page=1 next=
408283 page=1 fetchUrl=https://acm.timus.ru/status.aspx?space=1&author=408283&count=100&locale=en
408283 page=1 pageSubmissions=51
408283 page=1 submissionsAfterChallengeStart=51
408283 page=1 nextHref=
408283 page=1 next=
408292 page=1 fetchUrl=https://acm.timus.ru/status.aspx?space=1&author=408292&count=100&locale=en
408292 page=1 pageSubmissions=55
408292 page=1 submissionsAfterChallengeStart=55
408292 page=1 nextHref=
408292 page=1 next=
408293 page=1 fetchUrl=https://acm.timus.ru/status.aspx?space=1&author=408293&count=100&locale=en
408293 page=1 pageSubmissions=14
408293 page=1 submissionsAfterChallengeStart=14
408293 page=1 nextHref=
408293 page=1 next=
408296 page=1 fetchUrl=https://acm.timus.ru/status.aspx?space=1&author=408296&count=100&locale=en
408296 page=1 pageSubmissions=32
408296 page=1 submissionsAfterChallengeStart=32
408296 page=1 nextHref=
408296 page=1 next=
408294 page=1 fetchUrl=https://acm.timus.ru/status.aspx?space=1&author=408294&count=100&locale=en
408294 page=1 pageSubmissions=28
408294 page=1 submissionsAfterChallengeStart=28
408294 page=1 nextHref=
408294 page=1 next=
408298 page=1 fetchUrl=https://acm.timus.ru/status.aspx?space=1&author=408298&count=100&locale=en
408298 page=1 pageSubmissions=20
408298 page=1 submissionsAfterChallengeStart=20
408298 page=1 nextHref=
408298 page=1 next=
408303 page=1 fetchUrl=https://acm.timus.ru/status.aspx?space=1&author=408303&count=100&locale=en
408303 page=1 pageSubmissions=91
408303 page=1 submissionsAfterChallengeStart=91
408303 page=1 nextHref=
408303 page=1 next=
408307 page=1 fetchUrl=https://acm.timus.ru/status.aspx?space=1&author=408307&count=100&locale=en
408307 page=1 pageSubmissions=3
408307 page=1 submissionsAfterChallengeStart=3
408307 page=1 nextHref=
408307 page=1 next=
408311 page=1 fetchUrl=https://acm.timus.ru/status.aspx?space=1&author=408311&count=100&locale=en
408311 page=1 pageSubmissions=5
408311 page=1 submissionsAfterChallengeStart=5
408311 page=1 nextHref=
408311 page=1 next=
408323 page=1 fetchUrl=https://acm.timus.ru/status.aspx?space=1&author=408323&count=100&locale=en
408323 page=1 pageSubmissions=21
408323 page=1 submissionsAfterChallengeStart=21
408323 page=1 nextHref=
408323 page=1 next=
408301 page=1 fetchUrl=https://acm.timus.ru/status.aspx?space=1&author=408301&count=100&locale=en
408301 page=1 pageSubmissions=16
408301 page=1 submissionsAfterChallengeStart=16
408301 page=1 nextHref=
408301 page=1 next=
408326 page=1 fetchUrl=https://acm.timus.ru/status.aspx?space=1&author=408326&count=100&locale=en
408326 page=1 pageSubmissions=12
408326 page=1 submissionsAfterChallengeStart=12
408326 page=1 nextHref=
408326 page=1 next=
# 2026-08-29T01:39:15.182Z
69385 page=1 fetchUrl=https://acm.timus.ru/status.aspx?space=1&author=69385&count=100&locale=en
69385 page=1 pageSubmissions=100
69385 page=1 submissionsAfterChallengeStart=100
69385 page=1 nextHref=status.aspx?space=1&amp;author=69385&amp;from=11241301
69385 page=1 next=/status.aspx?space=1&author=69385&from=11241301
69385 page=2 fetchUrl=https://acm.timus.ru/status.aspx?space=1&author=69385&from=11241301
69385 page=2 pageSubmissions=10
69385 page=2 submissionsAfterChallengeStart=10
69385 page=2 nextHref=status.aspx?space=1&amp;author=69385&amp;from=11240680
69385 page=2 next=/status.aspx?space=1&author=69385&from=11240680
69385 page=3 fetchUrl=https://acm.timus.ru/status.aspx?space=1&author=69385&from=11240680
69385 page=3 pageSubmissions=10
69385 page=3 submissionsAfterChallengeStart=10
69385 page=3 nextHref=status.aspx?space=1&amp;author=69385&amp;from=11240576
69385 page=3 next=/status.aspx?space=1&author=69385&from=11240576
69385 page=4 fetchUrl=https://acm.timus.ru/status.aspx?space=1&author=69385&from=11240576
69385 page=4 pageSubmissions=10
69385 page=4 submissionsAfterChallengeStart=5
69385 page=4 nextHref=status.aspx?space=1&amp;author=69385&amp;from=9460282
69385 page=4 next=
408257 page=1 fetchUrl=https://acm.timus.ru/status.aspx?space=1&author=408257&count=100&locale=en
408257 page=1 pageSubmissions=81
408257 page=1 submissionsAfterChallengeStart=81
408257 page=1 nextHref=
408257 page=1 next=
408279 page=1 fetchUrl=https://acm.timus.ru/status.aspx?space=1&author=408279&count=100&locale=en
408279 page=1 pageSubmissions=1
408279 page=1 submissionsAfterChallengeStart=1
408279 page=1 nextHref=
408279 page=1 next=
408277 page=1 fetchUrl=https://acm.timus.ru/status.aspx?space=1&author=408277&count=100&locale=en
408277 page=1 pageSubmissions=6
408277 page=1 submissionsAfterChallengeStart=6
408277 page=1 nextHref=
408277 page=1 next=
408280 page=1 fetchUrl=https://acm.timus.ru/status.aspx?space=1&author=408280&count=100&locale=en
408280 page=1 pageSubmissions=26
408280 page=1 submissionsAfterChallengeStart=26
408280 page=1 nextHref=
408280 page=1 next=
408281 page=1 fetchUrl=https://acm.timus.ru/status.aspx?space=1&author=408281&count=100&locale=en
408281 page=1 pageSubmissions=0
408281 page=1 submissionsAfterChallengeStart=0
408281 page=1 nextHref=
408281 page=1 next=
408282 page=1 fetchUrl=https://acm.timus.ru/status.aspx?space=1&author=408282&count=100&locale=en
408282 page=1 pageSubmissions=3
408282 page=1 submissionsAfterChallengeStart=3
408282 page=1 nextHref=
408282 page=1 next=
408283 page=1 fetchUrl=https://acm.timus.ru/status.aspx?space=1&author=408283&count=100&locale=en
408283 page=1 pageSubmissions=51
408283 page=1 submissionsAfterChallengeStart=51
408283 page=1 nextHref=
408283 page=1 next=
408292 page=1 fetchUrl=https://acm.timus.ru/status.aspx?space=1&author=408292&count=100&locale=en
408292 page=1 pageSubmissions=55
408292 page=1 submissionsAfterChallengeStart=55
408292 page=1 nextHref=
408292 page=1 next=
408293 page=1 fetchUrl=https://acm.timus.ru/status.aspx?space=1&author=408293&count=100&locale=en
408293 page=1 pageSubmissions=14
408293 page=1 submissionsAfterChallengeStart=14
408293 page=1 nextHref=
408293 page=1 next=
408296 page=1 fetchUrl=https://acm.timus.ru/status.aspx?space=1&author=408296&count=100&locale=en
408296 page=1 pageSubmissions=32
408296 page=1 submissionsAfterChallengeStart=32
408296 page=1 nextHref=
408296 page=1 next=
408294 page=1 fetchUrl=https://acm.timus.ru/status.aspx?space=1&author=408294&count=100&locale=en
408294 page=1 pageSubmissions=28
408294 page=1 submissionsAfterChallengeStart=28
408294 page=1 nextHref=
408294 page=1 next=
408298 page=1 fetchUrl=https://acm.timus.ru/status.aspx?space=1&author=408298&count=100&locale=en
408298 page=1 pageSubmissions=20
408298 page=1 submissionsAfterChallengeStart=20
408298 page=1 nextHref=
408298 page=1 next=
408303 page=1 fetchUrl=https://acm.timus.ru/status.aspx?space=1&author=408303&count=100&locale=en
408303 page=1 pageSubmissions=91
408303 page=1 submissionsAfterChallengeStart=91
408303 page=1 nextHref=
408303 page=1 next=
408307 page=1 fetchUrl=https://acm.timus.ru/status.aspx?space=1&author=408307&count=100&locale=en
408307 page=1 pageSubmissions=3
408307 page=1 submissionsAfterChallengeStart=3
408307 page=1 nextHref=
408307 page=1 next=
408311 page=1 fetchUrl=https://acm.timus.ru/status.aspx?space=1&author=408311&count=100&locale=en
408311 page=1 pageSubmissions=5
408311 page=1 submissionsAfterChallengeStart=5
408311 page=1 nextHref=
408311 page=1 next=
408323 page=1 fetchUrl=https://acm.timus.ru/status.aspx?space=1&author=408323&count=100&locale=en
408323 page=1 pageSubmissions=21
408323 page=1 submissionsAfterChallengeStart=21
408323 page=1 nextHref=
408323 page=1 next=
408301 page=1 fetchUrl=https://acm.timus.ru/status.aspx?space=1&author=408301&count=100&locale=en
408301 page=1 pageSubmissions=16
408301 page=1 submissionsAfterChallengeStart=16
408301 page=1 nextHref=
408301 page=1 next=
408326 page=1 fetchUrl=https://acm.timus.ru/status.aspx?space=1&author=408326&count=100&locale=en
408326 page=1 pageSubmissions=12
408326 page=1 submissionsAfterChallengeStart=12
408326 page=1 nextHref=
408326 page=1 next=
# 2026-08-29T01:44:18.740Z
69385 page=1 fetchUrl=https://acm.timus.ru/status.aspx?space=1&author=69385&count=100&locale=en
69385 page=1 pageSubmissions=100
69385 page=1 submissionsAfterChallengeStart=100
69385 page=1 nextHref=status.aspx?space=1&amp;author=69385&amp;from=11241301
69385 page=1 next=/status.aspx?space=1&author=69385&from=11241301
69385 page=2 fetchUrl=https://acm.timus.ru/status.aspx?space=1&author=69385&from=11241301
69385 page=2 pageSubmissions=10
69385 page=2 submissionsAfterChallengeStart=10
69385 page=2 nextHref=status.aspx?space=1&amp;author=69385&amp;from=11240680
69385 page=2 next=/status.aspx?space=1&author=69385&from=11240680
69385 page=3 fetchUrl=https://acm.timus.ru/status.aspx?space=1&author=69385&from=11240680
69385 page=3 pageSubmissions=10
69385 page=3 submissionsAfterChallengeStart=10
69385 page=3 nextHref=status.aspx?space=1&amp;author=69385&amp;from=11240576
69385 page=3 next=/status.aspx?space=1&author=69385&from=11240576
69385 page=4 fetchUrl=https://acm.timus.ru/status.aspx?space=1&author=69385&from=11240576
69385 page=4 pageSubmissions=10
69385 page=4 submissionsAfterChallengeStart=5
69385 page=4 nextHref=status.aspx?space=1&amp;author=69385&amp;from=9460282
69385 page=4 next=
408257 page=1 fetchUrl=https://acm.timus.ru/status.aspx?space=1&author=408257&count=100&locale=en
408257 page=1 pageSubmissions=81
408257 page=1 submissionsAfterChallengeStart=81
408257 page=1 nextHref=
408257 page=1 next=
408279 page=1 fetchUrl=https://acm.timus.ru/status.aspx?space=1&author=408279&count=100&locale=en
408279 page=1 pageSubmissions=1
408279 page=1 submissionsAfterChallengeStart=1
408279 page=1 nextHref=
408279 page=1 next=
408277 page=1 fetchUrl=https://acm.timus.ru/status.aspx?space=1&author=408277&count=100&locale=en
408277 page=1 pageSubmissions=6
408277 page=1 submissionsAfterChallengeStart=6
408277 page=1 nextHref=
408277 page=1 next=
408280 page=1 fetchUrl=https://acm.timus.ru/status.aspx?space=1&author=408280&count=100&locale=en
408280 page=1 pageSubmissions=26
408280 page=1 submissionsAfterChallengeStart=26
408280 page=1 nextHref=
408280 page=1 next=
408281 page=1 fetchUrl=https://acm.timus.ru/status.aspx?space=1&author=408281&count=100&locale=en
408281 page=1 pageSubmissions=0
408281 page=1 submissionsAfterChallengeStart=0
408281 page=1 nextHref=
408281 page=1 next=
408282 page=1 fetchUrl=https://acm.timus.ru/status.aspx?space=1&author=408282&count=100&locale=en
408282 page=1 pageSubmissions=3
408282 page=1 submissionsAfterChallengeStart=3
408282 page=1 nextHref=
408282 page=1 next=
408283 page=1 fetchUrl=https://acm.timus.ru/status.aspx?space=1&author=408283&count=100&locale=en
408283 page=1 pageSubmissions=51
408283 page=1 submissionsAfterChallengeStart=51
408283 page=1 nextHref=
408283 page=1 next=
408292 page=1 fetchUrl=https://acm.timus.ru/status.aspx?space=1&author=408292&count=100&locale=en
408292 page=1 pageSubmissions=55
408292 page=1 submissionsAfterChallengeStart=55
408292 page=1 nextHref=
408292 page=1 next=
408293 page=1 fetchUrl=https://acm.timus.ru/status.aspx?space=1&author=408293&count=100&locale=en
408293 page=1 pageSubmissions=14
408293 page=1 submissionsAfterChallengeStart=14
408293 page=1 nextHref=
408293 page=1 next=
408296 page=1 fetchUrl=https://acm.timus.ru/status.aspx?space=1&author=408296&count=100&locale=en
408296 page=1 pageSubmissions=32
408296 page=1 submissionsAfterChallengeStart=32
408296 page=1 nextHref=
408296 page=1 next=
408294 page=1 fetchUrl=https://acm.timus.ru/status.aspx?space=1&author=408294&count=100&locale=en
408294 page=1 pageSubmissions=28
408294 page=1 submissionsAfterChallengeStart=28
408294 page=1 nextHref=
408294 page=1 next=
408298 page=1 fetchUrl=https://acm.timus.ru/status.aspx?space=1&author=408298&count=100&locale=en
408298 page=1 pageSubmissions=20
408298 page=1 submissionsAfterChallengeStart=20
408298 page=1 nextHref=
408298 page=1 next=
408303 page=1 fetchUrl=https://acm.timus.ru/status.aspx?space=1&author=408303&count=100&locale=en
408303 page=1 pageSubmissions=91
408303 page=1 submissionsAfterChallengeStart=91
408303 page=1 nextHref=
408303 page=1 next=
408307 page=1 fetchUrl=https://acm.timus.ru/status.aspx?space=1&author=408307&count=100&locale=en
408307 page=1 pageSubmissions=3
408307 page=1 submissionsAfterChallengeStart=3
408307 page=1 nextHref=
408307 page=1 next=
408311 page=1 fetchUrl=https://acm.timus.ru/status.aspx?space=1&author=408311&count=100&locale=en
408311 page=1 pageSubmissions=5
408311 page=1 submissionsAfterChallengeStart=5
408311 page=1 nextHref=
408311 page=1 next=
408323 page=1 fetchUrl=https://acm.timus.ru/status.aspx?space=1&author=408323&count=100&locale=en
408323 page=1 pageSubmissions=21
408323 page=1 submissionsAfterChallengeStart=21
408323 page=1 nextHref=
408323 page=1 next=
408301 page=1 fetchUrl=https://acm.timus.ru/status.aspx?space=1&author=408301&count=100&locale=en
408301 page=1 pageSubmissions=16
408301 page=1 submissionsAfterChallengeStart=16
408301 page=1 nextHref=
408301 page=1 next=
408326 page=1 fetchUrl=https://acm.timus.ru/status.aspx?space=1&author=408326&count=100&locale=en
408326 page=1 pageSubmissions=12
408326 page=1 submissionsAfterChallengeStart=12
408326 page=1 nextHref=
408326 page=1 next=
# 2026-08-29T01:49:17.768Z
69385 page=1 fetchUrl=https://acm.timus.ru/status.aspx?space=1&author=69385&count=100&locale=en
69385 page=1 pageSubmissions=100
69385 page=1 submissionsAfterChallengeStart=100
69385 page=1 nextHref=status.aspx?space=1&amp;author=69385&amp;from=11241301
69385 page=1 next=/status.aspx?space=1&author=69385&from=11241301
69385 page=2 fetchUrl=https://acm.timus.ru/status.aspx?space=1&author=69385&from=11241301
69385 page=2 pageSubmissions=10
69385 page=2 submissionsAfterChallengeStart=10
69385 page=2 nextHref=status.aspx?space=1&amp;author=69385&amp;from=11240680
69385 page=2 next=/status.aspx?space=1&author=69385&from=11240680
69385 page=3 fetchUrl=https://acm.timus.ru/status.aspx?space=1&author=69385&from=11240680
69385 page=3 pageSubmissions=10
69385 page=3 submissionsAfterChallengeStart=10
69385 page=3 nextHref=status.aspx?space=1&amp;author=69385&amp;from=11240576
69385 page=3 next=/status.aspx?space=1&author=69385&from=11240576
69385 page=4 fetchUrl=https://acm.timus.ru/status.aspx?space=1&author=69385&from=11240576
69385 page=4 pageSubmissions=10
69385 page=4 submissionsAfterChallengeStart=5
69385 page=4 nextHref=status.aspx?space=1&amp;author=69385&amp;from=9460282
69385 page=4 next=
408257 page=1 fetchUrl=https://acm.timus.ru/status.aspx?space=1&author=408257&count=100&locale=en
408257 page=1 pageSubmissions=81
408257 page=1 submissionsAfterChallengeStart=81
408257 page=1 nextHref=
408257 page=1 next=
408279 page=1 fetchUrl=https://acm.timus.ru/status.aspx?space=1&author=408279&count=100&locale=en
408279 page=1 pageSubmissions=1
408279 page=1 submissionsAfterChallengeStart=1
408279 page=1 nextHref=
408279 page=1 next=
408277 page=1 fetchUrl=https://acm.timus.ru/status.aspx?space=1&author=408277&count=100&locale=en
408277 page=1 pageSubmissions=6
408277 page=1 submissionsAfterChallengeStart=6
408277 page=1 nextHref=
408277 page=1 next=
408280 page=1 fetchUrl=https://acm.timus.ru/status.aspx?space=1&author=408280&count=100&locale=en
408280 page=1 pageSubmissions=26
408280 page=1 submissionsAfterChallengeStart=26
408280 page=1 nextHref=
408280 page=1 next=
408281 page=1 fetchUrl=https://acm.timus.ru/status.aspx?space=1&author=408281&count=100&locale=en
408281 page=1 pageSubmissions=0
408281 page=1 submissionsAfterChallengeStart=0
408281 page=1 nextHref=
408281 page=1 next=
408282 page=1 fetchUrl=https://acm.timus.ru/status.aspx?space=1&author=408282&count=100&locale=en
408282 page=1 pageSubmissions=3
408282 page=1 submissionsAfterChallengeStart=3
408282 page=1 nextHref=
408282 page=1 next=
408283 page=1 fetchUrl=https://acm.timus.ru/status.aspx?space=1&author=408283&count=100&locale=en
408283 page=1 pageSubmissions=51
408283 page=1 submissionsAfterChallengeStart=51
408283 page=1 nextHref=
408283 page=1 next=
408292 page=1 fetchUrl=https://acm.timus.ru/status.aspx?space=1&author=408292&count=100&locale=en
408292 page=1 pageSubmissions=55
408292 page=1 submissionsAfterChallengeStart=55
408292 page=1 nextHref=
408292 page=1 next=
408293 page=1 fetchUrl=https://acm.timus.ru/status.aspx?space=1&author=408293&count=100&locale=en
408293 page=1 pageSubmissions=14
408293 page=1 submissionsAfterChallengeStart=14
408293 page=1 nextHref=
408293 page=1 next=
408296 page=1 fetchUrl=https://acm.timus.ru/status.aspx?space=1&author=408296&count=100&locale=en
408296 page=1 pageSubmissions=32
408296 page=1 submissionsAfterChallengeStart=32
408296 page=1 nextHref=
408296 page=1 next=
408294 page=1 fetchUrl=https://acm.timus.ru/status.aspx?space=1&author=408294&count=100&locale=en
408294 page=1 pageSubmissions=28
408294 page=1 submissionsAfterChallengeStart=28
408294 page=1 nextHref=
408294 page=1 next=
408298 page=1 fetchUrl=https://acm.timus.ru/status.aspx?space=1&author=408298&count=100&locale=en
408298 page=1 pageSubmissions=20
408298 page=1 submissionsAfterChallengeStart=20
408298 page=1 nextHref=
408298 page=1 next=
408303 page=1 fetchUrl=https://acm.timus.ru/status.aspx?space=1&author=408303&count=100&locale=en
408303 page=1 pageSubmissions=91
408303 page=1 submissionsAfterChallengeStart=91
408303 page=1 nextHref=
408303 page=1 next=
408307 page=1 fetchUrl=https://acm.timus.ru/status.aspx?space=1&author=408307&count=100&locale=en
408307 page=1 pageSubmissions=3
408307 page=1 submissionsAfterChallengeStart=3
408307 page=1 nextHref=
408307 page=1 next=
408311 page=1 fetchUrl=https://acm.timus.ru/status.aspx?space=1&author=408311&count=100&locale=en
408311 page=1 pageSubmissions=5
408311 page=1 submissionsAfterChallengeStart=5
408311 page=1 nextHref=
408311 page=1 next=
408323 page=1 fetchUrl=https://acm.timus.ru/status.aspx?space=1&author=408323&count=100&locale=en
408323 page=1 pageSubmissions=21
408323 page=1 submissionsAfterChallengeStart=21
408323 page=1 nextHref=
408323 page=1 next=
408301 page=1 fetchUrl=https://acm.timus.ru/status.aspx?space=1&author=408301&count=100&locale=en
408301 page=1 pageSubmissions=16
408301 page=1 submissionsAfterChallengeStart=16
408301 page=1 nextHref=
408301 page=1 next=
408326 page=1 fetchUrl=https://acm.timus.ru/status.aspx?space=1&author=408326&count=100&locale=en
408326 page=1 pageSubmissions=12
408326 page=1 submissionsAfterChallengeStart=12
408326 page=1 nextHref=
408326 page=1 next=
# 2026-08-29T01:54:15.677Z
69385 page=1 fetchUrl=https://acm.timus.ru/status.aspx?space=1&author=69385&count=100&locale=en
69385 page=1 pageSubmissions=100
69385 page=1 submissionsAfterChallengeStart=100
69385 page=1 nextHref=status.aspx?space=1&amp;author=69385&amp;from=11241301
69385 page=1 next=/status.aspx?space=1&author=69385&from=11241301
69385 page=2 fetchUrl=https://acm.timus.ru/status.aspx?space=1&author=69385&from=11241301
69385 page=2 pageSubmissions=10
69385 page=2 submissionsAfterChallengeStart=10
69385 page=2 nextHref=status.aspx?space=1&amp;author=69385&amp;from=11240680
69385 page=2 next=/status.aspx?space=1&author=69385&from=11240680
69385 page=3 fetchUrl=https://acm.timus.ru/status.aspx?space=1&author=69385&from=11240680
69385 page=3 pageSubmissions=10
69385 page=3 submissionsAfterChallengeStart=10
69385 page=3 nextHref=status.aspx?space=1&amp;author=69385&amp;from=11240576
69385 page=3 next=/status.aspx?space=1&author=69385&from=11240576
69385 page=4 fetchUrl=https://acm.timus.ru/status.aspx?space=1&author=69385&from=11240576
69385 page=4 pageSubmissions=10
69385 page=4 submissionsAfterChallengeStart=5
69385 page=4 nextHref=status.aspx?space=1&amp;author=69385&amp;from=9460282
69385 page=4 next=
408257 page=1 fetchUrl=https://acm.timus.ru/status.aspx?space=1&author=408257&count=100&locale=en
408257 page=1 pageSubmissions=81
408257 page=1 submissionsAfterChallengeStart=81
408257 page=1 nextHref=
408257 page=1 next=
408279 page=1 fetchUrl=https://acm.timus.ru/status.aspx?space=1&author=408279&count=100&locale=en
408279 page=1 pageSubmissions=1
408279 page=1 submissionsAfterChallengeStart=1
408279 page=1 nextHref=
408279 page=1 next=
408277 page=1 fetchUrl=https://acm.timus.ru/status.aspx?space=1&author=408277&count=100&locale=en
408277 page=1 pageSubmissions=6
408277 page=1 submissionsAfterChallengeStart=6
408277 page=1 nextHref=
408277 page=1 next=
408280 page=1 fetchUrl=https://acm.timus.ru/status.aspx?space=1&author=408280&count=100&locale=en
408280 page=1 pageSubmissions=26
408280 page=1 submissionsAfterChallengeStart=26
408280 page=1 nextHref=
408280 page=1 next=
408281 page=1 fetchUrl=https://acm.timus.ru/status.aspx?space=1&author=408281&count=100&locale=en
408281 page=1 pageSubmissions=0
408281 page=1 submissionsAfterChallengeStart=0
408281 page=1 nextHref=
408281 page=1 next=
408282 page=1 fetchUrl=https://acm.timus.ru/status.aspx?space=1&author=408282&count=100&locale=en
408282 page=1 pageSubmissions=3
408282 page=1 submissionsAfterChallengeStart=3
408282 page=1 nextHref=
408282 page=1 next=
408283 page=1 fetchUrl=https://acm.timus.ru/status.aspx?space=1&author=408283&count=100&locale=en
408283 page=1 pageSubmissions=51
408283 page=1 submissionsAfterChallengeStart=51
408283 page=1 nextHref=
408283 page=1 next=
408292 page=1 fetchUrl=https://acm.timus.ru/status.aspx?space=1&author=408292&count=100&locale=en
408292 page=1 pageSubmissions=55
408292 page=1 submissionsAfterChallengeStart=55
408292 page=1 nextHref=
408292 page=1 next=
408293 page=1 fetchUrl=https://acm.timus.ru/status.aspx?space=1&author=408293&count=100&locale=en
408293 page=1 pageSubmissions=14
408293 page=1 submissionsAfterChallengeStart=14
408293 page=1 nextHref=
408293 page=1 next=
408296 page=1 fetchUrl=https://acm.timus.ru/status.aspx?space=1&author=408296&count=100&locale=en
408296 page=1 pageSubmissions=32
408296 page=1 submissionsAfterChallengeStart=32
408296 page=1 nextHref=
408296 page=1 next=
408294 page=1 fetchUrl=https://acm.timus.ru/status.aspx?space=1&author=408294&count=100&locale=en
408294 page=1 pageSubmissions=28
408294 page=1 submissionsAfterChallengeStart=28
408294 page=1 nextHref=
408294 page=1 next=
408298 page=1 fetchUrl=https://acm.timus.ru/status.aspx?space=1&author=408298&count=100&locale=en
408298 page=1 pageSubmissions=20
408298 page=1 submissionsAfterChallengeStart=20
408298 page=1 nextHref=
408298 page=1 next=
408303 page=1 fetchUrl=https://acm.timus.ru/status.aspx?space=1&author=408303&count=100&locale=en
408303 page=1 pageSubmissions=91
408303 page=1 submissionsAfterChallengeStart=91
408303 page=1 nextHref=
408303 page=1 next=
408307 page=1 fetchUrl=https://acm.timus.ru/status.aspx?space=1&author=408307&count=100&locale=en
408307 page=1 pageSubmissions=3
408307 page=1 submissionsAfterChallengeStart=3
408307 page=1 nextHref=
408307 page=1 next=
408311 page=1 fetchUrl=https://acm.timus.ru/status.aspx?space=1&author=408311&count=100&locale=en
408311 page=1 pageSubmissions=5
408311 page=1 submissionsAfterChallengeStart=5
408311 page=1 nextHref=
408311 page=1 next=
408323 page=1 fetchUrl=https://acm.timus.ru/status.aspx?space=1&author=408323&count=100&locale=en
408323 page=1 pageSubmissions=21
408323 page=1 submissionsAfterChallengeStart=21
408323 page=1 nextHref=
408323 page=1 next=
408301 page=1 fetchUrl=https://acm.timus.ru/status.aspx?space=1&author=408301&count=100&locale=en
408301 page=1 pageSubmissions=16
408301 page=1 submissionsAfterChallengeStart=16
408301 page=1 nextHref=
408301 page=1 next=
408326 page=1 fetchUrl=https://acm.timus.ru/status.aspx?space=1&author=408326&count=100&locale=en
408326 page=1 pageSubmissions=12
408326 page=1 submissionsAfterChallengeStart=12
408326 page=1 nextHref=
408326 page=1 next=
# 2026-08-29T01:59:23.096Z
69385 page=1 fetchUrl=https://acm.timus.ru/status.aspx?space=1&author=69385&count=100&locale=en
69385 page=1 pageSubmissions=100
69385 page=1 submissionsAfterChallengeStart=100
69385 page=1 nextHref=status.aspx?space=1&amp;author=69385&amp;from=11241301
69385 page=1 next=/status.aspx?space=1&author=69385&from=11241301
69385 page=2 fetchUrl=https://acm.timus.ru/status.aspx?space=1&author=69385&from=11241301
69385 page=2 pageSubmissions=10
69385 page=2 submissionsAfterChallengeStart=10
69385 page=2 nextHref=status.aspx?space=1&amp;author=69385&amp;from=11240680
69385 page=2 next=/status.aspx?space=1&author=69385&from=11240680
69385 page=3 fetchUrl=https://acm.timus.ru/status.aspx?space=1&author=69385&from=11240680
69385 page=3 pageSubmissions=10
69385 page=3 submissionsAfterChallengeStart=10
69385 page=3 nextHref=status.aspx?space=1&amp;author=69385&amp;from=11240576
69385 page=3 next=/status.aspx?space=1&author=69385&from=11240576
69385 page=4 fetchUrl=https://acm.timus.ru/status.aspx?space=1&author=69385&from=11240576
69385 page=4 pageSubmissions=10
69385 page=4 submissionsAfterChallengeStart=5
69385 page=4 nextHref=status.aspx?space=1&amp;author=69385&amp;from=9460282
69385 page=4 next=
408257 page=1 fetchUrl=https://acm.timus.ru/status.aspx?space=1&author=408257&count=100&locale=en
408257 page=1 pageSubmissions=81
408257 page=1 submissionsAfterChallengeStart=81
408257 page=1 nextHref=
408257 page=1 next=
408279 page=1 fetchUrl=https://acm.timus.ru/status.aspx?space=1&author=408279&count=100&locale=en
408279 page=1 pageSubmissions=1
408279 page=1 submissionsAfterChallengeStart=1
408279 page=1 nextHref=
408279 page=1 next=
408277 page=1 fetchUrl=https://acm.timus.ru/status.aspx?space=1&author=408277&count=100&locale=en
408277 page=1 pageSubmissions=6
408277 page=1 submissionsAfterChallengeStart=6
408277 page=1 nextHref=
408277 page=1 next=
408280 page=1 fetchUrl=https://acm.timus.ru/status.aspx?space=1&author=408280&count=100&locale=en
408280 page=1 pageSubmissions=26
408280 page=1 submissionsAfterChallengeStart=26
408280 page=1 nextHref=
408280 page=1 next=
408281 page=1 fetchUrl=https://acm.timus.ru/status.aspx?space=1&author=408281&count=100&locale=en
408281 page=1 pageSubmissions=0
408281 page=1 submissionsAfterChallengeStart=0
408281 page=1 nextHref=
408281 page=1 next=
408282 page=1 fetchUrl=https://acm.timus.ru/status.aspx?space=1&author=408282&count=100&locale=en
408282 page=1 pageSubmissions=3
408282 page=1 submissionsAfterChallengeStart=3
408282 page=1 nextHref=
408282 page=1 next=
408283 page=1 fetchUrl=https://acm.timus.ru/status.aspx?space=1&author=408283&count=100&locale=en
408283 page=1 pageSubmissions=51
408283 page=1 submissionsAfterChallengeStart=51
408283 page=1 nextHref=
408283 page=1 next=
408292 page=1 fetchUrl=https://acm.timus.ru/status.aspx?space=1&author=408292&count=100&locale=en
408292 page=1 pageSubmissions=55
408292 page=1 submissionsAfterChallengeStart=55
408292 page=1 nextHref=
408292 page=1 next=
408293 page=1 fetchUrl=https://acm.timus.ru/status.aspx?space=1&author=408293&count=100&locale=en
408293 page=1 pageSubmissions=14
408293 page=1 submissionsAfterChallengeStart=14
408293 page=1 nextHref=
408293 page=1 next=
408296 page=1 fetchUrl=https://acm.timus.ru/status.aspx?space=1&author=408296&count=100&locale=en
408296 page=1 pageSubmissions=32
408296 page=1 submissionsAfterChallengeStart=32
408296 page=1 nextHref=
408296 page=1 next=
408294 page=1 fetchUrl=https://acm.timus.ru/status.aspx?space=1&author=408294&count=100&locale=en
408294 page=1 pageSubmissions=28
408294 page=1 submissionsAfterChallengeStart=28
408294 page=1 nextHref=
408294 page=1 next=
408298 page=1 fetchUrl=https://acm.timus.ru/status.aspx?space=1&author=408298&count=100&locale=en
408298 page=1 pageSubmissions=20
408298 page=1 submissionsAfterChallengeStart=20
408298 page=1 nextHref=
408298 page=1 next=
408303 page=1 fetchUrl=https://acm.timus.ru/status.aspx?space=1&author=408303&count=100&locale=en
408303 page=1 pageSubmissions=91
408303 page=1 submissionsAfterChallengeStart=91
408303 page=1 nextHref=
408303 page=1 next=
408307 page=1 fetchUrl=https://acm.timus.ru/status.aspx?space=1&author=408307&count=100&locale=en
408307 page=1 pageSubmissions=3
408307 page=1 submissionsAfterChallengeStart=3
408307 page=1 nextHref=
408307 page=1 next=
408311 page=1 fetchUrl=https://acm.timus.ru/status.aspx?space=1&author=408311&count=100&locale=en
408311 page=1 pageSubmissions=5
408311 page=1 submissionsAfterChallengeStart=5
408311 page=1 nextHref=
408311 page=1 next=
408323 page=1 fetchUrl=https://acm.timus.ru/status.aspx?space=1&author=408323&count=100&locale=en
408323 page=1 pageSubmissions=21
408323 page=1 submissionsAfterChallengeStart=21
408323 page=1 nextHref=
408323 page=1 next=
408301 page=1 fetchUrl=https://acm.timus.ru/status.aspx?space=1&author=408301&count=100&locale=en
408301 page=1 pageSubmissions=16
408301 page=1 submissionsAfterChallengeStart=16
408301 page=1 nextHref=
408301 page=1 next=
408326 page=1 fetchUrl=https://acm.timus.ru/status.aspx?space=1&author=408326&count=100&locale=en
408326 page=1 pageSubmissions=12
408326 page=1 submissionsAfterChallengeStart=12
408326 page=1 nextHref=
408326 page=1 next=
# 2026-08-29T02:04:16.714Z
69385 page=1 fetchUrl=https://acm.timus.ru/status.aspx?space=1&author=69385&count=100&locale=en
69385 page=1 pageSubmissions=100
69385 page=1 submissionsAfterChallengeStart=100
69385 page=1 nextHref=status.aspx?space=1&amp;author=69385&amp;from=11241301
69385 page=1 next=/status.aspx?space=1&author=69385&from=11241301
69385 page=2 fetchUrl=https://acm.timus.ru/status.aspx?space=1&author=69385&from=11241301
69385 page=2 pageSubmissions=10
69385 page=2 submissionsAfterChallengeStart=10
69385 page=2 nextHref=status.aspx?space=1&amp;author=69385&amp;from=11240680
69385 page=2 next=/status.aspx?space=1&author=69385&from=11240680
69385 page=3 fetchUrl=https://acm.timus.ru/status.aspx?space=1&author=69385&from=11240680
69385 page=3 pageSubmissions=10
69385 page=3 submissionsAfterChallengeStart=10
69385 page=3 nextHref=status.aspx?space=1&amp;author=69385&amp;from=11240576
69385 page=3 next=/status.aspx?space=1&author=69385&from=11240576
69385 page=4 fetchUrl=https://acm.timus.ru/status.aspx?space=1&author=69385&from=11240576
69385 page=4 pageSubmissions=10
69385 page=4 submissionsAfterChallengeStart=5
69385 page=4 nextHref=status.aspx?space=1&amp;author=69385&amp;from=9460282
69385 page=4 next=
408257 page=1 fetchUrl=https://acm.timus.ru/status.aspx?space=1&author=408257&count=100&locale=en
408257 page=1 pageSubmissions=81
408257 page=1 submissionsAfterChallengeStart=81
408257 page=1 nextHref=
408257 page=1 next=
408279 page=1 fetchUrl=https://acm.timus.ru/status.aspx?space=1&author=408279&count=100&locale=en
408279 page=1 pageSubmissions=1
408279 page=1 submissionsAfterChallengeStart=1
408279 page=1 nextHref=
408279 page=1 next=
408277 page=1 fetchUrl=https://acm.timus.ru/status.aspx?space=1&author=408277&count=100&locale=en
408277 page=1 pageSubmissions=6
408277 page=1 submissionsAfterChallengeStart=6
408277 page=1 nextHref=
408277 page=1 next=
408280 page=1 fetchUrl=https://acm.timus.ru/status.aspx?space=1&author=408280&count=100&locale=en
408280 page=1 pageSubmissions=26
408280 page=1 submissionsAfterChallengeStart=26
408280 page=1 nextHref=
408280 page=1 next=
408281 page=1 fetchUrl=https://acm.timus.ru/status.aspx?space=1&author=408281&count=100&locale=en
408281 page=1 pageSubmissions=0
408281 page=1 submissionsAfterChallengeStart=0
408281 page=1 nextHref=
408281 page=1 next=
408282 page=1 fetchUrl=https://acm.timus.ru/status.aspx?space=1&author=408282&count=100&locale=en
408282 page=1 pageSubmissions=3
408282 page=1 submissionsAfterChallengeStart=3
408282 page=1 nextHref=
408282 page=1 next=
408283 page=1 fetchUrl=https://acm.timus.ru/status.aspx?space=1&author=408283&count=100&locale=en
408283 page=1 pageSubmissions=51
408283 page=1 submissionsAfterChallengeStart=51
408283 page=1 nextHref=
408283 page=1 next=
408292 page=1 fetchUrl=https://acm.timus.ru/status.aspx?space=1&author=408292&count=100&locale=en
408292 page=1 pageSubmissions=55
408292 page=1 submissionsAfterChallengeStart=55
408292 page=1 nextHref=
408292 page=1 next=
408293 page=1 fetchUrl=https://acm.timus.ru/status.aspx?space=1&author=408293&count=100&locale=en
408293 page=1 pageSubmissions=14
408293 page=1 submissionsAfterChallengeStart=14
408293 page=1 nextHref=
408293 page=1 next=
408296 page=1 fetchUrl=https://acm.timus.ru/status.aspx?space=1&author=408296&count=100&locale=en
408296 page=1 pageSubmissions=32
408296 page=1 submissionsAfterChallengeStart=32
408296 page=1 nextHref=
408296 page=1 next=
408294 page=1 fetchUrl=https://acm.timus.ru/status.aspx?space=1&author=408294&count=100&locale=en
408294 page=1 pageSubmissions=28
408294 page=1 submissionsAfterChallengeStart=28
408294 page=1 nextHref=
408294 page=1 next=
408298 page=1 fetchUrl=https://acm.timus.ru/status.aspx?space=1&author=408298&count=100&locale=en
408298 page=1 pageSubmissions=20
408298 page=1 submissionsAfterChallengeStart=20
408298 page=1 nextHref=
408298 page=1 next=
408303 page=1 fetchUrl=https://acm.timus.ru/status.aspx?space=1&author=408303&count=100&locale=en
408303 page=1 pageSubmissions=91
408303 page=1 submissionsAfterChallengeStart=91
408303 page=1 nextHref=
408303 page=1 next=
408307 page=1 fetchUrl=https://acm.timus.ru/status.aspx?space=1&author=408307&count=100&locale=en
408307 page=1 pageSubmissions=3
408307 page=1 submissionsAfterChallengeStart=3
408307 page=1 nextHref=
408307 page=1 next=
408311 page=1 fetchUrl=https://acm.timus.ru/status.aspx?space=1&author=408311&count=100&locale=en
408311 page=1 pageSubmissions=5
408311 page=1 submissionsAfterChallengeStart=5
408311 page=1 nextHref=
408311 page=1 next=
408323 page=1 fetchUrl=https://acm.timus.ru/status.aspx?space=1&author=408323&count=100&locale=en
408323 page=1 pageSubmissions=21
408323 page=1 submissionsAfterChallengeStart=21
408323 page=1 nextHref=
408323 page=1 next=
408301 page=1 fetchUrl=https://acm.timus.ru/status.aspx?space=1&author=408301&count=100&locale=en
408301 page=1 pageSubmissions=16
408301 page=1 submissionsAfterChallengeStart=16
408301 page=1 nextHref=
408301 page=1 next=
408326 page=1 fetchUrl=https://acm.timus.ru/status.aspx?space=1&author=408326&count=100&locale=en
408326 page=1 pageSubmissions=12
408326 page=1 submissionsAfterChallengeStart=12
408326 page=1 nextHref=
408326 page=1 next=
# 2026-08-29T02:09:15.989Z
69385 page=1 fetchUrl=https://acm.timus.ru/status.aspx?space=1&author=69385&count=100&locale=en
69385 page=1 pageSubmissions=100
69385 page=1 submissionsAfterChallengeStart=100
69385 page=1 nextHref=status.aspx?space=1&amp;author=69385&amp;from=11241301
69385 page=1 next=/status.aspx?space=1&author=69385&from=11241301
69385 page=2 fetchUrl=https://acm.timus.ru/status.aspx?space=1&author=69385&from=11241301
69385 page=2 pageSubmissions=10
69385 page=2 submissionsAfterChallengeStart=10
69385 page=2 nextHref=status.aspx?space=1&amp;author=69385&amp;from=11240680
69385 page=2 next=/status.aspx?space=1&author=69385&from=11240680
69385 page=3 fetchUrl=https://acm.timus.ru/status.aspx?space=1&author=69385&from=11240680
69385 page=3 pageSubmissions=10
69385 page=3 submissionsAfterChallengeStart=10
69385 page=3 nextHref=status.aspx?space=1&amp;author=69385&amp;from=11240576
69385 page=3 next=/status.aspx?space=1&author=69385&from=11240576
69385 page=4 fetchUrl=https://acm.timus.ru/status.aspx?space=1&author=69385&from=11240576
69385 page=4 pageSubmissions=10
69385 page=4 submissionsAfterChallengeStart=5
69385 page=4 nextHref=status.aspx?space=1&amp;author=69385&amp;from=9460282
69385 page=4 next=
408257 page=1 fetchUrl=https://acm.timus.ru/status.aspx?space=1&author=408257&count=100&locale=en
408257 page=1 pageSubmissions=81
408257 page=1 submissionsAfterChallengeStart=81
408257 page=1 nextHref=
408257 page=1 next=
408279 page=1 fetchUrl=https://acm.timus.ru/status.aspx?space=1&author=408279&count=100&locale=en
408279 page=1 pageSubmissions=1
408279 page=1 submissionsAfterChallengeStart=1
408279 page=1 nextHref=
408279 page=1 next=
408277 page=1 fetchUrl=https://acm.timus.ru/status.aspx?space=1&author=408277&count=100&locale=en
408277 page=1 pageSubmissions=6
408277 page=1 submissionsAfterChallengeStart=6
408277 page=1 nextHref=
408277 page=1 next=
408280 page=1 fetchUrl=https://acm.timus.ru/status.aspx?space=1&author=408280&count=100&locale=en
408280 page=1 pageSubmissions=26
408280 page=1 submissionsAfterChallengeStart=26
408280 page=1 nextHref=
408280 page=1 next=
408281 page=1 fetchUrl=https://acm.timus.ru/status.aspx?space=1&author=408281&count=100&locale=en
408281 page=1 pageSubmissions=0
408281 page=1 submissionsAfterChallengeStart=0
408281 page=1 nextHref=
408281 page=1 next=
408282 page=1 fetchUrl=https://acm.timus.ru/status.aspx?space=1&author=408282&count=100&locale=en
408282 page=1 pageSubmissions=3
408282 page=1 submissionsAfterChallengeStart=3
408282 page=1 nextHref=
408282 page=1 next=
408283 page=1 fetchUrl=https://acm.timus.ru/status.aspx?space=1&author=408283&count=100&locale=en
408283 page=1 pageSubmissions=51
408283 page=1 submissionsAfterChallengeStart=51
408283 page=1 nextHref=
408283 page=1 next=
408292 page=1 fetchUrl=https://acm.timus.ru/status.aspx?space=1&author=408292&count=100&locale=en
408292 page=1 pageSubmissions=55
408292 page=1 submissionsAfterChallengeStart=55
408292 page=1 nextHref=
408292 page=1 next=
408293 page=1 fetchUrl=https://acm.timus.ru/status.aspx?space=1&author=408293&count=100&locale=en
408293 page=1 pageSubmissions=14
408293 page=1 submissionsAfterChallengeStart=14
408293 page=1 nextHref=
408293 page=1 next=
408296 page=1 fetchUrl=https://acm.timus.ru/status.aspx?space=1&author=408296&count=100&locale=en
408296 page=1 pageSubmissions=32
408296 page=1 submissionsAfterChallengeStart=32
408296 page=1 nextHref=
408296 page=1 next=
408294 page=1 fetchUrl=https://acm.timus.ru/status.aspx?space=1&author=408294&count=100&locale=en
408294 page=1 pageSubmissions=28
408294 page=1 submissionsAfterChallengeStart=28
408294 page=1 nextHref=
408294 page=1 next=
408298 page=1 fetchUrl=https://acm.timus.ru/status.aspx?space=1&author=408298&count=100&locale=en
408298 page=1 pageSubmissions=20
408298 page=1 submissionsAfterChallengeStart=20
408298 page=1 nextHref=
408298 page=1 next=
408303 page=1 fetchUrl=https://acm.timus.ru/status.aspx?space=1&author=408303&count=100&locale=en
408303 page=1 pageSubmissions=91
408303 page=1 submissionsAfterChallengeStart=91
408303 page=1 nextHref=
408303 page=1 next=
408307 page=1 fetchUrl=https://acm.timus.ru/status.aspx?space=1&author=408307&count=100&locale=en
408307 page=1 pageSubmissions=3
408307 page=1 submissionsAfterChallengeStart=3
408307 page=1 nextHref=
408307 page=1 next=
408311 page=1 fetchUrl=https://acm.timus.ru/status.aspx?space=1&author=408311&count=100&locale=en
408311 page=1 pageSubmissions=5
408311 page=1 submissionsAfterChallengeStart=5
408311 page=1 nextHref=
408311 page=1 next=
408323 page=1 fetchUrl=https://acm.timus.ru/status.aspx?space=1&author=408323&count=100&locale=en
408323 page=1 pageSubmissions=21
408323 page=1 submissionsAfterChallengeStart=21
408323 page=1 nextHref=
408323 page=1 next=
408301 page=1 fetchUrl=https://acm.timus.ru/status.aspx?space=1&author=408301&count=100&locale=en
408301 page=1 pageSubmissions=16
408301 page=1 submissionsAfterChallengeStart=16
408301 page=1 nextHref=
408301 page=1 next=
408326 page=1 fetchUrl=https://acm.timus.ru/status.aspx?space=1&author=408326&count=100&locale=en
408326 page=1 pageSubmissions=12
408326 page=1 submissionsAfterChallengeStart=12
408326 page=1 nextHref=
408326 page=1 next=
# 2026-08-29T02:14:14.043Z
69385 page=1 fetchUrl=https://acm.timus.ru/status.aspx?space=1&author=69385&count=100&locale=en
69385 page=1 pageSubmissions=100
69385 page=1 submissionsAfterChallengeStart=100
69385 page=1 nextHref=status.aspx?space=1&amp;author=69385&amp;from=11241301
69385 page=1 next=/status.aspx?space=1&author=69385&from=11241301
69385 page=2 fetchUrl=https://acm.timus.ru/status.aspx?space=1&author=69385&from=11241301
69385 page=2 pageSubmissions=10
69385 page=2 submissionsAfterChallengeStart=10
69385 page=2 nextHref=status.aspx?space=1&amp;author=69385&amp;from=11240680
69385 page=2 next=/status.aspx?space=1&author=69385&from=11240680
69385 page=3 fetchUrl=https://acm.timus.ru/status.aspx?space=1&author=69385&from=11240680
69385 page=3 pageSubmissions=10
69385 page=3 submissionsAfterChallengeStart=10
69385 page=3 nextHref=status.aspx?space=1&amp;author=69385&amp;from=11240576
69385 page=3 next=/status.aspx?space=1&author=69385&from=11240576
69385 page=4 fetchUrl=https://acm.timus.ru/status.aspx?space=1&author=69385&from=11240576
69385 page=4 pageSubmissions=10
69385 page=4 submissionsAfterChallengeStart=5
69385 page=4 nextHref=status.aspx?space=1&amp;author=69385&amp;from=9460282
69385 page=4 next=
408257 page=1 fetchUrl=https://acm.timus.ru/status.aspx?space=1&author=408257&count=100&locale=en
408257 page=1 pageSubmissions=81
408257 page=1 submissionsAfterChallengeStart=81
408257 page=1 nextHref=
408257 page=1 next=
408279 page=1 fetchUrl=https://acm.timus.ru/status.aspx?space=1&author=408279&count=100&locale=en
408279 page=1 pageSubmissions=1
408279 page=1 submissionsAfterChallengeStart=1
408279 page=1 nextHref=
408279 page=1 next=
408277 page=1 fetchUrl=https://acm.timus.ru/status.aspx?space=1&author=408277&count=100&locale=en
408277 page=1 pageSubmissions=6
408277 page=1 submissionsAfterChallengeStart=6
408277 page=1 nextHref=
408277 page=1 next=
408280 page=1 fetchUrl=https://acm.timus.ru/status.aspx?space=1&author=408280&count=100&locale=en
408280 page=1 pageSubmissions=26
408280 page=1 submissionsAfterChallengeStart=26
408280 page=1 nextHref=
408280 page=1 next=
408281 page=1 fetchUrl=https://acm.timus.ru/status.aspx?space=1&author=408281&count=100&locale=en
408281 page=1 pageSubmissions=0
408281 page=1 submissionsAfterChallengeStart=0
408281 page=1 nextHref=
408281 page=1 next=
408282 page=1 fetchUrl=https://acm.timus.ru/status.aspx?space=1&author=408282&count=100&locale=en
408282 page=1 pageSubmissions=3
408282 page=1 submissionsAfterChallengeStart=3
408282 page=1 nextHref=
408282 page=1 next=
408283 page=1 fetchUrl=https://acm.timus.ru/status.aspx?space=1&author=408283&count=100&locale=en
408283 page=1 pageSubmissions=51
408283 page=1 submissionsAfterChallengeStart=51
408283 page=1 nextHref=
408283 page=1 next=
408292 page=1 fetchUrl=https://acm.timus.ru/status.aspx?space=1&author=408292&count=100&locale=en
408292 page=1 pageSubmissions=55
408292 page=1 submissionsAfterChallengeStart=55
408292 page=1 nextHref=
408292 page=1 next=
408293 page=1 fetchUrl=https://acm.timus.ru/status.aspx?space=1&author=408293&count=100&locale=en
408293 page=1 pageSubmissions=14
408293 page=1 submissionsAfterChallengeStart=14
408293 page=1 nextHref=
408293 page=1 next=
408296 page=1 fetchUrl=https://acm.timus.ru/status.aspx?space=1&author=408296&count=100&locale=en
408296 page=1 pageSubmissions=32
408296 page=1 submissionsAfterChallengeStart=32
408296 page=1 nextHref=
408296 page=1 next=
408294 page=1 fetchUrl=https://acm.timus.ru/status.aspx?space=1&author=408294&count=100&locale=en
408294 page=1 pageSubmissions=28
408294 page=1 submissionsAfterChallengeStart=28
408294 page=1 nextHref=
408294 page=1 next=
408298 page=1 fetchUrl=https://acm.timus.ru/status.aspx?space=1&author=408298&count=100&locale=en
408298 page=1 pageSubmissions=20
408298 page=1 submissionsAfterChallengeStart=20
408298 page=1 nextHref=
408298 page=1 next=
408303 page=1 fetchUrl=https://acm.timus.ru/status.aspx?space=1&author=408303&count=100&locale=en
408303 page=1 pageSubmissions=91
408303 page=1 submissionsAfterChallengeStart=91
408303 page=1 nextHref=
408303 page=1 next=
408307 page=1 fetchUrl=https://acm.timus.ru/status.aspx?space=1&author=408307&count=100&locale=en
408307 page=1 pageSubmissions=3
408307 page=1 submissionsAfterChallengeStart=3
408307 page=1 nextHref=
408307 page=1 next=
408311 page=1 fetchUrl=https://acm.timus.ru/status.aspx?space=1&author=408311&count=100&locale=en
408311 page=1 pageSubmissions=5
408311 page=1 submissionsAfterChallengeStart=5
408311 page=1 nextHref=
408311 page=1 next=
408323 page=1 fetchUrl=https://acm.timus.ru/status.aspx?space=1&author=408323&count=100&locale=en
408323 page=1 pageSubmissions=21
408323 page=1 submissionsAfterChallengeStart=21
408323 page=1 nextHref=
408323 page=1 next=
408301 page=1 fetchUrl=https://acm.timus.ru/status.aspx?space=1&author=408301&count=100&locale=en
408301 page=1 pageSubmissions=16
408301 page=1 submissionsAfterChallengeStart=16
408301 page=1 nextHref=
408301 page=1 next=
408326 page=1 fetchUrl=https://acm.timus.ru/status.aspx?space=1&author=408326&count=100&locale=en
408326 page=1 pageSubmissions=12
408326 page=1 submissionsAfterChallengeStart=12
408326 page=1 nextHref=
408326 page=1 next=
# 2026-08-29T02:19:17.895Z
69385 page=1 fetchUrl=https://acm.timus.ru/status.aspx?space=1&author=69385&count=100&locale=en
69385 page=1 pageSubmissions=100
69385 page=1 submissionsAfterChallengeStart=100
69385 page=1 nextHref=status.aspx?space=1&amp;author=69385&amp;from=11241301
69385 page=1 next=/status.aspx?space=1&author=69385&from=11241301
69385 page=2 fetchUrl=https://acm.timus.ru/status.aspx?space=1&author=69385&from=11241301
69385 page=2 pageSubmissions=10
69385 page=2 submissionsAfterChallengeStart=10
69385 page=2 nextHref=status.aspx?space=1&amp;author=69385&amp;from=11240680
69385 page=2 next=/status.aspx?space=1&author=69385&from=11240680
69385 page=3 fetchUrl=https://acm.timus.ru/status.aspx?space=1&author=69385&from=11240680
69385 page=3 pageSubmissions=10
69385 page=3 submissionsAfterChallengeStart=10
69385 page=3 nextHref=status.aspx?space=1&amp;author=69385&amp;from=11240576
69385 page=3 next=/status.aspx?space=1&author=69385&from=11240576
69385 page=4 fetchUrl=https://acm.timus.ru/status.aspx?space=1&author=69385&from=11240576
69385 page=4 pageSubmissions=10
69385 page=4 submissionsAfterChallengeStart=5
69385 page=4 nextHref=status.aspx?space=1&amp;author=69385&amp;from=9460282
69385 page=4 next=
408257 page=1 fetchUrl=https://acm.timus.ru/status.aspx?space=1&author=408257&count=100&locale=en
408257 page=1 pageSubmissions=81
408257 page=1 submissionsAfterChallengeStart=81
408257 page=1 nextHref=
408257 page=1 next=
408279 page=1 fetchUrl=https://acm.timus.ru/status.aspx?space=1&author=408279&count=100&locale=en
408279 page=1 pageSubmissions=1
408279 page=1 submissionsAfterChallengeStart=1
408279 page=1 nextHref=
408279 page=1 next=
408277 page=1 fetchUrl=https://acm.timus.ru/status.aspx?space=1&author=408277&count=100&locale=en
408277 page=1 pageSubmissions=6
408277 page=1 submissionsAfterChallengeStart=6
408277 page=1 nextHref=
408277 page=1 next=
408280 page=1 fetchUrl=https://acm.timus.ru/status.aspx?space=1&author=408280&count=100&locale=en
408280 page=1 pageSubmissions=26
408280 page=1 submissionsAfterChallengeStart=26
408280 page=1 nextHref=
408280 page=1 next=
408281 page=1 fetchUrl=https://acm.timus.ru/status.aspx?space=1&author=408281&count=100&locale=en
408281 page=1 pageSubmissions=0
408281 page=1 submissionsAfterChallengeStart=0
408281 page=1 nextHref=
408281 page=1 next=
408282 page=1 fetchUrl=https://acm.timus.ru/status.aspx?space=1&author=408282&count=100&locale=en
408282 page=1 pageSubmissions=3
408282 page=1 submissionsAfterChallengeStart=3
408282 page=1 nextHref=
408282 page=1 next=
408283 page=1 fetchUrl=https://acm.timus.ru/status.aspx?space=1&author=408283&count=100&locale=en
408283 page=1 pageSubmissions=51
408283 page=1 submissionsAfterChallengeStart=51
408283 page=1 nextHref=
408283 page=1 next=
408292 page=1 fetchUrl=https://acm.timus.ru/status.aspx?space=1&author=408292&count=100&locale=en
408292 page=1 pageSubmissions=55
408292 page=1 submissionsAfterChallengeStart=55
408292 page=1 nextHref=
408292 page=1 next=
408293 page=1 fetchUrl=https://acm.timus.ru/status.aspx?space=1&author=408293&count=100&locale=en
408293 page=1 pageSubmissions=14
408293 page=1 submissionsAfterChallengeStart=14
408293 page=1 nextHref=
408293 page=1 next=
408296 page=1 fetchUrl=https://acm.timus.ru/status.aspx?space=1&author=408296&count=100&locale=en
408296 page=1 pageSubmissions=32
408296 page=1 submissionsAfterChallengeStart=32
408296 page=1 nextHref=
408296 page=1 next=
408294 page=1 fetchUrl=https://acm.timus.ru/status.aspx?space=1&author=408294&count=100&locale=en
408294 page=1 pageSubmissions=28
408294 page=1 submissionsAfterChallengeStart=28
408294 page=1 nextHref=
408294 page=1 next=
408298 page=1 fetchUrl=https://acm.timus.ru/status.aspx?space=1&author=408298&count=100&locale=en
408298 page=1 pageSubmissions=20
408298 page=1 submissionsAfterChallengeStart=20
408298 page=1 nextHref=
408298 page=1 next=
408303 page=1 fetchUrl=https://acm.timus.ru/status.aspx?space=1&author=408303&count=100&locale=en
408303 page=1 pageSubmissions=91
408303 page=1 submissionsAfterChallengeStart=91
408303 page=1 nextHref=
408303 page=1 next=
408307 page=1 fetchUrl=https://acm.timus.ru/status.aspx?space=1&author=408307&count=100&locale=en
408307 page=1 pageSubmissions=3
408307 page=1 submissionsAfterChallengeStart=3
408307 page=1 nextHref=
408307 page=1 next=
408311 page=1 fetchUrl=https://acm.timus.ru/status.aspx?space=1&author=408311&count=100&locale=en
408311 page=1 pageSubmissions=5
408311 page=1 submissionsAfterChallengeStart=5
408311 page=1 nextHref=
408311 page=1 next=
408323 page=1 fetchUrl=https://acm.timus.ru/status.aspx?space=1&author=408323&count=100&locale=en
408323 page=1 pageSubmissions=21
408323 page=1 submissionsAfterChallengeStart=21
408323 page=1 nextHref=
408323 page=1 next=
408301 page=1 fetchUrl=https://acm.timus.ru/status.aspx?space=1&author=408301&count=100&locale=en
408301 page=1 pageSubmissions=16
408301 page=1 submissionsAfterChallengeStart=16
408301 page=1 nextHref=
408301 page=1 next=
408326 page=1 fetchUrl=https://acm.timus.ru/status.aspx?space=1&author=408326&count=100&locale=en
408326 page=1 pageSubmissions=12
408326 page=1 submissionsAfterChallengeStart=12
408326 page=1 nextHref=
408326 page=1 next=
# 2026-08-29T02:24:12.369Z
69385 page=1 fetchUrl=https://acm.timus.ru/status.aspx?space=1&author=69385&count=100&locale=en
69385 page=1 pageSubmissions=100
69385 page=1 submissionsAfterChallengeStart=100
69385 page=1 nextHref=status.aspx?space=1&amp;author=69385&amp;from=11241301
69385 page=1 next=/status.aspx?space=1&author=69385&from=11241301
69385 page=2 fetchUrl=https://acm.timus.ru/status.aspx?space=1&author=69385&from=11241301
69385 page=2 pageSubmissions=10
69385 page=2 submissionsAfterChallengeStart=10
69385 page=2 nextHref=status.aspx?space=1&amp;author=69385&amp;from=11240680
69385 page=2 next=/status.aspx?space=1&author=69385&from=11240680
69385 page=3 fetchUrl=https://acm.timus.ru/status.aspx?space=1&author=69385&from=11240680
69385 page=3 pageSubmissions=10
69385 page=3 submissionsAfterChallengeStart=10
69385 page=3 nextHref=status.aspx?space=1&amp;author=69385&amp;from=11240576
69385 page=3 next=/status.aspx?space=1&author=69385&from=11240576
69385 page=4 fetchUrl=https://acm.timus.ru/status.aspx?space=1&author=69385&from=11240576
69385 page=4 pageSubmissions=10
69385 page=4 submissionsAfterChallengeStart=5
69385 page=4 nextHref=status.aspx?space=1&amp;author=69385&amp;from=9460282
69385 page=4 next=
408257 page=1 fetchUrl=https://acm.timus.ru/status.aspx?space=1&author=408257&count=100&locale=en
408257 page=1 pageSubmissions=81
408257 page=1 submissionsAfterChallengeStart=81
408257 page=1 nextHref=
408257 page=1 next=
408279 page=1 fetchUrl=https://acm.timus.ru/status.aspx?space=1&author=408279&count=100&locale=en
408279 page=1 pageSubmissions=1
408279 page=1 submissionsAfterChallengeStart=1
408279 page=1 nextHref=
408279 page=1 next=
408277 page=1 fetchUrl=https://acm.timus.ru/status.aspx?space=1&author=408277&count=100&locale=en
408277 page=1 pageSubmissions=6
408277 page=1 submissionsAfterChallengeStart=6
408277 page=1 nextHref=
408277 page=1 next=
408280 page=1 fetchUrl=https://acm.timus.ru/status.aspx?space=1&author=408280&count=100&locale=en
408280 page=1 pageSubmissions=26
408280 page=1 submissionsAfterChallengeStart=26
408280 page=1 nextHref=
408280 page=1 next=
408281 page=1 fetchUrl=https://acm.timus.ru/status.aspx?space=1&author=408281&count=100&locale=en
408281 page=1 pageSubmissions=0
408281 page=1 submissionsAfterChallengeStart=0
408281 page=1 nextHref=
408281 page=1 next=
408282 page=1 fetchUrl=https://acm.timus.ru/status.aspx?space=1&author=408282&count=100&locale=en
408282 page=1 pageSubmissions=3
408282 page=1 submissionsAfterChallengeStart=3
408282 page=1 nextHref=
408282 page=1 next=
408283 page=1 fetchUrl=https://acm.timus.ru/status.aspx?space=1&author=408283&count=100&locale=en
408283 page=1 pageSubmissions=51
408283 page=1 submissionsAfterChallengeStart=51
408283 page=1 nextHref=
408283 page=1 next=
408292 page=1 fetchUrl=https://acm.timus.ru/status.aspx?space=1&author=408292&count=100&locale=en
408292 page=1 pageSubmissions=55
408292 page=1 submissionsAfterChallengeStart=55
408292 page=1 nextHref=
408292 page=1 next=
408293 page=1 fetchUrl=https://acm.timus.ru/status.aspx?space=1&author=408293&count=100&locale=en
408293 page=1 pageSubmissions=14
408293 page=1 submissionsAfterChallengeStart=14
408293 page=1 nextHref=
408293 page=1 next=
408296 page=1 fetchUrl=https://acm.timus.ru/status.aspx?space=1&author=408296&count=100&locale=en
408296 page=1 pageSubmissions=32
408296 page=1 submissionsAfterChallengeStart=32
408296 page=1 nextHref=
408296 page=1 next=
408294 page=1 fetchUrl=https://acm.timus.ru/status.aspx?space=1&author=408294&count=100&locale=en
408294 page=1 pageSubmissions=28
408294 page=1 submissionsAfterChallengeStart=28
408294 page=1 nextHref=
408294 page=1 next=
408298 page=1 fetchUrl=https://acm.timus.ru/status.aspx?space=1&author=408298&count=100&locale=en
408298 page=1 pageSubmissions=20
408298 page=1 submissionsAfterChallengeStart=20
408298 page=1 nextHref=
408298 page=1 next=
408303 page=1 fetchUrl=https://acm.timus.ru/status.aspx?space=1&author=408303&count=100&locale=en
408303 page=1 pageSubmissions=91
408303 page=1 submissionsAfterChallengeStart=91
408303 page=1 nextHref=
408303 page=1 next=
408307 page=1 fetchUrl=https://acm.timus.ru/status.aspx?space=1&author=408307&count=100&locale=en
408307 page=1 pageSubmissions=3
408307 page=1 submissionsAfterChallengeStart=3
408307 page=1 nextHref=
408307 page=1 next=
408311 page=1 fetchUrl=https://acm.timus.ru/status.aspx?space=1&author=408311&count=100&locale=en
408311 page=1 pageSubmissions=5
408311 page=1 submissionsAfterChallengeStart=5
408311 page=1 nextHref=
408311 page=1 next=
408323 page=1 fetchUrl=https://acm.timus.ru/status.aspx?space=1&author=408323&count=100&locale=en
408323 page=1 pageSubmissions=21
408323 page=1 submissionsAfterChallengeStart=21
408323 page=1 nextHref=
408323 page=1 next=
408301 page=1 fetchUrl=https://acm.timus.ru/status.aspx?space=1&author=408301&count=100&locale=en
408301 page=1 pageSubmissions=16
408301 page=1 submissionsAfterChallengeStart=16
408301 page=1 nextHref=
408301 page=1 next=
408326 page=1 fetchUrl=https://acm.timus.ru/status.aspx?space=1&author=408326&count=100&locale=en
408326 page=1 pageSubmissions=12
408326 page=1 submissionsAfterChallengeStart=12
408326 page=1 nextHref=
408326 page=1 next=
# 2026-08-29T02:29:17.721Z
69385 page=1 fetchUrl=https://acm.timus.ru/status.aspx?space=1&author=69385&count=100&locale=en
69385 page=1 pageSubmissions=100
69385 page=1 submissionsAfterChallengeStart=100
69385 page=1 nextHref=status.aspx?space=1&amp;author=69385&amp;from=11241301
69385 page=1 next=/status.aspx?space=1&author=69385&from=11241301
69385 page=2 fetchUrl=https://acm.timus.ru/status.aspx?space=1&author=69385&from=11241301
69385 page=2 pageSubmissions=10
69385 page=2 submissionsAfterChallengeStart=10
69385 page=2 nextHref=status.aspx?space=1&amp;author=69385&amp;from=11240680
69385 page=2 next=/status.aspx?space=1&author=69385&from=11240680
69385 page=3 fetchUrl=https://acm.timus.ru/status.aspx?space=1&author=69385&from=11240680
69385 page=3 pageSubmissions=10
69385 page=3 submissionsAfterChallengeStart=10
69385 page=3 nextHref=status.aspx?space=1&amp;author=69385&amp;from=11240576
69385 page=3 next=/status.aspx?space=1&author=69385&from=11240576
69385 page=4 fetchUrl=https://acm.timus.ru/status.aspx?space=1&author=69385&from=11240576
69385 page=4 pageSubmissions=10
69385 page=4 submissionsAfterChallengeStart=5
69385 page=4 nextHref=status.aspx?space=1&amp;author=69385&amp;from=9460282
69385 page=4 next=
408257 page=1 fetchUrl=https://acm.timus.ru/status.aspx?space=1&author=408257&count=100&locale=en
408257 page=1 pageSubmissions=81
408257 page=1 submissionsAfterChallengeStart=81
408257 page=1 nextHref=
408257 page=1 next=
408279 page=1 fetchUrl=https://acm.timus.ru/status.aspx?space=1&author=408279&count=100&locale=en
408279 page=1 pageSubmissions=1
408279 page=1 submissionsAfterChallengeStart=1
408279 page=1 nextHref=
408279 page=1 next=
408277 page=1 fetchUrl=https://acm.timus.ru/status.aspx?space=1&author=408277&count=100&locale=en
408277 page=1 pageSubmissions=6
408277 page=1 submissionsAfterChallengeStart=6
408277 page=1 nextHref=
408277 page=1 next=
408280 page=1 fetchUrl=https://acm.timus.ru/status.aspx?space=1&author=408280&count=100&locale=en
408280 page=1 pageSubmissions=26
408280 page=1 submissionsAfterChallengeStart=26
408280 page=1 nextHref=
408280 page=1 next=
408281 page=1 fetchUrl=https://acm.timus.ru/status.aspx?space=1&author=408281&count=100&locale=en
408281 page=1 pageSubmissions=0
408281 page=1 submissionsAfterChallengeStart=0
408281 page=1 nextHref=
408281 page=1 next=
408282 page=1 fetchUrl=https://acm.timus.ru/status.aspx?space=1&author=408282&count=100&locale=en
408282 page=1 pageSubmissions=3
408282 page=1 submissionsAfterChallengeStart=3
408282 page=1 nextHref=
408282 page=1 next=
408283 page=1 fetchUrl=https://acm.timus.ru/status.aspx?space=1&author=408283&count=100&locale=en
408283 page=1 pageSubmissions=51
408283 page=1 submissionsAfterChallengeStart=51
408283 page=1 nextHref=
408283 page=1 next=
408292 page=1 fetchUrl=https://acm.timus.ru/status.aspx?space=1&author=408292&count=100&locale=en
408292 page=1 pageSubmissions=55
408292 page=1 submissionsAfterChallengeStart=55
408292 page=1 nextHref=
408292 page=1 next=
408293 page=1 fetchUrl=https://acm.timus.ru/status.aspx?space=1&author=408293&count=100&locale=en
408293 page=1 pageSubmissions=14
408293 page=1 submissionsAfterChallengeStart=14
408293 page=1 nextHref=
408293 page=1 next=
408296 page=1 fetchUrl=https://acm.timus.ru/status.aspx?space=1&author=408296&count=100&locale=en
408296 page=1 pageSubmissions=32
408296 page=1 submissionsAfterChallengeStart=32
408296 page=1 nextHref=
408296 page=1 next=
408294 page=1 fetchUrl=https://acm.timus.ru/status.aspx?space=1&author=408294&count=100&locale=en
408294 page=1 pageSubmissions=28
408294 page=1 submissionsAfterChallengeStart=28
408294 page=1 nextHref=
408294 page=1 next=
408298 page=1 fetchUrl=https://acm.timus.ru/status.aspx?space=1&author=408298&count=100&locale=en
408298 page=1 pageSubmissions=20
408298 page=1 submissionsAfterChallengeStart=20
408298 page=1 nextHref=
408298 page=1 next=
408303 page=1 fetchUrl=https://acm.timus.ru/status.aspx?space=1&author=408303&count=100&locale=en
408303 page=1 pageSubmissions=91
408303 page=1 submissionsAfterChallengeStart=91
408303 page=1 nextHref=
408303 page=1 next=
408307 page=1 fetchUrl=https://acm.timus.ru/status.aspx?space=1&author=408307&count=100&locale=en
408307 page=1 pageSubmissions=3
408307 page=1 submissionsAfterChallengeStart=3
408307 page=1 nextHref=
408307 page=1 next=
408311 page=1 fetchUrl=https://acm.timus.ru/status.aspx?space=1&author=408311&count=100&locale=en
408311 page=1 pageSubmissions=5
408311 page=1 submissionsAfterChallengeStart=5
408311 page=1 nextHref=
408311 page=1 next=
408323 page=1 fetchUrl=https://acm.timus.ru/status.aspx?space=1&author=408323&count=100&locale=en
408323 page=1 pageSubmissions=21
408323 page=1 submissionsAfterChallengeStart=21
408323 page=1 nextHref=
408323 page=1 next=
408301 page=1 fetchUrl=https://acm.timus.ru/status.aspx?space=1&author=408301&count=100&locale=en
408301 page=1 pageSubmissions=16
408301 page=1 submissionsAfterChallengeStart=16
408301 page=1 nextHref=
408301 page=1 next=
408326 page=1 fetchUrl=https://acm.timus.ru/status.aspx?space=1&author=408326&count=100&locale=en
408326 page=1 pageSubmissions=12
408326 page=1 submissionsAfterChallengeStart=12
408326 page=1 nextHref=
408326 page=1 next=
# 2026-08-29T02:34:16.088Z
69385 page=1 fetchUrl=https://acm.timus.ru/status.aspx?space=1&author=69385&count=100&locale=en
69385 page=1 pageSubmissions=100
69385 page=1 submissionsAfterChallengeStart=100
69385 page=1 nextHref=status.aspx?space=1&amp;author=69385&amp;from=11241301
69385 page=1 next=/status.aspx?space=1&author=69385&from=11241301
69385 page=2 fetchUrl=https://acm.timus.ru/status.aspx?space=1&author=69385&from=11241301
69385 page=2 pageSubmissions=10
69385 page=2 submissionsAfterChallengeStart=10
69385 page=2 nextHref=status.aspx?space=1&amp;author=69385&amp;from=11240680
69385 page=2 next=/status.aspx?space=1&author=69385&from=11240680
69385 page=3 fetchUrl=https://acm.timus.ru/status.aspx?space=1&author=69385&from=11240680
69385 page=3 pageSubmissions=10
69385 page=3 submissionsAfterChallengeStart=10
69385 page=3 nextHref=status.aspx?space=1&amp;author=69385&amp;from=11240576
69385 page=3 next=/status.aspx?space=1&author=69385&from=11240576
69385 page=4 fetchUrl=https://acm.timus.ru/status.aspx?space=1&author=69385&from=11240576
69385 page=4 pageSubmissions=10
69385 page=4 submissionsAfterChallengeStart=5
69385 page=4 nextHref=status.aspx?space=1&amp;author=69385&amp;from=9460282
69385 page=4 next=
408257 page=1 fetchUrl=https://acm.timus.ru/status.aspx?space=1&author=408257&count=100&locale=en
408257 page=1 pageSubmissions=81
408257 page=1 submissionsAfterChallengeStart=81
408257 page=1 nextHref=
408257 page=1 next=
408279 page=1 fetchUrl=https://acm.timus.ru/status.aspx?space=1&author=408279&count=100&locale=en
408279 page=1 pageSubmissions=1
408279 page=1 submissionsAfterChallengeStart=1
408279 page=1 nextHref=
408279 page=1 next=
408277 page=1 fetchUrl=https://acm.timus.ru/status.aspx?space=1&author=408277&count=100&locale=en
408277 page=1 pageSubmissions=6
408277 page=1 submissionsAfterChallengeStart=6
408277 page=1 nextHref=
408277 page=1 next=
408280 page=1 fetchUrl=https://acm.timus.ru/status.aspx?space=1&author=408280&count=100&locale=en
408280 page=1 pageSubmissions=26
408280 page=1 submissionsAfterChallengeStart=26
408280 page=1 nextHref=
408280 page=1 next=
408281 page=1 fetchUrl=https://acm.timus.ru/status.aspx?space=1&author=408281&count=100&locale=en
408281 page=1 pageSubmissions=0
408281 page=1 submissionsAfterChallengeStart=0
408281 page=1 nextHref=
408281 page=1 next=
408282 page=1 fetchUrl=https://acm.timus.ru/status.aspx?space=1&author=408282&count=100&locale=en
408282 page=1 pageSubmissions=3
408282 page=1 submissionsAfterChallengeStart=3
408282 page=1 nextHref=
408282 page=1 next=
408283 page=1 fetchUrl=https://acm.timus.ru/status.aspx?space=1&author=408283&count=100&locale=en
408283 page=1 pageSubmissions=51
408283 page=1 submissionsAfterChallengeStart=51
408283 page=1 nextHref=
408283 page=1 next=
408292 page=1 fetchUrl=https://acm.timus.ru/status.aspx?space=1&author=408292&count=100&locale=en
408292 page=1 pageSubmissions=55
408292 page=1 submissionsAfterChallengeStart=55
408292 page=1 nextHref=
408292 page=1 next=
408293 page=1 fetchUrl=https://acm.timus.ru/status.aspx?space=1&author=408293&count=100&locale=en
408293 page=1 pageSubmissions=14
408293 page=1 submissionsAfterChallengeStart=14
408293 page=1 nextHref=
408293 page=1 next=
408296 page=1 fetchUrl=https://acm.timus.ru/status.aspx?space=1&author=408296&count=100&locale=en
408296 page=1 pageSubmissions=32
408296 page=1 submissionsAfterChallengeStart=32
408296 page=1 nextHref=
408296 page=1 next=
408294 page=1 fetchUrl=https://acm.timus.ru/status.aspx?space=1&author=408294&count=100&locale=en
408294 page=1 pageSubmissions=28
408294 page=1 submissionsAfterChallengeStart=28
408294 page=1 nextHref=
408294 page=1 next=
408298 page=1 fetchUrl=https://acm.timus.ru/status.aspx?space=1&author=408298&count=100&locale=en
408298 page=1 pageSubmissions=20
408298 page=1 submissionsAfterChallengeStart=20
408298 page=1 nextHref=
408298 page=1 next=
408303 page=1 fetchUrl=https://acm.timus.ru/status.aspx?space=1&author=408303&count=100&locale=en
408303 page=1 pageSubmissions=91
408303 page=1 submissionsAfterChallengeStart=91
408303 page=1 nextHref=
408303 page=1 next=
408307 page=1 fetchUrl=https://acm.timus.ru/status.aspx?space=1&author=408307&count=100&locale=en
408307 page=1 pageSubmissions=3
408307 page=1 submissionsAfterChallengeStart=3
408307 page=1 nextHref=
408307 page=1 next=
408311 page=1 fetchUrl=https://acm.timus.ru/status.aspx?space=1&author=408311&count=100&locale=en
408311 page=1 pageSubmissions=5
408311 page=1 submissionsAfterChallengeStart=5
408311 page=1 nextHref=
408311 page=1 next=
408323 page=1 fetchUrl=https://acm.timus.ru/status.aspx?space=1&author=408323&count=100&locale=en
408323 page=1 pageSubmissions=21
408323 page=1 submissionsAfterChallengeStart=21
408323 page=1 nextHref=
408323 page=1 next=
408301 page=1 fetchUrl=https://acm.timus.ru/status.aspx?space=1&author=408301&count=100&locale=en
408301 page=1 pageSubmissions=16
408301 page=1 submissionsAfterChallengeStart=16
408301 page=1 nextHref=
408301 page=1 next=
408326 page=1 fetchUrl=https://acm.timus.ru/status.aspx?space=1&author=408326&count=100&locale=en
408326 page=1 pageSubmissions=12
408326 page=1 submissionsAfterChallengeStart=12
408326 page=1 nextHref=
408326 page=1 next=
# 2026-08-29T02:39:18.693Z
69385 page=1 fetchUrl=https://acm.timus.ru/status.aspx?space=1&author=69385&count=100&locale=en
69385 page=1 pageSubmissions=100
69385 page=1 submissionsAfterChallengeStart=100
69385 page=1 nextHref=status.aspx?space=1&amp;author=69385&amp;from=11241301
69385 page=1 next=/status.aspx?space=1&author=69385&from=11241301
69385 page=2 fetchUrl=https://acm.timus.ru/status.aspx?space=1&author=69385&from=11241301
69385 page=2 pageSubmissions=10
69385 page=2 submissionsAfterChallengeStart=10
69385 page=2 nextHref=status.aspx?space=1&amp;author=69385&amp;from=11240680
69385 page=2 next=/status.aspx?space=1&author=69385&from=11240680
69385 page=3 fetchUrl=https://acm.timus.ru/status.aspx?space=1&author=69385&from=11240680
69385 page=3 pageSubmissions=10
69385 page=3 submissionsAfterChallengeStart=10
69385 page=3 nextHref=status.aspx?space=1&amp;author=69385&amp;from=11240576
69385 page=3 next=/status.aspx?space=1&author=69385&from=11240576
69385 page=4 fetchUrl=https://acm.timus.ru/status.aspx?space=1&author=69385&from=11240576
69385 page=4 pageSubmissions=10
69385 page=4 submissionsAfterChallengeStart=5
69385 page=4 nextHref=status.aspx?space=1&amp;author=69385&amp;from=9460282
69385 page=4 next=
408257 page=1 fetchUrl=https://acm.timus.ru/status.aspx?space=1&author=408257&count=100&locale=en
408257 page=1 pageSubmissions=81
408257 page=1 submissionsAfterChallengeStart=81
408257 page=1 nextHref=
408257 page=1 next=
408279 page=1 fetchUrl=https://acm.timus.ru/status.aspx?space=1&author=408279&count=100&locale=en
408279 page=1 pageSubmissions=1
408279 page=1 submissionsAfterChallengeStart=1
408279 page=1 nextHref=
408279 page=1 next=
408277 page=1 fetchUrl=https://acm.timus.ru/status.aspx?space=1&author=408277&count=100&locale=en
408277 page=1 pageSubmissions=6
408277 page=1 submissionsAfterChallengeStart=6
408277 page=1 nextHref=
408277 page=1 next=
408280 page=1 fetchUrl=https://acm.timus.ru/status.aspx?space=1&author=408280&count=100&locale=en
408280 page=1 pageSubmissions=26
408280 page=1 submissionsAfterChallengeStart=26
408280 page=1 nextHref=
408280 page=1 next=
408281 page=1 fetchUrl=https://acm.timus.ru/status.aspx?space=1&author=408281&count=100&locale=en
408281 page=1 pageSubmissions=0
408281 page=1 submissionsAfterChallengeStart=0
408281 page=1 nextHref=
408281 page=1 next=
408282 page=1 fetchUrl=https://acm.timus.ru/status.aspx?space=1&author=408282&count=100&locale=en
408282 page=1 pageSubmissions=3
408282 page=1 submissionsAfterChallengeStart=3
408282 page=1 nextHref=
408282 page=1 next=
408283 page=1 fetchUrl=https://acm.timus.ru/status.aspx?space=1&author=408283&count=100&locale=en
408283 page=1 pageSubmissions=51
408283 page=1 submissionsAfterChallengeStart=51
408283 page=1 nextHref=
408283 page=1 next=
408292 page=1 fetchUrl=https://acm.timus.ru/status.aspx?space=1&author=408292&count=100&locale=en
408292 page=1 pageSubmissions=55
408292 page=1 submissionsAfterChallengeStart=55
408292 page=1 nextHref=
408292 page=1 next=
408293 page=1 fetchUrl=https://acm.timus.ru/status.aspx?space=1&author=408293&count=100&locale=en
408293 page=1 pageSubmissions=14
408293 page=1 submissionsAfterChallengeStart=14
408293 page=1 nextHref=
408293 page=1 next=
408296 page=1 fetchUrl=https://acm.timus.ru/status.aspx?space=1&author=408296&count=100&locale=en
408296 page=1 pageSubmissions=32
408296 page=1 submissionsAfterChallengeStart=32
408296 page=1 nextHref=
408296 page=1 next=
408294 page=1 fetchUrl=https://acm.timus.ru/status.aspx?space=1&author=408294&count=100&locale=en
408294 page=1 pageSubmissions=28
408294 page=1 submissionsAfterChallengeStart=28
408294 page=1 nextHref=
408294 page=1 next=
408298 page=1 fetchUrl=https://acm.timus.ru/status.aspx?space=1&author=408298&count=100&locale=en
408298 page=1 pageSubmissions=20
408298 page=1 submissionsAfterChallengeStart=20
408298 page=1 nextHref=
408298 page=1 next=
408303 page=1 fetchUrl=https://acm.timus.ru/status.aspx?space=1&author=408303&count=100&locale=en
408303 page=1 pageSubmissions=91
408303 page=1 submissionsAfterChallengeStart=91
408303 page=1 nextHref=
408303 page=1 next=
408307 page=1 fetchUrl=https://acm.timus.ru/status.aspx?space=1&author=408307&count=100&locale=en
408307 page=1 pageSubmissions=3
408307 page=1 submissionsAfterChallengeStart=3
408307 page=1 nextHref=
408307 page=1 next=
408311 page=1 fetchUrl=https://acm.timus.ru/status.aspx?space=1&author=408311&count=100&locale=en
408311 page=1 pageSubmissions=5
408311 page=1 submissionsAfterChallengeStart=5
408311 page=1 nextHref=
408311 page=1 next=
408323 page=1 fetchUrl=https://acm.timus.ru/status.aspx?space=1&author=408323&count=100&locale=en
408323 page=1 pageSubmissions=21
408323 page=1 submissionsAfterChallengeStart=21
408323 page=1 nextHref=
408323 page=1 next=
408301 page=1 fetchUrl=https://acm.timus.ru/status.aspx?space=1&author=408301&count=100&locale=en
408301 page=1 pageSubmissions=16
408301 page=1 submissionsAfterChallengeStart=16
408301 page=1 nextHref=
408301 page=1 next=
408326 page=1 fetchUrl=https://acm.timus.ru/status.aspx?space=1&author=408326&count=100&locale=en
408326 page=1 pageSubmissions=12
408326 page=1 submissionsAfterChallengeStart=12
408326 page=1 nextHref=
408326 page=1 next=
# 2026-08-29T02:44:19.066Z
69385 page=1 fetchUrl=https://acm.timus.ru/status.aspx?space=1&author=69385&count=100&locale=en
69385 page=1 pageSubmissions=100
69385 page=1 submissionsAfterChallengeStart=100
69385 page=1 nextHref=status.aspx?space=1&amp;author=69385&amp;from=11241301
69385 page=1 next=/status.aspx?space=1&author=69385&from=11241301
69385 page=2 fetchUrl=https://acm.timus.ru/status.aspx?space=1&author=69385&from=11241301
69385 page=2 pageSubmissions=10
69385 page=2 submissionsAfterChallengeStart=10
69385 page=2 nextHref=status.aspx?space=1&amp;author=69385&amp;from=11240680
69385 page=2 next=/status.aspx?space=1&author=69385&from=11240680
69385 page=3 fetchUrl=https://acm.timus.ru/status.aspx?space=1&author=69385&from=11240680
69385 page=3 pageSubmissions=10
69385 page=3 submissionsAfterChallengeStart=10
69385 page=3 nextHref=status.aspx?space=1&amp;author=69385&amp;from=11240576
69385 page=3 next=/status.aspx?space=1&author=69385&from=11240576
69385 page=4 fetchUrl=https://acm.timus.ru/status.aspx?space=1&author=69385&from=11240576
69385 page=4 pageSubmissions=10
69385 page=4 submissionsAfterChallengeStart=5
69385 page=4 nextHref=status.aspx?space=1&amp;author=69385&amp;from=9460282
69385 page=4 next=
408257 page=1 fetchUrl=https://acm.timus.ru/status.aspx?space=1&author=408257&count=100&locale=en
408257 page=1 pageSubmissions=81
408257 page=1 submissionsAfterChallengeStart=81
408257 page=1 nextHref=
408257 page=1 next=
408279 page=1 fetchUrl=https://acm.timus.ru/status.aspx?space=1&author=408279&count=100&locale=en
408279 page=1 pageSubmissions=1
408279 page=1 submissionsAfterChallengeStart=1
408279 page=1 nextHref=
408279 page=1 next=
408277 page=1 fetchUrl=https://acm.timus.ru/status.aspx?space=1&author=408277&count=100&locale=en
408277 page=1 pageSubmissions=6
408277 page=1 submissionsAfterChallengeStart=6
408277 page=1 nextHref=
408277 page=1 next=
408280 page=1 fetchUrl=https://acm.timus.ru/status.aspx?space=1&author=408280&count=100&locale=en
408280 page=1 pageSubmissions=26
408280 page=1 submissionsAfterChallengeStart=26
408280 page=1 nextHref=
408280 page=1 next=
408281 page=1 fetchUrl=https://acm.timus.ru/status.aspx?space=1&author=408281&count=100&locale=en
408281 page=1 pageSubmissions=0
408281 page=1 submissionsAfterChallengeStart=0
408281 page=1 nextHref=
408281 page=1 next=
408282 page=1 fetchUrl=https://acm.timus.ru/status.aspx?space=1&author=408282&count=100&locale=en
408282 page=1 pageSubmissions=3
408282 page=1 submissionsAfterChallengeStart=3
408282 page=1 nextHref=
408282 page=1 next=
408283 page=1 fetchUrl=https://acm.timus.ru/status.aspx?space=1&author=408283&count=100&locale=en
408283 page=1 pageSubmissions=51
408283 page=1 submissionsAfterChallengeStart=51
408283 page=1 nextHref=
408283 page=1 next=
408292 page=1 fetchUrl=https://acm.timus.ru/status.aspx?space=1&author=408292&count=100&locale=en
408292 page=1 pageSubmissions=55
408292 page=1 submissionsAfterChallengeStart=55
408292 page=1 nextHref=
408292 page=1 next=
408293 page=1 fetchUrl=https://acm.timus.ru/status.aspx?space=1&author=408293&count=100&locale=en
408293 page=1 pageSubmissions=14
408293 page=1 submissionsAfterChallengeStart=14
408293 page=1 nextHref=
408293 page=1 next=
408296 page=1 fetchUrl=https://acm.timus.ru/status.aspx?space=1&author=408296&count=100&locale=en
408296 page=1 pageSubmissions=32
408296 page=1 submissionsAfterChallengeStart=32
408296 page=1 nextHref=
408296 page=1 next=
408294 page=1 fetchUrl=https://acm.timus.ru/status.aspx?space=1&author=408294&count=100&locale=en
408294 page=1 pageSubmissions=28
408294 page=1 submissionsAfterChallengeStart=28
408294 page=1 nextHref=
408294 page=1 next=
408298 page=1 fetchUrl=https://acm.timus.ru/status.aspx?space=1&author=408298&count=100&locale=en
408298 page=1 pageSubmissions=20
408298 page=1 submissionsAfterChallengeStart=20
408298 page=1 nextHref=
408298 page=1 next=
408303 page=1 fetchUrl=https://acm.timus.ru/status.aspx?space=1&author=408303&count=100&locale=en
408303 page=1 pageSubmissions=91
408303 page=1 submissionsAfterChallengeStart=91
408303 page=1 nextHref=
408303 page=1 next=
408307 page=1 fetchUrl=https://acm.timus.ru/status.aspx?space=1&author=408307&count=100&locale=en
408307 page=1 pageSubmissions=3
408307 page=1 submissionsAfterChallengeStart=3
408307 page=1 nextHref=
408307 page=1 next=
408311 page=1 fetchUrl=https://acm.timus.ru/status.aspx?space=1&author=408311&count=100&locale=en
408311 page=1 pageSubmissions=5
408311 page=1 submissionsAfterChallengeStart=5
408311 page=1 nextHref=
408311 page=1 next=
408323 page=1 fetchUrl=https://acm.timus.ru/status.aspx?space=1&author=408323&count=100&locale=en
408323 page=1 pageSubmissions=21
408323 page=1 submissionsAfterChallengeStart=21
408323 page=1 nextHref=
408323 page=1 next=
408301 page=1 fetchUrl=https://acm.timus.ru/status.aspx?space=1&author=408301&count=100&locale=en
408301 page=1 pageSubmissions=16
408301 page=1 submissionsAfterChallengeStart=16
408301 page=1 nextHref=
408301 page=1 next=
408326 page=1 fetchUrl=https://acm.timus.ru/status.aspx?space=1&author=408326&count=100&locale=en
408326 page=1 pageSubmissions=12
408326 page=1 submissionsAfterChallengeStart=12
408326 page=1 nextHref=
408326 page=1 next=
# 2026-08-29T02:49:21.155Z
69385 page=1 fetchUrl=https://acm.timus.ru/status.aspx?space=1&author=69385&count=100&locale=en
69385 page=1 pageSubmissions=100
69385 page=1 submissionsAfterChallengeStart=100
69385 page=1 nextHref=status.aspx?space=1&amp;author=69385&amp;from=11241301
69385 page=1 next=/status.aspx?space=1&author=69385&from=11241301
69385 page=2 fetchUrl=https://acm.timus.ru/status.aspx?space=1&author=69385&from=11241301
69385 page=2 pageSubmissions=10
69385 page=2 submissionsAfterChallengeStart=10
69385 page=2 nextHref=status.aspx?space=1&amp;author=69385&amp;from=11240680
69385 page=2 next=/status.aspx?space=1&author=69385&from=11240680
69385 page=3 fetchUrl=https://acm.timus.ru/status.aspx?space=1&author=69385&from=11240680
69385 page=3 pageSubmissions=10
69385 page=3 submissionsAfterChallengeStart=10
69385 page=3 nextHref=status.aspx?space=1&amp;author=69385&amp;from=11240576
69385 page=3 next=/status.aspx?space=1&author=69385&from=11240576
69385 page=4 fetchUrl=https://acm.timus.ru/status.aspx?space=1&author=69385&from=11240576
69385 page=4 pageSubmissions=10
69385 page=4 submissionsAfterChallengeStart=5
69385 page=4 nextHref=status.aspx?space=1&amp;author=69385&amp;from=9460282
69385 page=4 next=
408257 page=1 fetchUrl=https://acm.timus.ru/status.aspx?space=1&author=408257&count=100&locale=en
408257 page=1 pageSubmissions=81
408257 page=1 submissionsAfterChallengeStart=81
408257 page=1 nextHref=
408257 page=1 next=
408279 page=1 fetchUrl=https://acm.timus.ru/status.aspx?space=1&author=408279&count=100&locale=en
408279 page=1 pageSubmissions=1
408279 page=1 submissionsAfterChallengeStart=1
408279 page=1 nextHref=
408279 page=1 next=
408277 page=1 fetchUrl=https://acm.timus.ru/status.aspx?space=1&author=408277&count=100&locale=en
408277 page=1 pageSubmissions=6
408277 page=1 submissionsAfterChallengeStart=6
408277 page=1 nextHref=
408277 page=1 next=
408280 page=1 fetchUrl=https://acm.timus.ru/status.aspx?space=1&author=408280&count=100&locale=en
408280 page=1 pageSubmissions=26
408280 page=1 submissionsAfterChallengeStart=26
408280 page=1 nextHref=
408280 page=1 next=
408281 page=1 fetchUrl=https://acm.timus.ru/status.aspx?space=1&author=408281&count=100&locale=en
408281 page=1 pageSubmissions=0
408281 page=1 submissionsAfterChallengeStart=0
408281 page=1 nextHref=
408281 page=1 next=
408282 page=1 fetchUrl=https://acm.timus.ru/status.aspx?space=1&author=408282&count=100&locale=en
408282 page=1 pageSubmissions=3
408282 page=1 submissionsAfterChallengeStart=3
408282 page=1 nextHref=
408282 page=1 next=
408283 page=1 fetchUrl=https://acm.timus.ru/status.aspx?space=1&author=408283&count=100&locale=en
408283 page=1 pageSubmissions=51
408283 page=1 submissionsAfterChallengeStart=51
408283 page=1 nextHref=
408283 page=1 next=
408292 page=1 fetchUrl=https://acm.timus.ru/status.aspx?space=1&author=408292&count=100&locale=en
408292 page=1 pageSubmissions=55
408292 page=1 submissionsAfterChallengeStart=55
408292 page=1 nextHref=
408292 page=1 next=
408293 page=1 fetchUrl=https://acm.timus.ru/status.aspx?space=1&author=408293&count=100&locale=en
408293 page=1 pageSubmissions=14
408293 page=1 submissionsAfterChallengeStart=14
408293 page=1 nextHref=
408293 page=1 next=
408296 page=1 fetchUrl=https://acm.timus.ru/status.aspx?space=1&author=408296&count=100&locale=en
408296 page=1 pageSubmissions=32
408296 page=1 submissionsAfterChallengeStart=32
408296 page=1 nextHref=
408296 page=1 next=
408294 page=1 fetchUrl=https://acm.timus.ru/status.aspx?space=1&author=408294&count=100&locale=en
408294 page=1 pageSubmissions=28
408294 page=1 submissionsAfterChallengeStart=28
408294 page=1 nextHref=
408294 page=1 next=
408298 page=1 fetchUrl=https://acm.timus.ru/status.aspx?space=1&author=408298&count=100&locale=en
408298 page=1 pageSubmissions=20
408298 page=1 submissionsAfterChallengeStart=20
408298 page=1 nextHref=
408298 page=1 next=
408303 page=1 fetchUrl=https://acm.timus.ru/status.aspx?space=1&author=408303&count=100&locale=en
408303 page=1 pageSubmissions=91
408303 page=1 submissionsAfterChallengeStart=91
408303 page=1 nextHref=
408303 page=1 next=
408307 page=1 fetchUrl=https://acm.timus.ru/status.aspx?space=1&author=408307&count=100&locale=en
408307 page=1 pageSubmissions=3
408307 page=1 submissionsAfterChallengeStart=3
408307 page=1 nextHref=
408307 page=1 next=
408311 page=1 fetchUrl=https://acm.timus.ru/status.aspx?space=1&author=408311&count=100&locale=en
408311 page=1 pageSubmissions=5
408311 page=1 submissionsAfterChallengeStart=5
408311 page=1 nextHref=
408311 page=1 next=
408323 page=1 fetchUrl=https://acm.timus.ru/status.aspx?space=1&author=408323&count=100&locale=en
408323 page=1 pageSubmissions=21
408323 page=1 submissionsAfterChallengeStart=21
408323 page=1 nextHref=
408323 page=1 next=
408301 page=1 fetchUrl=https://acm.timus.ru/status.aspx?space=1&author=408301&count=100&locale=en
408301 page=1 pageSubmissions=16
408301 page=1 submissionsAfterChallengeStart=16
408301 page=1 nextHref=
408301 page=1 next=
408326 page=1 fetchUrl=https://acm.timus.ru/status.aspx?space=1&author=408326&count=100&locale=en
408326 page=1 pageSubmissions=12
408326 page=1 submissionsAfterChallengeStart=12
408326 page=1 nextHref=
408326 page=1 next=
# 2026-08-29T02:54:14.590Z
69385 page=1 fetchUrl=https://acm.timus.ru/status.aspx?space=1&author=69385&count=100&locale=en
69385 page=1 pageSubmissions=100
69385 page=1 submissionsAfterChallengeStart=100
69385 page=1 nextHref=status.aspx?space=1&amp;author=69385&amp;from=11241301
69385 page=1 next=/status.aspx?space=1&author=69385&from=11241301
69385 page=2 fetchUrl=https://acm.timus.ru/status.aspx?space=1&author=69385&from=11241301
69385 page=2 pageSubmissions=10
69385 page=2 submissionsAfterChallengeStart=10
69385 page=2 nextHref=status.aspx?space=1&amp;author=69385&amp;from=11240680
69385 page=2 next=/status.aspx?space=1&author=69385&from=11240680
69385 page=3 fetchUrl=https://acm.timus.ru/status.aspx?space=1&author=69385&from=11240680
69385 page=3 pageSubmissions=10
69385 page=3 submissionsAfterChallengeStart=10
69385 page=3 nextHref=status.aspx?space=1&amp;author=69385&amp;from=11240576
69385 page=3 next=/status.aspx?space=1&author=69385&from=11240576
69385 page=4 fetchUrl=https://acm.timus.ru/status.aspx?space=1&author=69385&from=11240576
69385 page=4 pageSubmissions=10
69385 page=4 submissionsAfterChallengeStart=5
69385 page=4 nextHref=status.aspx?space=1&amp;author=69385&amp;from=9460282
69385 page=4 next=
408257 page=1 fetchUrl=https://acm.timus.ru/status.aspx?space=1&author=408257&count=100&locale=en
408257 page=1 pageSubmissions=81
408257 page=1 submissionsAfterChallengeStart=81
408257 page=1 nextHref=
408257 page=1 next=
408279 page=1 fetchUrl=https://acm.timus.ru/status.aspx?space=1&author=408279&count=100&locale=en
408279 page=1 pageSubmissions=1
408279 page=1 submissionsAfterChallengeStart=1
408279 page=1 nextHref=
408279 page=1 next=
408277 page=1 fetchUrl=https://acm.timus.ru/status.aspx?space=1&author=408277&count=100&locale=en
408277 page=1 pageSubmissions=6
408277 page=1 submissionsAfterChallengeStart=6
408277 page=1 nextHref=
408277 page=1 next=
408280 page=1 fetchUrl=https://acm.timus.ru/status.aspx?space=1&author=408280&count=100&locale=en
408280 page=1 pageSubmissions=26
408280 page=1 submissionsAfterChallengeStart=26
408280 page=1 nextHref=
408280 page=1 next=
408281 page=1 fetchUrl=https://acm.timus.ru/status.aspx?space=1&author=408281&count=100&locale=en
408281 page=1 pageSubmissions=0
408281 page=1 submissionsAfterChallengeStart=0
408281 page=1 nextHref=
408281 page=1 next=
408282 page=1 fetchUrl=https://acm.timus.ru/status.aspx?space=1&author=408282&count=100&locale=en
408282 page=1 pageSubmissions=3
408282 page=1 submissionsAfterChallengeStart=3
408282 page=1 nextHref=
408282 page=1 next=
408283 page=1 fetchUrl=https://acm.timus.ru/status.aspx?space=1&author=408283&count=100&locale=en
408283 page=1 pageSubmissions=51
408283 page=1 submissionsAfterChallengeStart=51
408283 page=1 nextHref=
408283 page=1 next=
408292 page=1 fetchUrl=https://acm.timus.ru/status.aspx?space=1&author=408292&count=100&locale=en
408292 page=1 pageSubmissions=55
408292 page=1 submissionsAfterChallengeStart=55
408292 page=1 nextHref=
408292 page=1 next=
408293 page=1 fetchUrl=https://acm.timus.ru/status.aspx?space=1&author=408293&count=100&locale=en
408293 page=1 pageSubmissions=14
408293 page=1 submissionsAfterChallengeStart=14
408293 page=1 nextHref=
408293 page=1 next=
408296 page=1 fetchUrl=https://acm.timus.ru/status.aspx?space=1&author=408296&count=100&locale=en
408296 page=1 pageSubmissions=32
408296 page=1 submissionsAfterChallengeStart=32
408296 page=1 nextHref=
408296 page=1 next=
408294 page=1 fetchUrl=https://acm.timus.ru/status.aspx?space=1&author=408294&count=100&locale=en
408294 page=1 pageSubmissions=28
408294 page=1 submissionsAfterChallengeStart=28
408294 page=1 nextHref=
408294 page=1 next=
408298 page=1 fetchUrl=https://acm.timus.ru/status.aspx?space=1&author=408298&count=100&locale=en
408298 page=1 pageSubmissions=20
408298 page=1 submissionsAfterChallengeStart=20
408298 page=1 nextHref=
408298 page=1 next=
408303 page=1 fetchUrl=https://acm.timus.ru/status.aspx?space=1&author=408303&count=100&locale=en
408303 page=1 pageSubmissions=91
408303 page=1 submissionsAfterChallengeStart=91
408303 page=1 nextHref=
408303 page=1 next=
408307 page=1 fetchUrl=https://acm.timus.ru/status.aspx?space=1&author=408307&count=100&locale=en
408307 page=1 pageSubmissions=3
408307 page=1 submissionsAfterChallengeStart=3
408307 page=1 nextHref=
408307 page=1 next=
408311 page=1 fetchUrl=https://acm.timus.ru/status.aspx?space=1&author=408311&count=100&locale=en
408311 page=1 pageSubmissions=5
408311 page=1 submissionsAfterChallengeStart=5
408311 page=1 nextHref=
408311 page=1 next=
408323 page=1 fetchUrl=https://acm.timus.ru/status.aspx?space=1&author=408323&count=100&locale=en
408323 page=1 pageSubmissions=21
408323 page=1 submissionsAfterChallengeStart=21
408323 page=1 nextHref=
408323 page=1 next=
408301 page=1 fetchUrl=https://acm.timus.ru/status.aspx?space=1&author=408301&count=100&locale=en
408301 page=1 pageSubmissions=16
408301 page=1 submissionsAfterChallengeStart=16
408301 page=1 nextHref=
408301 page=1 next=
408326 page=1 fetchUrl=https://acm.timus.ru/status.aspx?space=1&author=408326&count=100&locale=en
408326 page=1 pageSubmissions=12
408326 page=1 submissionsAfterChallengeStart=12
408326 page=1 nextHref=
408326 page=1 next=
# 2026-08-29T02:59:14.450Z
69385 page=1 fetchUrl=https://acm.timus.ru/status.aspx?space=1&author=69385&count=100&locale=en
69385 page=1 pageSubmissions=100
69385 page=1 submissionsAfterChallengeStart=100
69385 page=1 nextHref=status.aspx?space=1&amp;author=69385&amp;from=11241301
69385 page=1 next=/status.aspx?space=1&author=69385&from=11241301
69385 page=2 fetchUrl=https://acm.timus.ru/status.aspx?space=1&author=69385&from=11241301
69385 page=2 pageSubmissions=10
69385 page=2 submissionsAfterChallengeStart=10
69385 page=2 nextHref=status.aspx?space=1&amp;author=69385&amp;from=11240680
69385 page=2 next=/status.aspx?space=1&author=69385&from=11240680
69385 page=3 fetchUrl=https://acm.timus.ru/status.aspx?space=1&author=69385&from=11240680
69385 page=3 pageSubmissions=10
69385 page=3 submissionsAfterChallengeStart=10
69385 page=3 nextHref=status.aspx?space=1&amp;author=69385&amp;from=11240576
69385 page=3 next=/status.aspx?space=1&author=69385&from=11240576
69385 page=4 fetchUrl=https://acm.timus.ru/status.aspx?space=1&author=69385&from=11240576
69385 page=4 pageSubmissions=10
69385 page=4 submissionsAfterChallengeStart=5
69385 page=4 nextHref=status.aspx?space=1&amp;author=69385&amp;from=9460282
69385 page=4 next=
408257 page=1 fetchUrl=https://acm.timus.ru/status.aspx?space=1&author=408257&count=100&locale=en
408257 page=1 pageSubmissions=81
408257 page=1 submissionsAfterChallengeStart=81
408257 page=1 nextHref=
408257 page=1 next=
408279 page=1 fetchUrl=https://acm.timus.ru/status.aspx?space=1&author=408279&count=100&locale=en
408279 page=1 pageSubmissions=1
408279 page=1 submissionsAfterChallengeStart=1
408279 page=1 nextHref=
408279 page=1 next=
408277 page=1 fetchUrl=https://acm.timus.ru/status.aspx?space=1&author=408277&count=100&locale=en
408277 page=1 pageSubmissions=6
408277 page=1 submissionsAfterChallengeStart=6
408277 page=1 nextHref=
408277 page=1 next=
408280 page=1 fetchUrl=https://acm.timus.ru/status.aspx?space=1&author=408280&count=100&locale=en
408280 page=1 pageSubmissions=26
408280 page=1 submissionsAfterChallengeStart=26
408280 page=1 nextHref=
408280 page=1 next=
408281 page=1 fetchUrl=https://acm.timus.ru/status.aspx?space=1&author=408281&count=100&locale=en
408281 page=1 pageSubmissions=0
408281 page=1 submissionsAfterChallengeStart=0
408281 page=1 nextHref=
408281 page=1 next=
408282 page=1 fetchUrl=https://acm.timus.ru/status.aspx?space=1&author=408282&count=100&locale=en
408282 page=1 pageSubmissions=3
408282 page=1 submissionsAfterChallengeStart=3
408282 page=1 nextHref=
408282 page=1 next=
408283 page=1 fetchUrl=https://acm.timus.ru/status.aspx?space=1&author=408283&count=100&locale=en
408283 page=1 pageSubmissions=51
408283 page=1 submissionsAfterChallengeStart=51
408283 page=1 nextHref=
408283 page=1 next=
408292 page=1 fetchUrl=https://acm.timus.ru/status.aspx?space=1&author=408292&count=100&locale=en
408292 page=1 pageSubmissions=55
408292 page=1 submissionsAfterChallengeStart=55
408292 page=1 nextHref=
408292 page=1 next=
408293 page=1 fetchUrl=https://acm.timus.ru/status.aspx?space=1&author=408293&count=100&locale=en
408293 page=1 pageSubmissions=14
408293 page=1 submissionsAfterChallengeStart=14
408293 page=1 nextHref=
408293 page=1 next=
408296 page=1 fetchUrl=https://acm.timus.ru/status.aspx?space=1&author=408296&count=100&locale=en
408296 page=1 pageSubmissions=32
408296 page=1 submissionsAfterChallengeStart=32
408296 page=1 nextHref=
408296 page=1 next=
408294 page=1 fetchUrl=https://acm.timus.ru/status.aspx?space=1&author=408294&count=100&locale=en
408294 page=1 pageSubmissions=28
408294 page=1 submissionsAfterChallengeStart=28
408294 page=1 nextHref=
408294 page=1 next=
408298 page=1 fetchUrl=https://acm.timus.ru/status.aspx?space=1&author=408298&count=100&locale=en
408298 page=1 pageSubmissions=20
408298 page=1 submissionsAfterChallengeStart=20
408298 page=1 nextHref=
408298 page=1 next=
408303 page=1 fetchUrl=https://acm.timus.ru/status.aspx?space=1&author=408303&count=100&locale=en
408303 page=1 pageSubmissions=91
408303 page=1 submissionsAfterChallengeStart=91
408303 page=1 nextHref=
408303 page=1 next=
408307 page=1 fetchUrl=https://acm.timus.ru/status.aspx?space=1&author=408307&count=100&locale=en
408307 page=1 pageSubmissions=3
408307 page=1 submissionsAfterChallengeStart=3
408307 page=1 nextHref=
408307 page=1 next=
408311 page=1 fetchUrl=https://acm.timus.ru/status.aspx?space=1&author=408311&count=100&locale=en
408311 page=1 pageSubmissions=5
408311 page=1 submissionsAfterChallengeStart=5
408311 page=1 nextHref=
408311 page=1 next=
408323 page=1 fetchUrl=https://acm.timus.ru/status.aspx?space=1&author=408323&count=100&locale=en
408323 page=1 pageSubmissions=21
408323 page=1 submissionsAfterChallengeStart=21
408323 page=1 nextHref=
408323 page=1 next=
408301 page=1 fetchUrl=https://acm.timus.ru/status.aspx?space=1&author=408301&count=100&locale=en
408301 page=1 pageSubmissions=16
408301 page=1 submissionsAfterChallengeStart=16
408301 page=1 nextHref=
408301 page=1 next=
408326 page=1 fetchUrl=https://acm.timus.ru/status.aspx?space=1&author=408326&count=100&locale=en
408326 page=1 pageSubmissions=12
408326 page=1 submissionsAfterChallengeStart=12
408326 page=1 nextHref=
408326 page=1 next=
# 2026-08-29T03:04:12.716Z
69385 page=1 fetchUrl=https://acm.timus.ru/status.aspx?space=1&author=69385&count=100&locale=en
69385 page=1 pageSubmissions=100
69385 page=1 submissionsAfterChallengeStart=100
69385 page=1 nextHref=status.aspx?space=1&amp;author=69385&amp;from=11241301
69385 page=1 next=/status.aspx?space=1&author=69385&from=11241301
69385 page=2 fetchUrl=https://acm.timus.ru/status.aspx?space=1&author=69385&from=11241301
69385 page=2 pageSubmissions=10
69385 page=2 submissionsAfterChallengeStart=10
69385 page=2 nextHref=status.aspx?space=1&amp;author=69385&amp;from=11240680
69385 page=2 next=/status.aspx?space=1&author=69385&from=11240680
69385 page=3 fetchUrl=https://acm.timus.ru/status.aspx?space=1&author=69385&from=11240680
69385 page=3 pageSubmissions=10
69385 page=3 submissionsAfterChallengeStart=10
69385 page=3 nextHref=status.aspx?space=1&amp;author=69385&amp;from=11240576
69385 page=3 next=/status.aspx?space=1&author=69385&from=11240576
69385 page=4 fetchUrl=https://acm.timus.ru/status.aspx?space=1&author=69385&from=11240576
69385 page=4 pageSubmissions=10
69385 page=4 submissionsAfterChallengeStart=5
69385 page=4 nextHref=status.aspx?space=1&amp;author=69385&amp;from=9460282
69385 page=4 next=
408257 page=1 fetchUrl=https://acm.timus.ru/status.aspx?space=1&author=408257&count=100&locale=en
408257 page=1 pageSubmissions=81
408257 page=1 submissionsAfterChallengeStart=81
408257 page=1 nextHref=
408257 page=1 next=
408279 page=1 fetchUrl=https://acm.timus.ru/status.aspx?space=1&author=408279&count=100&locale=en
408279 page=1 pageSubmissions=1
408279 page=1 submissionsAfterChallengeStart=1
408279 page=1 nextHref=
408279 page=1 next=
408277 page=1 fetchUrl=https://acm.timus.ru/status.aspx?space=1&author=408277&count=100&locale=en
408277 page=1 pageSubmissions=6
408277 page=1 submissionsAfterChallengeStart=6
408277 page=1 nextHref=
408277 page=1 next=
408280 page=1 fetchUrl=https://acm.timus.ru/status.aspx?space=1&author=408280&count=100&locale=en
408280 page=1 pageSubmissions=26
408280 page=1 submissionsAfterChallengeStart=26
408280 page=1 nextHref=
408280 page=1 next=
408281 page=1 fetchUrl=https://acm.timus.ru/status.aspx?space=1&author=408281&count=100&locale=en
408281 page=1 pageSubmissions=0
408281 page=1 submissionsAfterChallengeStart=0
408281 page=1 nextHref=
408281 page=1 next=
408282 page=1 fetchUrl=https://acm.timus.ru/status.aspx?space=1&author=408282&count=100&locale=en
408282 page=1 pageSubmissions=3
408282 page=1 submissionsAfterChallengeStart=3
408282 page=1 nextHref=
408282 page=1 next=
408283 page=1 fetchUrl=https://acm.timus.ru/status.aspx?space=1&author=408283&count=100&locale=en
408283 page=1 pageSubmissions=51
408283 page=1 submissionsAfterChallengeStart=51
408283 page=1 nextHref=
408283 page=1 next=
408292 page=1 fetchUrl=https://acm.timus.ru/status.aspx?space=1&author=408292&count=100&locale=en
408292 page=1 pageSubmissions=55
408292 page=1 submissionsAfterChallengeStart=55
408292 page=1 nextHref=
408292 page=1 next=
408293 page=1 fetchUrl=https://acm.timus.ru/status.aspx?space=1&author=408293&count=100&locale=en
408293 page=1 pageSubmissions=14
408293 page=1 submissionsAfterChallengeStart=14
408293 page=1 nextHref=
408293 page=1 next=
408296 page=1 fetchUrl=https://acm.timus.ru/status.aspx?space=1&author=408296&count=100&locale=en
408296 page=1 pageSubmissions=32
408296 page=1 submissionsAfterChallengeStart=32
408296 page=1 nextHref=
408296 page=1 next=
408294 page=1 fetchUrl=https://acm.timus.ru/status.aspx?space=1&author=408294&count=100&locale=en
408294 page=1 pageSubmissions=28
408294 page=1 submissionsAfterChallengeStart=28
408294 page=1 nextHref=
408294 page=1 next=
408298 page=1 fetchUrl=https://acm.timus.ru/status.aspx?space=1&author=408298&count=100&locale=en
408298 page=1 pageSubmissions=20
408298 page=1 submissionsAfterChallengeStart=20
408298 page=1 nextHref=
408298 page=1 next=
408303 page=1 fetchUrl=https://acm.timus.ru/status.aspx?space=1&author=408303&count=100&locale=en
408303 page=1 pageSubmissions=91
408303 page=1 submissionsAfterChallengeStart=91
408303 page=1 nextHref=
408303 page=1 next=
408307 page=1 fetchUrl=https://acm.timus.ru/status.aspx?space=1&author=408307&count=100&locale=en
408307 page=1 pageSubmissions=3
408307 page=1 submissionsAfterChallengeStart=3
408307 page=1 nextHref=
408307 page=1 next=
408311 page=1 fetchUrl=https://acm.timus.ru/status.aspx?space=1&author=408311&count=100&locale=en
408311 page=1 pageSubmissions=5
408311 page=1 submissionsAfterChallengeStart=5
408311 page=1 nextHref=
408311 page=1 next=
408323 page=1 fetchUrl=https://acm.timus.ru/status.aspx?space=1&author=408323&count=100&locale=en
408323 page=1 pageSubmissions=21
408323 page=1 submissionsAfterChallengeStart=21
408323 page=1 nextHref=
408323 page=1 next=
408301 page=1 fetchUrl=https://acm.timus.ru/status.aspx?space=1&author=408301&count=100&locale=en
408301 page=1 pageSubmissions=16
408301 page=1 submissionsAfterChallengeStart=16
408301 page=1 nextHref=
408301 page=1 next=
408326 page=1 fetchUrl=https://acm.timus.ru/status.aspx?space=1&author=408326&count=100&locale=en
408326 page=1 pageSubmissions=12
408326 page=1 submissionsAfterChallengeStart=12
408326 page=1 nextHref=
408326 page=1 next=
# 2026-08-29T03:09:18.093Z
69385 page=1 fetchUrl=https://acm.timus.ru/status.aspx?space=1&author=69385&count=100&locale=en
69385 page=1 pageSubmissions=100
69385 page=1 submissionsAfterChallengeStart=100
69385 page=1 nextHref=status.aspx?space=1&amp;author=69385&amp;from=11241301
69385 page=1 next=/status.aspx?space=1&author=69385&from=11241301
69385 page=2 fetchUrl=https://acm.timus.ru/status.aspx?space=1&author=69385&from=11241301
69385 page=2 pageSubmissions=10
69385 page=2 submissionsAfterChallengeStart=10
69385 page=2 nextHref=status.aspx?space=1&amp;author=69385&amp;from=11240680
69385 page=2 next=/status.aspx?space=1&author=69385&from=11240680
69385 page=3 fetchUrl=https://acm.timus.ru/status.aspx?space=1&author=69385&from=11240680
69385 page=3 pageSubmissions=10
69385 page=3 submissionsAfterChallengeStart=10
69385 page=3 nextHref=status.aspx?space=1&amp;author=69385&amp;from=11240576
69385 page=3 next=/status.aspx?space=1&author=69385&from=11240576
69385 page=4 fetchUrl=https://acm.timus.ru/status.aspx?space=1&author=69385&from=11240576
69385 page=4 pageSubmissions=10
69385 page=4 submissionsAfterChallengeStart=5
69385 page=4 nextHref=status.aspx?space=1&amp;author=69385&amp;from=9460282
69385 page=4 next=
408257 page=1 fetchUrl=https://acm.timus.ru/status.aspx?space=1&author=408257&count=100&locale=en
408257 page=1 pageSubmissions=81
408257 page=1 submissionsAfterChallengeStart=81
408257 page=1 nextHref=
408257 page=1 next=
408279 page=1 fetchUrl=https://acm.timus.ru/status.aspx?space=1&author=408279&count=100&locale=en
408279 page=1 pageSubmissions=1
408279 page=1 submissionsAfterChallengeStart=1
408279 page=1 nextHref=
408279 page=1 next=
408277 page=1 fetchUrl=https://acm.timus.ru/status.aspx?space=1&author=408277&count=100&locale=en
408277 page=1 pageSubmissions=6
408277 page=1 submissionsAfterChallengeStart=6
408277 page=1 nextHref=
408277 page=1 next=
408280 page=1 fetchUrl=https://acm.timus.ru/status.aspx?space=1&author=408280&count=100&locale=en
408280 page=1 pageSubmissions=26
408280 page=1 submissionsAfterChallengeStart=26
408280 page=1 nextHref=
408280 page=1 next=
408281 page=1 fetchUrl=https://acm.timus.ru/status.aspx?space=1&author=408281&count=100&locale=en
408281 page=1 pageSubmissions=0
408281 page=1 submissionsAfterChallengeStart=0
408281 page=1 nextHref=
408281 page=1 next=
408282 page=1 fetchUrl=https://acm.timus.ru/status.aspx?space=1&author=408282&count=100&locale=en
408282 page=1 pageSubmissions=3
408282 page=1 submissionsAfterChallengeStart=3
408282 page=1 nextHref=
408282 page=1 next=
408283 page=1 fetchUrl=https://acm.timus.ru/status.aspx?space=1&author=408283&count=100&locale=en
408283 page=1 pageSubmissions=51
408283 page=1 submissionsAfterChallengeStart=51
408283 page=1 nextHref=
408283 page=1 next=
408292 page=1 fetchUrl=https://acm.timus.ru/status.aspx?space=1&author=408292&count=100&locale=en
408292 page=1 pageSubmissions=55
408292 page=1 submissionsAfterChallengeStart=55
408292 page=1 nextHref=
408292 page=1 next=
408293 page=1 fetchUrl=https://acm.timus.ru/status.aspx?space=1&author=408293&count=100&locale=en
408293 page=1 pageSubmissions=14
408293 page=1 submissionsAfterChallengeStart=14
408293 page=1 nextHref=
408293 page=1 next=
408296 page=1 fetchUrl=https://acm.timus.ru/status.aspx?space=1&author=408296&count=100&locale=en
408296 page=1 pageSubmissions=32
408296 page=1 submissionsAfterChallengeStart=32
408296 page=1 nextHref=
408296 page=1 next=
408294 page=1 fetchUrl=https://acm.timus.ru/status.aspx?space=1&author=408294&count=100&locale=en
408294 page=1 pageSubmissions=28
408294 page=1 submissionsAfterChallengeStart=28
408294 page=1 nextHref=
408294 page=1 next=
408298 page=1 fetchUrl=https://acm.timus.ru/status.aspx?space=1&author=408298&count=100&locale=en
408298 page=1 pageSubmissions=20
408298 page=1 submissionsAfterChallengeStart=20
408298 page=1 nextHref=
408298 page=1 next=
408303 page=1 fetchUrl=https://acm.timus.ru/status.aspx?space=1&author=408303&count=100&locale=en
408303 page=1 pageSubmissions=91
408303 page=1 submissionsAfterChallengeStart=91
408303 page=1 nextHref=
408303 page=1 next=
408307 page=1 fetchUrl=https://acm.timus.ru/status.aspx?space=1&author=408307&count=100&locale=en
408307 page=1 pageSubmissions=3
408307 page=1 submissionsAfterChallengeStart=3
408307 page=1 nextHref=
408307 page=1 next=
408311 page=1 fetchUrl=https://acm.timus.ru/status.aspx?space=1&author=408311&count=100&locale=en
408311 page=1 pageSubmissions=5
408311 page=1 submissionsAfterChallengeStart=5
408311 page=1 nextHref=
408311 page=1 next=
408323 page=1 fetchUrl=https://acm.timus.ru/status.aspx?space=1&author=408323&count=100&locale=en
408323 page=1 pageSubmissions=21
408323 page=1 submissionsAfterChallengeStart=21
408323 page=1 nextHref=
408323 page=1 next=
408301 page=1 fetchUrl=https://acm.timus.ru/status.aspx?space=1&author=408301&count=100&locale=en
408301 page=1 pageSubmissions=16
408301 page=1 submissionsAfterChallengeStart=16
408301 page=1 nextHref=
408301 page=1 next=
408326 page=1 fetchUrl=https://acm.timus.ru/status.aspx?space=1&author=408326&count=100&locale=en
408326 page=1 pageSubmissions=12
408326 page=1 submissionsAfterChallengeStart=12
408326 page=1 nextHref=
408326 page=1 next=
# 2026-08-29T03:14:16.212Z
69385 page=1 fetchUrl=https://acm.timus.ru/status.aspx?space=1&author=69385&count=100&locale=en
69385 page=1 pageSubmissions=100
69385 page=1 submissionsAfterChallengeStart=100
69385 page=1 nextHref=status.aspx?space=1&amp;author=69385&amp;from=11241301
69385 page=1 next=/status.aspx?space=1&author=69385&from=11241301
69385 page=2 fetchUrl=https://acm.timus.ru/status.aspx?space=1&author=69385&from=11241301
69385 page=2 pageSubmissions=10
69385 page=2 submissionsAfterChallengeStart=10
69385 page=2 nextHref=status.aspx?space=1&amp;author=69385&amp;from=11240680
69385 page=2 next=/status.aspx?space=1&author=69385&from=11240680
69385 page=3 fetchUrl=https://acm.timus.ru/status.aspx?space=1&author=69385&from=11240680
69385 page=3 pageSubmissions=10
69385 page=3 submissionsAfterChallengeStart=10
69385 page=3 nextHref=status.aspx?space=1&amp;author=69385&amp;from=11240576
69385 page=3 next=/status.aspx?space=1&author=69385&from=11240576
69385 page=4 fetchUrl=https://acm.timus.ru/status.aspx?space=1&author=69385&from=11240576
69385 page=4 pageSubmissions=10
69385 page=4 submissionsAfterChallengeStart=5
69385 page=4 nextHref=status.aspx?space=1&amp;author=69385&amp;from=9460282
69385 page=4 next=
408257 page=1 fetchUrl=https://acm.timus.ru/status.aspx?space=1&author=408257&count=100&locale=en
408257 page=1 pageSubmissions=81
408257 page=1 submissionsAfterChallengeStart=81
408257 page=1 nextHref=
408257 page=1 next=
408279 page=1 fetchUrl=https://acm.timus.ru/status.aspx?space=1&author=408279&count=100&locale=en
408279 page=1 pageSubmissions=1
408279 page=1 submissionsAfterChallengeStart=1
408279 page=1 nextHref=
408279 page=1 next=
408277 page=1 fetchUrl=https://acm.timus.ru/status.aspx?space=1&author=408277&count=100&locale=en
408277 page=1 pageSubmissions=6
408277 page=1 submissionsAfterChallengeStart=6
408277 page=1 nextHref=
408277 page=1 next=
408280 page=1 fetchUrl=https://acm.timus.ru/status.aspx?space=1&author=408280&count=100&locale=en
408280 page=1 pageSubmissions=26
408280 page=1 submissionsAfterChallengeStart=26
408280 page=1 nextHref=
408280 page=1 next=
408281 page=1 fetchUrl=https://acm.timus.ru/status.aspx?space=1&author=408281&count=100&locale=en
408281 page=1 pageSubmissions=0
408281 page=1 submissionsAfterChallengeStart=0
408281 page=1 nextHref=
408281 page=1 next=
408282 page=1 fetchUrl=https://acm.timus.ru/status.aspx?space=1&author=408282&count=100&locale=en
408282 page=1 pageSubmissions=3
408282 page=1 submissionsAfterChallengeStart=3
408282 page=1 nextHref=
408282 page=1 next=
408283 page=1 fetchUrl=https://acm.timus.ru/status.aspx?space=1&author=408283&count=100&locale=en
408283 page=1 pageSubmissions=51
408283 page=1 submissionsAfterChallengeStart=51
408283 page=1 nextHref=
408283 page=1 next=
408292 page=1 fetchUrl=https://acm.timus.ru/status.aspx?space=1&author=408292&count=100&locale=en
408292 page=1 pageSubmissions=55
408292 page=1 submissionsAfterChallengeStart=55
408292 page=1 nextHref=
408292 page=1 next=
408293 page=1 fetchUrl=https://acm.timus.ru/status.aspx?space=1&author=408293&count=100&locale=en
408293 page=1 pageSubmissions=14
408293 page=1 submissionsAfterChallengeStart=14
408293 page=1 nextHref=
408293 page=1 next=
408296 page=1 fetchUrl=https://acm.timus.ru/status.aspx?space=1&author=408296&count=100&locale=en
408296 page=1 pageSubmissions=32
408296 page=1 submissionsAfterChallengeStart=32
408296 page=1 nextHref=
408296 page=1 next=
408294 page=1 fetchUrl=https://acm.timus.ru/status.aspx?space=1&author=408294&count=100&locale=en
408294 page=1 pageSubmissions=28
408294 page=1 submissionsAfterChallengeStart=28
408294 page=1 nextHref=
408294 page=1 next=
408298 page=1 fetchUrl=https://acm.timus.ru/status.aspx?space=1&author=408298&count=100&locale=en
408298 page=1 pageSubmissions=20
408298 page=1 submissionsAfterChallengeStart=20
408298 page=1 nextHref=
408298 page=1 next=
408303 page=1 fetchUrl=https://acm.timus.ru/status.aspx?space=1&author=408303&count=100&locale=en
408303 page=1 pageSubmissions=91
408303 page=1 submissionsAfterChallengeStart=91
408303 page=1 nextHref=
408303 page=1 next=
408307 page=1 fetchUrl=https://acm.timus.ru/status.aspx?space=1&author=408307&count=100&locale=en
408307 page=1 pageSubmissions=3
408307 page=1 submissionsAfterChallengeStart=3
408307 page=1 nextHref=
408307 page=1 next=
408311 page=1 fetchUrl=https://acm.timus.ru/status.aspx?space=1&author=408311&count=100&locale=en
408311 page=1 pageSubmissions=5
408311 page=1 submissionsAfterChallengeStart=5
408311 page=1 nextHref=
408311 page=1 next=
408323 page=1 fetchUrl=https://acm.timus.ru/status.aspx?space=1&author=408323&count=100&locale=en
408323 page=1 pageSubmissions=21
408323 page=1 submissionsAfterChallengeStart=21
408323 page=1 nextHref=
408323 page=1 next=
408301 page=1 fetchUrl=https://acm.timus.ru/status.aspx?space=1&author=408301&count=100&locale=en
408301 page=1 pageSubmissions=16
408301 page=1 submissionsAfterChallengeStart=16
408301 page=1 nextHref=
408301 page=1 next=
408326 page=1 fetchUrl=https://acm.timus.ru/status.aspx?space=1&author=408326&count=100&locale=en
408326 page=1 pageSubmissions=12
408326 page=1 submissionsAfterChallengeStart=12
408326 page=1 nextHref=
408326 page=1 next=
# 2026-08-29T03:19:22.531Z
69385 page=1 fetchUrl=https://acm.timus.ru/status.aspx?space=1&author=69385&count=100&locale=en
69385 page=1 pageSubmissions=100
69385 page=1 submissionsAfterChallengeStart=100
69385 page=1 nextHref=status.aspx?space=1&amp;author=69385&amp;from=11241301
69385 page=1 next=/status.aspx?space=1&author=69385&from=11241301
69385 page=2 fetchUrl=https://acm.timus.ru/status.aspx?space=1&author=69385&from=11241301
69385 page=2 pageSubmissions=10
69385 page=2 submissionsAfterChallengeStart=10
69385 page=2 nextHref=status.aspx?space=1&amp;author=69385&amp;from=11240680
69385 page=2 next=/status.aspx?space=1&author=69385&from=11240680
69385 page=3 fetchUrl=https://acm.timus.ru/status.aspx?space=1&author=69385&from=11240680
69385 page=3 pageSubmissions=10
69385 page=3 submissionsAfterChallengeStart=10
69385 page=3 nextHref=status.aspx?space=1&amp;author=69385&amp;from=11240576
69385 page=3 next=/status.aspx?space=1&author=69385&from=11240576
69385 page=4 fetchUrl=https://acm.timus.ru/status.aspx?space=1&author=69385&from=11240576
69385 page=4 pageSubmissions=10
69385 page=4 submissionsAfterChallengeStart=5
69385 page=4 nextHref=status.aspx?space=1&amp;author=69385&amp;from=9460282
69385 page=4 next=
408257 page=1 fetchUrl=https://acm.timus.ru/status.aspx?space=1&author=408257&count=100&locale=en
408257 page=1 pageSubmissions=81
408257 page=1 submissionsAfterChallengeStart=81
408257 page=1 nextHref=
408257 page=1 next=
408279 page=1 fetchUrl=https://acm.timus.ru/status.aspx?space=1&author=408279&count=100&locale=en
408279 page=1 pageSubmissions=1
408279 page=1 submissionsAfterChallengeStart=1
408279 page=1 nextHref=
408279 page=1 next=
408277 page=1 fetchUrl=https://acm.timus.ru/status.aspx?space=1&author=408277&count=100&locale=en
408277 page=1 pageSubmissions=6
408277 page=1 submissionsAfterChallengeStart=6
408277 page=1 nextHref=
408277 page=1 next=
408280 page=1 fetchUrl=https://acm.timus.ru/status.aspx?space=1&author=408280&count=100&locale=en
408280 page=1 pageSubmissions=26
408280 page=1 submissionsAfterChallengeStart=26
408280 page=1 nextHref=
408280 page=1 next=
408281 page=1 fetchUrl=https://acm.timus.ru/status.aspx?space=1&author=408281&count=100&locale=en
408281 page=1 pageSubmissions=0
408281 page=1 submissionsAfterChallengeStart=0
408281 page=1 nextHref=
408281 page=1 next=
408282 page=1 fetchUrl=https://acm.timus.ru/status.aspx?space=1&author=408282&count=100&locale=en
408282 page=1 pageSubmissions=3
408282 page=1 submissionsAfterChallengeStart=3
408282 page=1 nextHref=
408282 page=1 next=
408283 page=1 fetchUrl=https://acm.timus.ru/status.aspx?space=1&author=408283&count=100&locale=en
408283 page=1 pageSubmissions=51
408283 page=1 submissionsAfterChallengeStart=51
408283 page=1 nextHref=
408283 page=1 next=
408292 page=1 fetchUrl=https://acm.timus.ru/status.aspx?space=1&author=408292&count=100&locale=en
408292 page=1 pageSubmissions=55
408292 page=1 submissionsAfterChallengeStart=55
408292 page=1 nextHref=
408292 page=1 next=
408293 page=1 fetchUrl=https://acm.timus.ru/status.aspx?space=1&author=408293&count=100&locale=en
408293 page=1 pageSubmissions=14
408293 page=1 submissionsAfterChallengeStart=14
408293 page=1 nextHref=
408293 page=1 next=
408296 page=1 fetchUrl=https://acm.timus.ru/status.aspx?space=1&author=408296&count=100&locale=en
408296 page=1 pageSubmissions=32
408296 page=1 submissionsAfterChallengeStart=32
408296 page=1 nextHref=
408296 page=1 next=
408294 page=1 fetchUrl=https://acm.timus.ru/status.aspx?space=1&author=408294&count=100&locale=en
408294 page=1 pageSubmissions=28
408294 page=1 submissionsAfterChallengeStart=28
408294 page=1 nextHref=
408294 page=1 next=
408298 page=1 fetchUrl=https://acm.timus.ru/status.aspx?space=1&author=408298&count=100&locale=en
408298 page=1 pageSubmissions=20
408298 page=1 submissionsAfterChallengeStart=20
408298 page=1 nextHref=
408298 page=1 next=
408303 page=1 fetchUrl=https://acm.timus.ru/status.aspx?space=1&author=408303&count=100&locale=en
408303 page=1 pageSubmissions=91
408303 page=1 submissionsAfterChallengeStart=91
408303 page=1 nextHref=
408303 page=1 next=
408307 page=1 fetchUrl=https://acm.timus.ru/status.aspx?space=1&author=408307&count=100&locale=en
408307 page=1 pageSubmissions=3
408307 page=1 submissionsAfterChallengeStart=3
408307 page=1 nextHref=
408307 page=1 next=
408311 page=1 fetchUrl=https://acm.timus.ru/status.aspx?space=1&author=408311&count=100&locale=en
408311 page=1 pageSubmissions=5
408311 page=1 submissionsAfterChallengeStart=5
408311 page=1 nextHref=
408311 page=1 next=
408323 page=1 fetchUrl=https://acm.timus.ru/status.aspx?space=1&author=408323&count=100&locale=en
408323 page=1 pageSubmissions=21
408323 page=1 submissionsAfterChallengeStart=21
408323 page=1 nextHref=
408323 page=1 next=
408301 page=1 fetchUrl=https://acm.timus.ru/status.aspx?space=1&author=408301&count=100&locale=en
408301 page=1 pageSubmissions=16
408301 page=1 submissionsAfterChallengeStart=16
408301 page=1 nextHref=
408301 page=1 next=
408326 page=1 fetchUrl=https://acm.timus.ru/status.aspx?space=1&author=408326&count=100&locale=en
408326 page=1 pageSubmissions=12
408326 page=1 submissionsAfterChallengeStart=12
408326 page=1 nextHref=
408326 page=1 next=
# 2026-08-29T03:24:13.210Z
69385 page=1 fetchUrl=https://acm.timus.ru/status.aspx?space=1&author=69385&count=100&locale=en
69385 page=1 pageSubmissions=100
69385 page=1 submissionsAfterChallengeStart=100
69385 page=1 nextHref=status.aspx?space=1&amp;author=69385&amp;from=11241301
69385 page=1 next=/status.aspx?space=1&author=69385&from=11241301
69385 page=2 fetchUrl=https://acm.timus.ru/status.aspx?space=1&author=69385&from=11241301
69385 page=2 pageSubmissions=10
69385 page=2 submissionsAfterChallengeStart=10
69385 page=2 nextHref=status.aspx?space=1&amp;author=69385&amp;from=11240680
69385 page=2 next=/status.aspx?space=1&author=69385&from=11240680
69385 page=3 fetchUrl=https://acm.timus.ru/status.aspx?space=1&author=69385&from=11240680
69385 page=3 pageSubmissions=10
69385 page=3 submissionsAfterChallengeStart=10
69385 page=3 nextHref=status.aspx?space=1&amp;author=69385&amp;from=11240576
69385 page=3 next=/status.aspx?space=1&author=69385&from=11240576
69385 page=4 fetchUrl=https://acm.timus.ru/status.aspx?space=1&author=69385&from=11240576
69385 page=4 pageSubmissions=10
69385 page=4 submissionsAfterChallengeStart=5
69385 page=4 nextHref=status.aspx?space=1&amp;author=69385&amp;from=9460282
69385 page=4 next=
408257 page=1 fetchUrl=https://acm.timus.ru/status.aspx?space=1&author=408257&count=100&locale=en
408257 page=1 pageSubmissions=81
408257 page=1 submissionsAfterChallengeStart=81
408257 page=1 nextHref=
408257 page=1 next=
408279 page=1 fetchUrl=https://acm.timus.ru/status.aspx?space=1&author=408279&count=100&locale=en
408279 page=1 pageSubmissions=1
408279 page=1 submissionsAfterChallengeStart=1
408279 page=1 nextHref=
408279 page=1 next=
408277 page=1 fetchUrl=https://acm.timus.ru/status.aspx?space=1&author=408277&count=100&locale=en
408277 page=1 pageSubmissions=6
408277 page=1 submissionsAfterChallengeStart=6
408277 page=1 nextHref=
408277 page=1 next=
408280 page=1 fetchUrl=https://acm.timus.ru/status.aspx?space=1&author=408280&count=100&locale=en
408280 page=1 pageSubmissions=26
408280 page=1 submissionsAfterChallengeStart=26
408280 page=1 nextHref=
408280 page=1 next=
408281 page=1 fetchUrl=https://acm.timus.ru/status.aspx?space=1&author=408281&count=100&locale=en
408281 page=1 pageSubmissions=0
408281 page=1 submissionsAfterChallengeStart=0
408281 page=1 nextHref=
408281 page=1 next=
408282 page=1 fetchUrl=https://acm.timus.ru/status.aspx?space=1&author=408282&count=100&locale=en
408282 page=1 pageSubmissions=3
408282 page=1 submissionsAfterChallengeStart=3
408282 page=1 nextHref=
408282 page=1 next=
408283 page=1 fetchUrl=https://acm.timus.ru/status.aspx?space=1&author=408283&count=100&locale=en
408283 page=1 pageSubmissions=51
408283 page=1 submissionsAfterChallengeStart=51
408283 page=1 nextHref=
408283 page=1 next=
408292 page=1 fetchUrl=https://acm.timus.ru/status.aspx?space=1&author=408292&count=100&locale=en
408292 page=1 pageSubmissions=55
408292 page=1 submissionsAfterChallengeStart=55
408292 page=1 nextHref=
408292 page=1 next=
408293 page=1 fetchUrl=https://acm.timus.ru/status.aspx?space=1&author=408293&count=100&locale=en
408293 page=1 pageSubmissions=14
408293 page=1 submissionsAfterChallengeStart=14
408293 page=1 nextHref=
408293 page=1 next=
408296 page=1 fetchUrl=https://acm.timus.ru/status.aspx?space=1&author=408296&count=100&locale=en
408296 page=1 pageSubmissions=32
408296 page=1 submissionsAfterChallengeStart=32
408296 page=1 nextHref=
408296 page=1 next=
408294 page=1 fetchUrl=https://acm.timus.ru/status.aspx?space=1&author=408294&count=100&locale=en
408294 page=1 pageSubmissions=28
408294 page=1 submissionsAfterChallengeStart=28
408294 page=1 nextHref=
408294 page=1 next=
408298 page=1 fetchUrl=https://acm.timus.ru/status.aspx?space=1&author=408298&count=100&locale=en
408298 page=1 pageSubmissions=20
408298 page=1 submissionsAfterChallengeStart=20
408298 page=1 nextHref=
408298 page=1 next=
408303 page=1 fetchUrl=https://acm.timus.ru/status.aspx?space=1&author=408303&count=100&locale=en
408303 page=1 pageSubmissions=91
408303 page=1 submissionsAfterChallengeStart=91
408303 page=1 nextHref=
408303 page=1 next=
408307 page=1 fetchUrl=https://acm.timus.ru/status.aspx?space=1&author=408307&count=100&locale=en
408307 page=1 pageSubmissions=3
408307 page=1 submissionsAfterChallengeStart=3
408307 page=1 nextHref=
408307 page=1 next=
408311 page=1 fetchUrl=https://acm.timus.ru/status.aspx?space=1&author=408311&count=100&locale=en
408311 page=1 pageSubmissions=5
408311 page=1 submissionsAfterChallengeStart=5
408311 page=1 nextHref=
408311 page=1 next=
408323 page=1 fetchUrl=https://acm.timus.ru/status.aspx?space=1&author=408323&count=100&locale=en
408323 page=1 pageSubmissions=21
408323 page=1 submissionsAfterChallengeStart=21
408323 page=1 nextHref=
408323 page=1 next=
408301 page=1 fetchUrl=https://acm.timus.ru/status.aspx?space=1&author=408301&count=100&locale=en
408301 page=1 pageSubmissions=16
408301 page=1 submissionsAfterChallengeStart=16
408301 page=1 nextHref=
408301 page=1 next=
408326 page=1 fetchUrl=https://acm.timus.ru/status.aspx?space=1&author=408326&count=100&locale=en
408326 page=1 pageSubmissions=12
408326 page=1 submissionsAfterChallengeStart=12
408326 page=1 nextHref=
408326 page=1 next=
# 2026-08-29T03:29:17.937Z
69385 page=1 fetchUrl=https://acm.timus.ru/status.aspx?space=1&author=69385&count=100&locale=en
69385 page=1 pageSubmissions=100
69385 page=1 submissionsAfterChallengeStart=100
69385 page=1 nextHref=status.aspx?space=1&amp;author=69385&amp;from=11241301
69385 page=1 next=/status.aspx?space=1&author=69385&from=11241301
69385 page=2 fetchUrl=https://acm.timus.ru/status.aspx?space=1&author=69385&from=11241301
69385 page=2 pageSubmissions=10
69385 page=2 submissionsAfterChallengeStart=10
69385 page=2 nextHref=status.aspx?space=1&amp;author=69385&amp;from=11240680
69385 page=2 next=/status.aspx?space=1&author=69385&from=11240680
69385 page=3 fetchUrl=https://acm.timus.ru/status.aspx?space=1&author=69385&from=11240680
69385 page=3 pageSubmissions=10
69385 page=3 submissionsAfterChallengeStart=10
69385 page=3 nextHref=status.aspx?space=1&amp;author=69385&amp;from=11240576
69385 page=3 next=/status.aspx?space=1&author=69385&from=11240576
69385 page=4 fetchUrl=https://acm.timus.ru/status.aspx?space=1&author=69385&from=11240576
69385 page=4 pageSubmissions=10
69385 page=4 submissionsAfterChallengeStart=5
69385 page=4 nextHref=status.aspx?space=1&amp;author=69385&amp;from=9460282
69385 page=4 next=
408257 page=1 fetchUrl=https://acm.timus.ru/status.aspx?space=1&author=408257&count=100&locale=en
408257 page=1 pageSubmissions=81
408257 page=1 submissionsAfterChallengeStart=81
408257 page=1 nextHref=
408257 page=1 next=
408279 page=1 fetchUrl=https://acm.timus.ru/status.aspx?space=1&author=408279&count=100&locale=en
408279 page=1 pageSubmissions=1
408279 page=1 submissionsAfterChallengeStart=1
408279 page=1 nextHref=
408279 page=1 next=
408277 page=1 fetchUrl=https://acm.timus.ru/status.aspx?space=1&author=408277&count=100&locale=en
408277 page=1 pageSubmissions=6
408277 page=1 submissionsAfterChallengeStart=6
408277 page=1 nextHref=
408277 page=1 next=
408280 page=1 fetchUrl=https://acm.timus.ru/status.aspx?space=1&author=408280&count=100&locale=en
408280 page=1 pageSubmissions=26
408280 page=1 submissionsAfterChallengeStart=26
408280 page=1 nextHref=
408280 page=1 next=
408281 page=1 fetchUrl=https://acm.timus.ru/status.aspx?space=1&author=408281&count=100&locale=en
408281 page=1 pageSubmissions=0
408281 page=1 submissionsAfterChallengeStart=0
408281 page=1 nextHref=
408281 page=1 next=
408282 page=1 fetchUrl=https://acm.timus.ru/status.aspx?space=1&author=408282&count=100&locale=en
408282 page=1 pageSubmissions=3
408282 page=1 submissionsAfterChallengeStart=3
408282 page=1 nextHref=
408282 page=1 next=
408283 page=1 fetchUrl=https://acm.timus.ru/status.aspx?space=1&author=408283&count=100&locale=en
408283 page=1 pageSubmissions=51
408283 page=1 submissionsAfterChallengeStart=51
408283 page=1 nextHref=
408283 page=1 next=
408292 page=1 fetchUrl=https://acm.timus.ru/status.aspx?space=1&author=408292&count=100&locale=en
408292 page=1 pageSubmissions=55
408292 page=1 submissionsAfterChallengeStart=55
408292 page=1 nextHref=
408292 page=1 next=
408293 page=1 fetchUrl=https://acm.timus.ru/status.aspx?space=1&author=408293&count=100&locale=en
408293 page=1 pageSubmissions=14
408293 page=1 submissionsAfterChallengeStart=14
408293 page=1 nextHref=
408293 page=1 next=
408296 page=1 fetchUrl=https://acm.timus.ru/status.aspx?space=1&author=408296&count=100&locale=en
408296 page=1 pageSubmissions=32
408296 page=1 submissionsAfterChallengeStart=32
408296 page=1 nextHref=
408296 page=1 next=
408294 page=1 fetchUrl=https://acm.timus.ru/status.aspx?space=1&author=408294&count=100&locale=en
408294 page=1 pageSubmissions=28
408294 page=1 submissionsAfterChallengeStart=28
408294 page=1 nextHref=
408294 page=1 next=
408298 page=1 fetchUrl=https://acm.timus.ru/status.aspx?space=1&author=408298&count=100&locale=en
408298 page=1 pageSubmissions=20
408298 page=1 submissionsAfterChallengeStart=20
408298 page=1 nextHref=
408298 page=1 next=
408303 page=1 fetchUrl=https://acm.timus.ru/status.aspx?space=1&author=408303&count=100&locale=en
408303 page=1 pageSubmissions=91
408303 page=1 submissionsAfterChallengeStart=91
408303 page=1 nextHref=
408303 page=1 next=
408307 page=1 fetchUrl=https://acm.timus.ru/status.aspx?space=1&author=408307&count=100&locale=en
408307 page=1 pageSubmissions=3
408307 page=1 submissionsAfterChallengeStart=3
408307 page=1 nextHref=
408307 page=1 next=
408311 page=1 fetchUrl=https://acm.timus.ru/status.aspx?space=1&author=408311&count=100&locale=en
408311 page=1 pageSubmissions=5
408311 page=1 submissionsAfterChallengeStart=5
408311 page=1 nextHref=
408311 page=1 next=
408323 page=1 fetchUrl=https://acm.timus.ru/status.aspx?space=1&author=408323&count=100&locale=en
408323 page=1 pageSubmissions=21
408323 page=1 submissionsAfterChallengeStart=21
408323 page=1 nextHref=
408323 page=1 next=
408301 page=1 fetchUrl=https://acm.timus.ru/status.aspx?space=1&author=408301&count=100&locale=en
408301 page=1 pageSubmissions=16
408301 page=1 submissionsAfterChallengeStart=16
408301 page=1 nextHref=
408301 page=1 next=
408326 page=1 fetchUrl=https://acm.timus.ru/status.aspx?space=1&author=408326&count=100&locale=en
408326 page=1 pageSubmissions=12
408326 page=1 submissionsAfterChallengeStart=12
408326 page=1 nextHref=
408326 page=1 next=
# 2026-08-29T03:34:15.813Z
69385 page=1 fetchUrl=https://acm.timus.ru/status.aspx?space=1&author=69385&count=100&locale=en
69385 page=1 pageSubmissions=100
69385 page=1 submissionsAfterChallengeStart=100
69385 page=1 nextHref=status.aspx?space=1&amp;author=69385&amp;from=11241301
69385 page=1 next=/status.aspx?space=1&author=69385&from=11241301
69385 page=2 fetchUrl=https://acm.timus.ru/status.aspx?space=1&author=69385&from=11241301
69385 page=2 pageSubmissions=10
69385 page=2 submissionsAfterChallengeStart=10
69385 page=2 nextHref=status.aspx?space=1&amp;author=69385&amp;from=11240680
69385 page=2 next=/status.aspx?space=1&author=69385&from=11240680
69385 page=3 fetchUrl=https://acm.timus.ru/status.aspx?space=1&author=69385&from=11240680
69385 page=3 pageSubmissions=10
69385 page=3 submissionsAfterChallengeStart=10
69385 page=3 nextHref=status.aspx?space=1&amp;author=69385&amp;from=11240576
69385 page=3 next=/status.aspx?space=1&author=69385&from=11240576
69385 page=4 fetchUrl=https://acm.timus.ru/status.aspx?space=1&author=69385&from=11240576
69385 page=4 pageSubmissions=10
69385 page=4 submissionsAfterChallengeStart=5
69385 page=4 nextHref=status.aspx?space=1&amp;author=69385&amp;from=9460282
69385 page=4 next=
408257 page=1 fetchUrl=https://acm.timus.ru/status.aspx?space=1&author=408257&count=100&locale=en
408257 page=1 pageSubmissions=81
408257 page=1 submissionsAfterChallengeStart=81
408257 page=1 nextHref=
408257 page=1 next=
408279 page=1 fetchUrl=https://acm.timus.ru/status.aspx?space=1&author=408279&count=100&locale=en
408279 page=1 pageSubmissions=1
408279 page=1 submissionsAfterChallengeStart=1
408279 page=1 nextHref=
408279 page=1 next=
408277 page=1 fetchUrl=https://acm.timus.ru/status.aspx?space=1&author=408277&count=100&locale=en
408277 page=1 pageSubmissions=6
408277 page=1 submissionsAfterChallengeStart=6
408277 page=1 nextHref=
408277 page=1 next=
408280 page=1 fetchUrl=https://acm.timus.ru/status.aspx?space=1&author=408280&count=100&locale=en
408280 page=1 pageSubmissions=26
408280 page=1 submissionsAfterChallengeStart=26
408280 page=1 nextHref=
408280 page=1 next=
408281 page=1 fetchUrl=https://acm.timus.ru/status.aspx?space=1&author=408281&count=100&locale=en
408281 page=1 pageSubmissions=0
408281 page=1 submissionsAfterChallengeStart=0
408281 page=1 nextHref=
408281 page=1 next=
408282 page=1 fetchUrl=https://acm.timus.ru/status.aspx?space=1&author=408282&count=100&locale=en
408282 page=1 pageSubmissions=3
408282 page=1 submissionsAfterChallengeStart=3
408282 page=1 nextHref=
408282 page=1 next=
408283 page=1 fetchUrl=https://acm.timus.ru/status.aspx?space=1&author=408283&count=100&locale=en
408283 page=1 pageSubmissions=51
408283 page=1 submissionsAfterChallengeStart=51
408283 page=1 nextHref=
408283 page=1 next=
408292 page=1 fetchUrl=https://acm.timus.ru/status.aspx?space=1&author=408292&count=100&locale=en
408292 page=1 pageSubmissions=55
408292 page=1 submissionsAfterChallengeStart=55
408292 page=1 nextHref=
408292 page=1 next=
408293 page=1 fetchUrl=https://acm.timus.ru/status.aspx?space=1&author=408293&count=100&locale=en
408293 page=1 pageSubmissions=14
408293 page=1 submissionsAfterChallengeStart=14
408293 page=1 nextHref=
408293 page=1 next=
408296 page=1 fetchUrl=https://acm.timus.ru/status.aspx?space=1&author=408296&count=100&locale=en
408296 page=1 pageSubmissions=32
408296 page=1 submissionsAfterChallengeStart=32
408296 page=1 nextHref=
408296 page=1 next=
408294 page=1 fetchUrl=https://acm.timus.ru/status.aspx?space=1&author=408294&count=100&locale=en
408294 page=1 pageSubmissions=28
408294 page=1 submissionsAfterChallengeStart=28
408294 page=1 nextHref=
408294 page=1 next=
408298 page=1 fetchUrl=https://acm.timus.ru/status.aspx?space=1&author=408298&count=100&locale=en
408298 page=1 pageSubmissions=20
408298 page=1 submissionsAfterChallengeStart=20
408298 page=1 nextHref=
408298 page=1 next=
408303 page=1 fetchUrl=https://acm.timus.ru/status.aspx?space=1&author=408303&count=100&locale=en
408303 page=1 pageSubmissions=91
408303 page=1 submissionsAfterChallengeStart=91
408303 page=1 nextHref=
408303 page=1 next=
408307 page=1 fetchUrl=https://acm.timus.ru/status.aspx?space=1&author=408307&count=100&locale=en
408307 page=1 pageSubmissions=3
408307 page=1 submissionsAfterChallengeStart=3
408307 page=1 nextHref=
408307 page=1 next=
408311 page=1 fetchUrl=https://acm.timus.ru/status.aspx?space=1&author=408311&count=100&locale=en
408311 page=1 pageSubmissions=5
408311 page=1 submissionsAfterChallengeStart=5
408311 page=1 nextHref=
408311 page=1 next=
408323 page=1 fetchUrl=https://acm.timus.ru/status.aspx?space=1&author=408323&count=100&locale=en
408323 page=1 pageSubmissions=21
408323 page=1 submissionsAfterChallengeStart=21
408323 page=1 nextHref=
408323 page=1 next=
408301 page=1 fetchUrl=https://acm.timus.ru/status.aspx?space=1&author=408301&count=100&locale=en
408301 page=1 pageSubmissions=16
408301 page=1 submissionsAfterChallengeStart=16
408301 page=1 nextHref=
408301 page=1 next=
408326 page=1 fetchUrl=https://acm.timus.ru/status.aspx?space=1&author=408326&count=100&locale=en
408326 page=1 pageSubmissions=12
408326 page=1 submissionsAfterChallengeStart=12
408326 page=1 nextHref=
408326 page=1 next=
# 2026-08-29T03:39:15.241Z
69385 page=1 fetchUrl=https://acm.timus.ru/status.aspx?space=1&author=69385&count=100&locale=en
69385 page=1 pageSubmissions=100
69385 page=1 submissionsAfterChallengeStart=100
69385 page=1 nextHref=status.aspx?space=1&amp;author=69385&amp;from=11241301
69385 page=1 next=/status.aspx?space=1&author=69385&from=11241301
69385 page=2 fetchUrl=https://acm.timus.ru/status.aspx?space=1&author=69385&from=11241301
69385 page=2 pageSubmissions=10
69385 page=2 submissionsAfterChallengeStart=10
69385 page=2 nextHref=status.aspx?space=1&amp;author=69385&amp;from=11240680
69385 page=2 next=/status.aspx?space=1&author=69385&from=11240680
69385 page=3 fetchUrl=https://acm.timus.ru/status.aspx?space=1&author=69385&from=11240680
69385 page=3 pageSubmissions=10
69385 page=3 submissionsAfterChallengeStart=10
69385 page=3 nextHref=status.aspx?space=1&amp;author=69385&amp;from=11240576
69385 page=3 next=/status.aspx?space=1&author=69385&from=11240576
69385 page=4 fetchUrl=https://acm.timus.ru/status.aspx?space=1&author=69385&from=11240576
69385 page=4 pageSubmissions=10
69385 page=4 submissionsAfterChallengeStart=5
69385 page=4 nextHref=status.aspx?space=1&amp;author=69385&amp;from=9460282
69385 page=4 next=
408257 page=1 fetchUrl=https://acm.timus.ru/status.aspx?space=1&author=408257&count=100&locale=en
408257 page=1 pageSubmissions=81
408257 page=1 submissionsAfterChallengeStart=81
408257 page=1 nextHref=
408257 page=1 next=
408279 page=1 fetchUrl=https://acm.timus.ru/status.aspx?space=1&author=408279&count=100&locale=en
408279 page=1 pageSubmissions=1
408279 page=1 submissionsAfterChallengeStart=1
408279 page=1 nextHref=
408279 page=1 next=
408277 page=1 fetchUrl=https://acm.timus.ru/status.aspx?space=1&author=408277&count=100&locale=en
408277 page=1 pageSubmissions=6
408277 page=1 submissionsAfterChallengeStart=6
408277 page=1 nextHref=
408277 page=1 next=
408280 page=1 fetchUrl=https://acm.timus.ru/status.aspx?space=1&author=408280&count=100&locale=en
408280 page=1 pageSubmissions=26
408280 page=1 submissionsAfterChallengeStart=26
408280 page=1 nextHref=
408280 page=1 next=
408281 page=1 fetchUrl=https://acm.timus.ru/status.aspx?space=1&author=408281&count=100&locale=en
408281 page=1 pageSubmissions=0
408281 page=1 submissionsAfterChallengeStart=0
408281 page=1 nextHref=
408281 page=1 next=
408282 page=1 fetchUrl=https://acm.timus.ru/status.aspx?space=1&author=408282&count=100&locale=en
408282 page=1 pageSubmissions=3
408282 page=1 submissionsAfterChallengeStart=3
408282 page=1 nextHref=
408282 page=1 next=
408283 page=1 fetchUrl=https://acm.timus.ru/status.aspx?space=1&author=408283&count=100&locale=en
408283 page=1 pageSubmissions=51
408283 page=1 submissionsAfterChallengeStart=51
408283 page=1 nextHref=
408283 page=1 next=
408292 page=1 fetchUrl=https://acm.timus.ru/status.aspx?space=1&author=408292&count=100&locale=en
408292 page=1 pageSubmissions=55
408292 page=1 submissionsAfterChallengeStart=55
408292 page=1 nextHref=
408292 page=1 next=
408293 page=1 fetchUrl=https://acm.timus.ru/status.aspx?space=1&author=408293&count=100&locale=en
408293 page=1 pageSubmissions=14
408293 page=1 submissionsAfterChallengeStart=14
408293 page=1 nextHref=
408293 page=1 next=
408296 page=1 fetchUrl=https://acm.timus.ru/status.aspx?space=1&author=408296&count=100&locale=en
408296 page=1 pageSubmissions=32
408296 page=1 submissionsAfterChallengeStart=32
408296 page=1 nextHref=
408296 page=1 next=
408294 page=1 fetchUrl=https://acm.timus.ru/status.aspx?space=1&author=408294&count=100&locale=en
408294 page=1 pageSubmissions=28
408294 page=1 submissionsAfterChallengeStart=28
408294 page=1 nextHref=
408294 page=1 next=
408298 page=1 fetchUrl=https://acm.timus.ru/status.aspx?space=1&author=408298&count=100&locale=en
408298 page=1 pageSubmissions=20
408298 page=1 submissionsAfterChallengeStart=20
408298 page=1 nextHref=
408298 page=1 next=
408303 page=1 fetchUrl=https://acm.timus.ru/status.aspx?space=1&author=408303&count=100&locale=en
408303 page=1 pageSubmissions=91
408303 page=1 submissionsAfterChallengeStart=91
408303 page=1 nextHref=
408303 page=1 next=
408307 page=1 fetchUrl=https://acm.timus.ru/status.aspx?space=1&author=408307&count=100&locale=en
408307 page=1 pageSubmissions=3
408307 page=1 submissionsAfterChallengeStart=3
408307 page=1 nextHref=
408307 page=1 next=
408311 page=1 fetchUrl=https://acm.timus.ru/status.aspx?space=1&author=408311&count=100&locale=en
408311 page=1 pageSubmissions=5
408311 page=1 submissionsAfterChallengeStart=5
408311 page=1 nextHref=
408311 page=1 next=
408323 page=1 fetchUrl=https://acm.timus.ru/status.aspx?space=1&author=408323&count=100&locale=en
408323 page=1 pageSubmissions=21
408323 page=1 submissionsAfterChallengeStart=21
408323 page=1 nextHref=
408323 page=1 next=
408301 page=1 fetchUrl=https://acm.timus.ru/status.aspx?space=1&author=408301&count=100&locale=en
408301 page=1 pageSubmissions=16
408301 page=1 submissionsAfterChallengeStart=16
408301 page=1 nextHref=
408301 page=1 next=
408326 page=1 fetchUrl=https://acm.timus.ru/status.aspx?space=1&author=408326&count=100&locale=en
408326 page=1 pageSubmissions=12
408326 page=1 submissionsAfterChallengeStart=12
408326 page=1 nextHref=
408326 page=1 next=
# 2026-08-29T03:44:15.911Z
69385 page=1 fetchUrl=https://acm.timus.ru/status.aspx?space=1&author=69385&count=100&locale=en
69385 page=1 pageSubmissions=100
69385 page=1 submissionsAfterChallengeStart=100
69385 page=1 nextHref=status.aspx?space=1&amp;author=69385&amp;from=11241301
69385 page=1 next=/status.aspx?space=1&author=69385&from=11241301
69385 page=2 fetchUrl=https://acm.timus.ru/status.aspx?space=1&author=69385&from=11241301
69385 page=2 pageSubmissions=10
69385 page=2 submissionsAfterChallengeStart=10
69385 page=2 nextHref=status.aspx?space=1&amp;author=69385&amp;from=11240680
69385 page=2 next=/status.aspx?space=1&author=69385&from=11240680
69385 page=3 fetchUrl=https://acm.timus.ru/status.aspx?space=1&author=69385&from=11240680
69385 page=3 pageSubmissions=10
69385 page=3 submissionsAfterChallengeStart=10
69385 page=3 nextHref=status.aspx?space=1&amp;author=69385&amp;from=11240576
69385 page=3 next=/status.aspx?space=1&author=69385&from=11240576
69385 page=4 fetchUrl=https://acm.timus.ru/status.aspx?space=1&author=69385&from=11240576
69385 page=4 pageSubmissions=10
69385 page=4 submissionsAfterChallengeStart=5
69385 page=4 nextHref=status.aspx?space=1&amp;author=69385&amp;from=9460282
69385 page=4 next=
408257 page=1 fetchUrl=https://acm.timus.ru/status.aspx?space=1&author=408257&count=100&locale=en
408257 page=1 pageSubmissions=81
408257 page=1 submissionsAfterChallengeStart=81
408257 page=1 nextHref=
408257 page=1 next=
408279 page=1 fetchUrl=https://acm.timus.ru/status.aspx?space=1&author=408279&count=100&locale=en
408279 page=1 pageSubmissions=1
408279 page=1 submissionsAfterChallengeStart=1
408279 page=1 nextHref=
408279 page=1 next=
408277 page=1 fetchUrl=https://acm.timus.ru/status.aspx?space=1&author=408277&count=100&locale=en
408277 page=1 pageSubmissions=6
408277 page=1 submissionsAfterChallengeStart=6
408277 page=1 nextHref=
408277 page=1 next=
408280 page=1 fetchUrl=https://acm.timus.ru/status.aspx?space=1&author=408280&count=100&locale=en
408280 page=1 pageSubmissions=26
408280 page=1 submissionsAfterChallengeStart=26
408280 page=1 nextHref=
408280 page=1 next=
408281 page=1 fetchUrl=https://acm.timus.ru/status.aspx?space=1&author=408281&count=100&locale=en
408281 page=1 pageSubmissions=0
408281 page=1 submissionsAfterChallengeStart=0
408281 page=1 nextHref=
408281 page=1 next=
408282 page=1 fetchUrl=https://acm.timus.ru/status.aspx?space=1&author=408282&count=100&locale=en
408282 page=1 pageSubmissions=3
408282 page=1 submissionsAfterChallengeStart=3
408282 page=1 nextHref=
408282 page=1 next=
408283 page=1 fetchUrl=https://acm.timus.ru/status.aspx?space=1&author=408283&count=100&locale=en
408283 page=1 pageSubmissions=51
408283 page=1 submissionsAfterChallengeStart=51
408283 page=1 nextHref=
408283 page=1 next=
408292 page=1 fetchUrl=https://acm.timus.ru/status.aspx?space=1&author=408292&count=100&locale=en
408292 page=1 pageSubmissions=55
408292 page=1 submissionsAfterChallengeStart=55
408292 page=1 nextHref=
408292 page=1 next=
408293 page=1 fetchUrl=https://acm.timus.ru/status.aspx?space=1&author=408293&count=100&locale=en
408293 page=1 pageSubmissions=14
408293 page=1 submissionsAfterChallengeStart=14
408293 page=1 nextHref=
408293 page=1 next=
408296 page=1 fetchUrl=https://acm.timus.ru/status.aspx?space=1&author=408296&count=100&locale=en
408296 page=1 pageSubmissions=32
408296 page=1 submissionsAfterChallengeStart=32
408296 page=1 nextHref=
408296 page=1 next=
408294 page=1 fetchUrl=https://acm.timus.ru/status.aspx?space=1&author=408294&count=100&locale=en
408294 page=1 pageSubmissions=28
408294 page=1 submissionsAfterChallengeStart=28
408294 page=1 nextHref=
408294 page=1 next=
408298 page=1 fetchUrl=https://acm.timus.ru/status.aspx?space=1&author=408298&count=100&locale=en
408298 page=1 pageSubmissions=20
408298 page=1 submissionsAfterChallengeStart=20
408298 page=1 nextHref=
408298 page=1 next=
408303 page=1 fetchUrl=https://acm.timus.ru/status.aspx?space=1&author=408303&count=100&locale=en
408303 page=1 pageSubmissions=91
408303 page=1 submissionsAfterChallengeStart=91
408303 page=1 nextHref=
408303 page=1 next=
408307 page=1 fetchUrl=https://acm.timus.ru/status.aspx?space=1&author=408307&count=100&locale=en
408307 page=1 pageSubmissions=3
408307 page=1 submissionsAfterChallengeStart=3
408307 page=1 nextHref=
408307 page=1 next=
408311 page=1 fetchUrl=https://acm.timus.ru/status.aspx?space=1&author=408311&count=100&locale=en
408311 page=1 pageSubmissions=5
408311 page=1 submissionsAfterChallengeStart=5
408311 page=1 nextHref=
408311 page=1 next=
408323 page=1 fetchUrl=https://acm.timus.ru/status.aspx?space=1&author=408323&count=100&locale=en
408323 page=1 pageSubmissions=21
408323 page=1 submissionsAfterChallengeStart=21
408323 page=1 nextHref=
408323 page=1 next=
408301 page=1 fetchUrl=https://acm.timus.ru/status.aspx?space=1&author=408301&count=100&locale=en
408301 page=1 pageSubmissions=16
408301 page=1 submissionsAfterChallengeStart=16
408301 page=1 nextHref=
408301 page=1 next=
408326 page=1 fetchUrl=https://acm.timus.ru/status.aspx?space=1&author=408326&count=100&locale=en
408326 page=1 pageSubmissions=12
408326 page=1 submissionsAfterChallengeStart=12
408326 page=1 nextHref=
408326 page=1 next=
# 2026-08-29T03:49:14.762Z
69385 page=1 fetchUrl=https://acm.timus.ru/status.aspx?space=1&author=69385&count=100&locale=en
69385 page=1 pageSubmissions=100
69385 page=1 submissionsAfterChallengeStart=100
69385 page=1 nextHref=status.aspx?space=1&amp;author=69385&amp;from=11241301
69385 page=1 next=/status.aspx?space=1&author=69385&from=11241301
69385 page=2 fetchUrl=https://acm.timus.ru/status.aspx?space=1&author=69385&from=11241301
69385 page=2 pageSubmissions=10
69385 page=2 submissionsAfterChallengeStart=10
69385 page=2 nextHref=status.aspx?space=1&amp;author=69385&amp;from=11240680
69385 page=2 next=/status.aspx?space=1&author=69385&from=11240680
69385 page=3 fetchUrl=https://acm.timus.ru/status.aspx?space=1&author=69385&from=11240680
69385 page=3 pageSubmissions=10
69385 page=3 submissionsAfterChallengeStart=10
69385 page=3 nextHref=status.aspx?space=1&amp;author=69385&amp;from=11240576
69385 page=3 next=/status.aspx?space=1&author=69385&from=11240576
69385 page=4 fetchUrl=https://acm.timus.ru/status.aspx?space=1&author=69385&from=11240576
69385 page=4 pageSubmissions=10
69385 page=4 submissionsAfterChallengeStart=5
69385 page=4 nextHref=status.aspx?space=1&amp;author=69385&amp;from=9460282
69385 page=4 next=
408257 page=1 fetchUrl=https://acm.timus.ru/status.aspx?space=1&author=408257&count=100&locale=en
408257 page=1 pageSubmissions=81
408257 page=1 submissionsAfterChallengeStart=81
408257 page=1 nextHref=
408257 page=1 next=
408279 page=1 fetchUrl=https://acm.timus.ru/status.aspx?space=1&author=408279&count=100&locale=en
408279 page=1 pageSubmissions=1
408279 page=1 submissionsAfterChallengeStart=1
408279 page=1 nextHref=
408279 page=1 next=
408277 page=1 fetchUrl=https://acm.timus.ru/status.aspx?space=1&author=408277&count=100&locale=en
408277 page=1 pageSubmissions=6
408277 page=1 submissionsAfterChallengeStart=6
408277 page=1 nextHref=
408277 page=1 next=
408280 page=1 fetchUrl=https://acm.timus.ru/status.aspx?space=1&author=408280&count=100&locale=en
408280 page=1 pageSubmissions=26
408280 page=1 submissionsAfterChallengeStart=26
408280 page=1 nextHref=
408280 page=1 next=
408281 page=1 fetchUrl=https://acm.timus.ru/status.aspx?space=1&author=408281&count=100&locale=en
408281 page=1 pageSubmissions=0
408281 page=1 submissionsAfterChallengeStart=0
408281 page=1 nextHref=
408281 page=1 next=
408282 page=1 fetchUrl=https://acm.timus.ru/status.aspx?space=1&author=408282&count=100&locale=en
408282 page=1 pageSubmissions=3
408282 page=1 submissionsAfterChallengeStart=3
408282 page=1 nextHref=
408282 page=1 next=
408283 page=1 fetchUrl=https://acm.timus.ru/status.aspx?space=1&author=408283&count=100&locale=en
408283 page=1 pageSubmissions=51
408283 page=1 submissionsAfterChallengeStart=51
408283 page=1 nextHref=
408283 page=1 next=
408292 page=1 fetchUrl=https://acm.timus.ru/status.aspx?space=1&author=408292&count=100&locale=en
408292 page=1 pageSubmissions=55
408292 page=1 submissionsAfterChallengeStart=55
408292 page=1 nextHref=
408292 page=1 next=
408293 page=1 fetchUrl=https://acm.timus.ru/status.aspx?space=1&author=408293&count=100&locale=en
408293 page=1 pageSubmissions=14
408293 page=1 submissionsAfterChallengeStart=14
408293 page=1 nextHref=
408293 page=1 next=
408296 page=1 fetchUrl=https://acm.timus.ru/status.aspx?space=1&author=408296&count=100&locale=en
408296 page=1 pageSubmissions=32
408296 page=1 submissionsAfterChallengeStart=32
408296 page=1 nextHref=
408296 page=1 next=
408294 page=1 fetchUrl=https://acm.timus.ru/status.aspx?space=1&author=408294&count=100&locale=en
408294 page=1 pageSubmissions=28
408294 page=1 submissionsAfterChallengeStart=28
408294 page=1 nextHref=
408294 page=1 next=
408298 page=1 fetchUrl=https://acm.timus.ru/status.aspx?space=1&author=408298&count=100&locale=en
408298 page=1 pageSubmissions=20
408298 page=1 submissionsAfterChallengeStart=20
408298 page=1 nextHref=
408298 page=1 next=
408303 page=1 fetchUrl=https://acm.timus.ru/status.aspx?space=1&author=408303&count=100&locale=en
408303 page=1 pageSubmissions=91
408303 page=1 submissionsAfterChallengeStart=91
408303 page=1 nextHref=
408303 page=1 next=
408307 page=1 fetchUrl=https://acm.timus.ru/status.aspx?space=1&author=408307&count=100&locale=en
408307 page=1 pageSubmissions=3
408307 page=1 submissionsAfterChallengeStart=3
408307 page=1 nextHref=
408307 page=1 next=
408311 page=1 fetchUrl=https://acm.timus.ru/status.aspx?space=1&author=408311&count=100&locale=en
408311 page=1 pageSubmissions=5
408311 page=1 submissionsAfterChallengeStart=5
408311 page=1 nextHref=
408311 page=1 next=
408323 page=1 fetchUrl=https://acm.timus.ru/status.aspx?space=1&author=408323&count=100&locale=en
408323 page=1 pageSubmissions=21
408323 page=1 submissionsAfterChallengeStart=21
408323 page=1 nextHref=
408323 page=1 next=
408301 page=1 fetchUrl=https://acm.timus.ru/status.aspx?space=1&author=408301&count=100&locale=en
408301 page=1 pageSubmissions=16
408301 page=1 submissionsAfterChallengeStart=16
408301 page=1 nextHref=
408301 page=1 next=
408326 page=1 fetchUrl=https://acm.timus.ru/status.aspx?space=1&author=408326&count=100&locale=en
408326 page=1 pageSubmissions=12
408326 page=1 submissionsAfterChallengeStart=12
408326 page=1 nextHref=
408326 page=1 next=
# 2026-08-29T03:51:54.179Z
69385 page=1 fetchUrl=https://acm.timus.ru/status.aspx?space=1&author=69385&count=100&locale=en
69385 page=1 pageSubmissions=100
69385 page=1 submissionsAfterChallengeStart=100
69385 page=1 nextHref=status.aspx?space=1&amp;author=69385&amp;from=11241301
69385 page=1 next=/status.aspx?space=1&author=69385&from=11241301
69385 page=2 fetchUrl=https://acm.timus.ru/status.aspx?space=1&author=69385&from=11241301
69385 page=2 pageSubmissions=10
69385 page=2 submissionsAfterChallengeStart=10
69385 page=2 nextHref=status.aspx?space=1&amp;author=69385&amp;from=11240680
69385 page=2 next=/status.aspx?space=1&author=69385&from=11240680
69385 page=3 fetchUrl=https://acm.timus.ru/status.aspx?space=1&author=69385&from=11240680
69385 page=3 pageSubmissions=10
69385 page=3 submissionsAfterChallengeStart=10
69385 page=3 nextHref=status.aspx?space=1&amp;author=69385&amp;from=11240576
69385 page=3 next=/status.aspx?space=1&author=69385&from=11240576
69385 page=4 fetchUrl=https://acm.timus.ru/status.aspx?space=1&author=69385&from=11240576
69385 page=4 pageSubmissions=10
69385 page=4 submissionsAfterChallengeStart=5
69385 page=4 nextHref=status.aspx?space=1&amp;author=69385&amp;from=9460282
69385 page=4 next=
408257 page=1 fetchUrl=https://acm.timus.ru/status.aspx?space=1&author=408257&count=100&locale=en
408257 page=1 pageSubmissions=81
408257 page=1 submissionsAfterChallengeStart=81
408257 page=1 nextHref=
408257 page=1 next=
408279 page=1 fetchUrl=https://acm.timus.ru/status.aspx?space=1&author=408279&count=100&locale=en
408279 page=1 pageSubmissions=1
408279 page=1 submissionsAfterChallengeStart=1
408279 page=1 nextHref=
408279 page=1 next=
408277 page=1 fetchUrl=https://acm.timus.ru/status.aspx?space=1&author=408277&count=100&locale=en
408277 page=1 pageSubmissions=6
408277 page=1 submissionsAfterChallengeStart=6
408277 page=1 nextHref=
408277 page=1 next=
408280 page=1 fetchUrl=https://acm.timus.ru/status.aspx?space=1&author=408280&count=100&locale=en
408280 page=1 pageSubmissions=26
408280 page=1 submissionsAfterChallengeStart=26
408280 page=1 nextHref=
408280 page=1 next=
408281 page=1 fetchUrl=https://acm.timus.ru/status.aspx?space=1&author=408281&count=100&locale=en
408281 page=1 pageSubmissions=0
408281 page=1 submissionsAfterChallengeStart=0
408281 page=1 nextHref=
408281 page=1 next=
408282 page=1 fetchUrl=https://acm.timus.ru/status.aspx?space=1&author=408282&count=100&locale=en
408282 page=1 pageSubmissions=3
408282 page=1 submissionsAfterChallengeStart=3
408282 page=1 nextHref=
408282 page=1 next=
408283 page=1 fetchUrl=https://acm.timus.ru/status.aspx?space=1&author=408283&count=100&locale=en
408283 page=1 pageSubmissions=51
408283 page=1 submissionsAfterChallengeStart=51
408283 page=1 nextHref=
408283 page=1 next=
408292 page=1 fetchUrl=https://acm.timus.ru/status.aspx?space=1&author=408292&count=100&locale=en
408292 page=1 pageSubmissions=55
408292 page=1 submissionsAfterChallengeStart=55
408292 page=1 nextHref=
408292 page=1 next=
408293 page=1 fetchUrl=https://acm.timus.ru/status.aspx?space=1&author=408293&count=100&locale=en
408293 page=1 pageSubmissions=14
408293 page=1 submissionsAfterChallengeStart=14
408293 page=1 nextHref=
408293 page=1 next=
408296 page=1 fetchUrl=https://acm.timus.ru/status.aspx?space=1&author=408296&count=100&locale=en
408296 page=1 pageSubmissions=32
408296 page=1 submissionsAfterChallengeStart=32
408296 page=1 nextHref=
408296 page=1 next=
408294 page=1 fetchUrl=https://acm.timus.ru/status.aspx?space=1&author=408294&count=100&locale=en
408294 page=1 pageSubmissions=28
408294 page=1 submissionsAfterChallengeStart=28
408294 page=1 nextHref=
408294 page=1 next=
408298 page=1 fetchUrl=https://acm.timus.ru/status.aspx?space=1&author=408298&count=100&locale=en
408298 page=1 pageSubmissions=20
408298 page=1 submissionsAfterChallengeStart=20
408298 page=1 nextHref=
408298 page=1 next=
408303 page=1 fetchUrl=https://acm.timus.ru/status.aspx?space=1&author=408303&count=100&locale=en
408303 page=1 pageSubmissions=91
408303 page=1 submissionsAfterChallengeStart=91
408303 page=1 nextHref=
408303 page=1 next=
408307 page=1 fetchUrl=https://acm.timus.ru/status.aspx?space=1&author=408307&count=100&locale=en
408307 page=1 pageSubmissions=3
408307 page=1 submissionsAfterChallengeStart=3
408307 page=1 nextHref=
408307 page=1 next=
408311 page=1 fetchUrl=https://acm.timus.ru/status.aspx?space=1&author=408311&count=100&locale=en
408311 page=1 pageSubmissions=5
408311 page=1 submissionsAfterChallengeStart=5
408311 page=1 nextHref=
408311 page=1 next=
408323 page=1 fetchUrl=https://acm.timus.ru/status.aspx?space=1&author=408323&count=100&locale=en
408323 page=1 pageSubmissions=21
408323 page=1 submissionsAfterChallengeStart=21
408323 page=1 nextHref=
408323 page=1 next=
408301 page=1 fetchUrl=https://acm.timus.ru/status.aspx?space=1&author=408301&count=100&locale=en
408301 page=1 pageSubmissions=16
408301 page=1 submissionsAfterChallengeStart=16
408301 page=1 nextHref=
408301 page=1 next=
408326 page=1 fetchUrl=https://acm.timus.ru/status.aspx?space=1&author=408326&count=100&locale=en
408326 page=1 pageSubmissions=12
408326 page=1 submissionsAfterChallengeStart=12
408326 page=1 nextHref=
408326 page=1 next=
# 2026-08-29T03:54:17.833Z
69385 page=1 fetchUrl=https://acm.timus.ru/status.aspx?space=1&author=69385&count=100&locale=en
69385 page=1 pageSubmissions=100
69385 page=1 submissionsAfterChallengeStart=100
69385 page=1 nextHref=status.aspx?space=1&amp;author=69385&amp;from=11241301
69385 page=1 next=/status.aspx?space=1&author=69385&from=11241301
69385 page=2 fetchUrl=https://acm.timus.ru/status.aspx?space=1&author=69385&from=11241301
69385 page=2 pageSubmissions=10
69385 page=2 submissionsAfterChallengeStart=10
69385 page=2 nextHref=status.aspx?space=1&amp;author=69385&amp;from=11240680
69385 page=2 next=/status.aspx?space=1&author=69385&from=11240680
69385 page=3 fetchUrl=https://acm.timus.ru/status.aspx?space=1&author=69385&from=11240680
69385 page=3 pageSubmissions=10
69385 page=3 submissionsAfterChallengeStart=10
69385 page=3 nextHref=status.aspx?space=1&amp;author=69385&amp;from=11240576
69385 page=3 next=/status.aspx?space=1&author=69385&from=11240576
69385 page=4 fetchUrl=https://acm.timus.ru/status.aspx?space=1&author=69385&from=11240576
69385 page=4 pageSubmissions=10
69385 page=4 submissionsAfterChallengeStart=5
69385 page=4 nextHref=status.aspx?space=1&amp;author=69385&amp;from=9460282
69385 page=4 next=
408257 page=1 fetchUrl=https://acm.timus.ru/status.aspx?space=1&author=408257&count=100&locale=en
408257 page=1 pageSubmissions=81
408257 page=1 submissionsAfterChallengeStart=81
408257 page=1 nextHref=
408257 page=1 next=
408279 page=1 fetchUrl=https://acm.timus.ru/status.aspx?space=1&author=408279&count=100&locale=en
408279 page=1 pageSubmissions=1
408279 page=1 submissionsAfterChallengeStart=1
408279 page=1 nextHref=
408279 page=1 next=
408277 page=1 fetchUrl=https://acm.timus.ru/status.aspx?space=1&author=408277&count=100&locale=en
408277 page=1 pageSubmissions=6
408277 page=1 submissionsAfterChallengeStart=6
408277 page=1 nextHref=
408277 page=1 next=
408280 page=1 fetchUrl=https://acm.timus.ru/status.aspx?space=1&author=408280&count=100&locale=en
408280 page=1 pageSubmissions=26
408280 page=1 submissionsAfterChallengeStart=26
408280 page=1 nextHref=
408280 page=1 next=
408281 page=1 fetchUrl=https://acm.timus.ru/status.aspx?space=1&author=408281&count=100&locale=en
408281 page=1 pageSubmissions=0
408281 page=1 submissionsAfterChallengeStart=0
408281 page=1 nextHref=
408281 page=1 next=
408282 page=1 fetchUrl=https://acm.timus.ru/status.aspx?space=1&author=408282&count=100&locale=en
408282 page=1 pageSubmissions=3
408282 page=1 submissionsAfterChallengeStart=3
408282 page=1 nextHref=
408282 page=1 next=
408283 page=1 fetchUrl=https://acm.timus.ru/status.aspx?space=1&author=408283&count=100&locale=en
408283 page=1 pageSubmissions=51
408283 page=1 submissionsAfterChallengeStart=51
408283 page=1 nextHref=
408283 page=1 next=
408292 page=1 fetchUrl=https://acm.timus.ru/status.aspx?space=1&author=408292&count=100&locale=en
408292 page=1 pageSubmissions=55
408292 page=1 submissionsAfterChallengeStart=55
408292 page=1 nextHref=
408292 page=1 next=
408293 page=1 fetchUrl=https://acm.timus.ru/status.aspx?space=1&author=408293&count=100&locale=en
408293 page=1 pageSubmissions=14
408293 page=1 submissionsAfterChallengeStart=14
408293 page=1 nextHref=
408293 page=1 next=
408296 page=1 fetchUrl=https://acm.timus.ru/status.aspx?space=1&author=408296&count=100&locale=en
408296 page=1 pageSubmissions=32
408296 page=1 submissionsAfterChallengeStart=32
408296 page=1 nextHref=
408296 page=1 next=
408294 page=1 fetchUrl=https://acm.timus.ru/status.aspx?space=1&author=408294&count=100&locale=en
408294 page=1 pageSubmissions=28
408294 page=1 submissionsAfterChallengeStart=28
408294 page=1 nextHref=
408294 page=1 next=
408298 page=1 fetchUrl=https://acm.timus.ru/status.aspx?space=1&author=408298&count=100&locale=en
408298 page=1 pageSubmissions=20
408298 page=1 submissionsAfterChallengeStart=20
408298 page=1 nextHref=
408298 page=1 next=
408303 page=1 fetchUrl=https://acm.timus.ru/status.aspx?space=1&author=408303&count=100&locale=en
408303 page=1 pageSubmissions=91
408303 page=1 submissionsAfterChallengeStart=91
408303 page=1 nextHref=
408303 page=1 next=
408307 page=1 fetchUrl=https://acm.timus.ru/status.aspx?space=1&author=408307&count=100&locale=en
408307 page=1 pageSubmissions=3
408307 page=1 submissionsAfterChallengeStart=3
408307 page=1 nextHref=
408307 page=1 next=
408311 page=1 fetchUrl=https://acm.timus.ru/status.aspx?space=1&author=408311&count=100&locale=en
408311 page=1 pageSubmissions=5
408311 page=1 submissionsAfterChallengeStart=5
408311 page=1 nextHref=
408311 page=1 next=
408323 page=1 fetchUrl=https://acm.timus.ru/status.aspx?space=1&author=408323&count=100&locale=en
408323 page=1 pageSubmissions=21
408323 page=1 submissionsAfterChallengeStart=21
408323 page=1 nextHref=
408323 page=1 next=
408301 page=1 fetchUrl=https://acm.timus.ru/status.aspx?space=1&author=408301&count=100&locale=en
408301 page=1 pageSubmissions=16
408301 page=1 submissionsAfterChallengeStart=16
408301 page=1 nextHref=
408301 page=1 next=
408326 page=1 fetchUrl=https://acm.timus.ru/status.aspx?space=1&author=408326&count=100&locale=en
408326 page=1 pageSubmissions=12
408326 page=1 submissionsAfterChallengeStart=12
408326 page=1 nextHref=
408326 page=1 next=
# 2026-08-29T03:59:14.499Z
69385 page=1 fetchUrl=https://acm.timus.ru/status.aspx?space=1&author=69385&count=100&locale=en
69385 page=1 pageSubmissions=100
69385 page=1 submissionsAfterChallengeStart=100
69385 page=1 nextHref=status.aspx?space=1&amp;author=69385&amp;from=11241301
69385 page=1 next=/status.aspx?space=1&author=69385&from=11241301
69385 page=2 fetchUrl=https://acm.timus.ru/status.aspx?space=1&author=69385&from=11241301
69385 page=2 pageSubmissions=10
69385 page=2 submissionsAfterChallengeStart=10
69385 page=2 nextHref=status.aspx?space=1&amp;author=69385&amp;from=11240680
69385 page=2 next=/status.aspx?space=1&author=69385&from=11240680
69385 page=3 fetchUrl=https://acm.timus.ru/status.aspx?space=1&author=69385&from=11240680
69385 page=3 pageSubmissions=10
69385 page=3 submissionsAfterChallengeStart=10
69385 page=3 nextHref=status.aspx?space=1&amp;author=69385&amp;from=11240576
69385 page=3 next=/status.aspx?space=1&author=69385&from=11240576
69385 page=4 fetchUrl=https://acm.timus.ru/status.aspx?space=1&author=69385&from=11240576
69385 page=4 pageSubmissions=10
69385 page=4 submissionsAfterChallengeStart=5
69385 page=4 nextHref=status.aspx?space=1&amp;author=69385&amp;from=9460282
69385 page=4 next=
408257 page=1 fetchUrl=https://acm.timus.ru/status.aspx?space=1&author=408257&count=100&locale=en
408257 page=1 pageSubmissions=81
408257 page=1 submissionsAfterChallengeStart=81
408257 page=1 nextHref=
408257 page=1 next=
408279 page=1 fetchUrl=https://acm.timus.ru/status.aspx?space=1&author=408279&count=100&locale=en
408279 page=1 pageSubmissions=1
408279 page=1 submissionsAfterChallengeStart=1
408279 page=1 nextHref=
408279 page=1 next=
408277 page=1 fetchUrl=https://acm.timus.ru/status.aspx?space=1&author=408277&count=100&locale=en
408277 page=1 pageSubmissions=6
408277 page=1 submissionsAfterChallengeStart=6
408277 page=1 nextHref=
408277 page=1 next=
408280 page=1 fetchUrl=https://acm.timus.ru/status.aspx?space=1&author=408280&count=100&locale=en
408280 page=1 pageSubmissions=26
408280 page=1 submissionsAfterChallengeStart=26
408280 page=1 nextHref=
408280 page=1 next=
408281 page=1 fetchUrl=https://acm.timus.ru/status.aspx?space=1&author=408281&count=100&locale=en
408281 page=1 pageSubmissions=0
408281 page=1 submissionsAfterChallengeStart=0
408281 page=1 nextHref=
408281 page=1 next=
408282 page=1 fetchUrl=https://acm.timus.ru/status.aspx?space=1&author=408282&count=100&locale=en
408282 page=1 pageSubmissions=3
408282 page=1 submissionsAfterChallengeStart=3
408282 page=1 nextHref=
408282 page=1 next=
408283 page=1 fetchUrl=https://acm.timus.ru/status.aspx?space=1&author=408283&count=100&locale=en
408283 page=1 pageSubmissions=51
408283 page=1 submissionsAfterChallengeStart=51
408283 page=1 nextHref=
408283 page=1 next=
408292 page=1 fetchUrl=https://acm.timus.ru/status.aspx?space=1&author=408292&count=100&locale=en
408292 page=1 pageSubmissions=55
408292 page=1 submissionsAfterChallengeStart=55
408292 page=1 nextHref=
408292 page=1 next=
408293 page=1 fetchUrl=https://acm.timus.ru/status.aspx?space=1&author=408293&count=100&locale=en
408293 page=1 pageSubmissions=14
408293 page=1 submissionsAfterChallengeStart=14
408293 page=1 nextHref=
408293 page=1 next=
408296 page=1 fetchUrl=https://acm.timus.ru/status.aspx?space=1&author=408296&count=100&locale=en
408296 page=1 pageSubmissions=32
408296 page=1 submissionsAfterChallengeStart=32
408296 page=1 nextHref=
408296 page=1 next=
408294 page=1 fetchUrl=https://acm.timus.ru/status.aspx?space=1&author=408294&count=100&locale=en
408294 page=1 pageSubmissions=28
408294 page=1 submissionsAfterChallengeStart=28
408294 page=1 nextHref=
408294 page=1 next=
408298 page=1 fetchUrl=https://acm.timus.ru/status.aspx?space=1&author=408298&count=100&locale=en
408298 page=1 pageSubmissions=20
408298 page=1 submissionsAfterChallengeStart=20
408298 page=1 nextHref=
408298 page=1 next=
408303 page=1 fetchUrl=https://acm.timus.ru/status.aspx?space=1&author=408303&count=100&locale=en
408303 page=1 pageSubmissions=91
408303 page=1 submissionsAfterChallengeStart=91
408303 page=1 nextHref=
408303 page=1 next=
408307 page=1 fetchUrl=https://acm.timus.ru/status.aspx?space=1&author=408307&count=100&locale=en
408307 page=1 pageSubmissions=3
408307 page=1 submissionsAfterChallengeStart=3
408307 page=1 nextHref=
408307 page=1 next=
408311 page=1 fetchUrl=https://acm.timus.ru/status.aspx?space=1&author=408311&count=100&locale=en
408311 page=1 pageSubmissions=5
408311 page=1 submissionsAfterChallengeStart=5
408311 page=1 nextHref=
408311 page=1 next=
408323 page=1 fetchUrl=https://acm.timus.ru/status.aspx?space=1&author=408323&count=100&locale=en
408323 page=1 pageSubmissions=21
408323 page=1 submissionsAfterChallengeStart=21
408323 page=1 nextHref=
408323 page=1 next=
408301 page=1 fetchUrl=https://acm.timus.ru/status.aspx?space=1&author=408301&count=100&locale=en
408301 page=1 pageSubmissions=16
408301 page=1 submissionsAfterChallengeStart=16
408301 page=1 nextHref=
408301 page=1 next=
408326 page=1 fetchUrl=https://acm.timus.ru/status.aspx?space=1&author=408326&count=100&locale=en
408326 page=1 pageSubmissions=12
408326 page=1 submissionsAfterChallengeStart=12
408326 page=1 nextHref=
408326 page=1 next=
